model_key,model,provider,task_id,app_name,screen_name,candidate_count,candidate_ids,group,minimum_model_calls,maximum_model_calls,input_package,input_resource_sha256,initial_prompt_sha256,output_path
deepseek_v4_pro,deepseek-v4-pro,deepseek,Prav--actionview_search--c4f4fbe0,Prav,actionview_search,1,src-a930b758db8b23d1d866,raw_baseline,1,1,experiments/android_xml_v2_rag/test_v2_1/matrix/frozen_inputs/Prav--actionview_search--c4f4fbe0,24da4775a8ef6d6a8440c19819133edac02f38c55bf89435439712e8fbeded21,f3d957328e7a884a4c68604371ee0727386862182ab81ac69534f5dc273e094a,experiments/android_xml_v2_formal/multimodel_v2_3_40app/runs/deepseek_v4_pro/Prav--actionview_search--c4f4fbe0/raw_baseline
deepseek_v4_pro,deepseek-v4-pro,deepseek,Prav--actionview_search--c4f4fbe0,Prav,actionview_search,1,src-a930b758db8b23d1d866,full_enhanced,1,9,experiments/android_xml_v2_rag/test_v2_1/matrix/frozen_inputs/Prav--actionview_search--c4f4fbe0,24da4775a8ef6d6a8440c19819133edac02f38c55bf89435439712e8fbeded21,005b593e6e11a2010e94168bc5f95e02cdbc4c9e911a038d196d5380eb5c5f2a,experiments/android_xml_v2_formal/multimodel_v2_3_40app/runs/deepseek_v4_pro/Prav--actionview_search--c4f4fbe0/full_enhanced
deepseek_v4_pro,deepseek-v4-pro,deepseek,Prav--dialog_quickedit--585924ff,Prav,dialog_quickedit,1,src-abd32317fd9b602b362d,raw_baseline,1,1,experiments/android_xml_v2_rag/test_v2_1/matrix/frozen_inputs/Prav--dialog_quickedit--585924ff,6a7272f2a539f96e43a3520b9d68c498bfb304a1700e6a78ab28c46b4a23ce4b,ad052468bfdcb1cf676a4a3310f6fe32a54237240255d33d4e211406acdd7e16,experiments/android_xml_v2_formal/multimodel_v2_3_40app/runs/deepseek_v4_pro/Prav--dialog_quickedit--585924ff/raw_baseline
deepseek_v4_pro,deepseek-v4-pro,deepseek,Prav--dialog_quickedit--585924ff,Prav,dialog_quickedit,1,src-abd32317fd9b602b362d,full_enhanced,1,9,experiments/android_xml_v2_rag/test_v2_1/matrix/frozen_inputs/Prav--dialog_quickedit--585924ff,6a7272f2a539f96e43a3520b9d68c498bfb304a1700e6a78ab28c46b4a23ce4b,47f987065731a7f907e9a41ddd03bfbaa7edd3f686f9c9fadf86130abdb444bd,experiments/android_xml_v2_formal/multimodel_v2_3_40app/runs/deepseek_v4_pro/Prav--dialog_quickedit--585924ff/full_enhanced
deepseek_v4_pro,deepseek-v4-pro,deepseek,Prav--item_account--91f3f68c,Prav,item_account,1,src-43583afaca5d9b10eecd,raw_baseline,1,1,experiments/android_xml_v2_rag/test_v2_1/matrix/frozen_inputs/Prav--item_account--91f3f68c,53bd2562f4d329454b5b1a82c60e2a4a4195c455d697844d995ec894c6750f05,a987843dafade1c288d8aee9d1f1c9c7a48f1d2023d23c6b02db12b54b1db36b,experiments/android_xml_v2_formal/multimodel_v2_3_40app/runs/deepseek_v4_pro/Prav--item_account--91f3f68c/raw_baseline
deepseek_v4_pro,deepseek-v4-pro,deepseek,Prav--item_account--91f3f68c,Prav,item_account,1,src-43583afaca5d9b10eecd,full_enhanced,1,9,experiments/android_xml_v2_rag/test_v2_1/matrix/frozen_inputs/Prav--item_account--91f3f68c,53bd2562f4d329454b5b1a82c60e2a4a4195c455d697844d995ec894c6750f05,a3f305324944feb6a7d609b72c67a23637048dee547b57607055501c46b18e0c,experiments/android_xml_v2_formal/multimodel_v2_3_40app/runs/deepseek_v4_pro/Prav--item_account--91f3f68c/full_enhanced
deepseek_v4_pro,deepseek-v4-pro,deepseek,Prav--item_device_fingerprint--c2a4f706,Prav,item_device_fingerprint,1,src-248a2284bfbcf701d37c,full_enhanced,1,9,experiments/android_xml_v2_rag/test_v2_1/matrix/frozen_inputs/Prav--item_device_fingerprint--c2a4f706,c85f363f34c57571f5da5c80e0d6bdc95d57614c4753b78baa8a2ec2ae06300c,6295e92a44c03f443d7174cc77ec6f4852a3c85481392ea3104dc0ed5506101b,experiments/android_xml_v2_formal/multimodel_v2_3_40app/runs/deepseek_v4_pro/Prav--item_device_fingerprint--c2a4f706/full_enhanced
deepseek_v4_pro,deepseek-v4-pro,deepseek,Prav--item_device_fingerprint--c2a4f706,Prav,item_device_fingerprint,1,src-248a2284bfbcf701d37c,raw_baseline,1,1,experiments/android_xml_v2_rag/test_v2_1/matrix/frozen_inputs/Prav--item_device_fingerprint--c2a4f706,c85f363f34c57571f5da5c80e0d6bdc95d57614c4753b78baa8a2ec2ae06300c,22e81ef3f23934bc5631b7b725c44700026986ad3aec3aa23bde26b128db1ab7,experiments/android_xml_v2_formal/multimodel_v2_3_40app/runs/deepseek_v4_pro/Prav--item_device_fingerprint--c2a4f706/raw_baseline
deepseek_v4_pro,deepseek-v4-pro,deepseek,Prav--activity_enter_number--9be435a5,Prav,activity_enter_number,1,src-34b679a204750456af75,full_enhanced,1,9,experiments/android_xml_v2_rag/test_v2_1/matrix/frozen_inputs/Prav--activity_enter_number--9be435a5,40c3ebc660c8a117c2ed11f8f05531d8e44a2b4ff71697424bb2aeee391f604b,111b4f725f90642ca220d6ee40a7bdb6c6cb3f6fa6c0b28408ee4b9db731a0b0,experiments/android_xml_v2_formal/multimodel_v2_3_40app/runs/deepseek_v4_pro/Prav--activity_enter_number--9be435a5/full_enhanced
deepseek_v4_pro,deepseek-v4-pro,deepseek,Prav--activity_enter_number--9be435a5,Prav,activity_enter_number,1,src-34b679a204750456af75,raw_baseline,1,1,experiments/android_xml_v2_rag/test_v2_1/matrix/frozen_inputs/Prav--activity_enter_number--9be435a5,40c3ebc660c8a117c2ed11f8f05531d8e44a2b4ff71697424bb2aeee391f604b,978bfb87e8bd8385b05bf304bb287539c876742b50f9942b23019659a54a0403,experiments/android_xml_v2_formal/multimodel_v2_3_40app/runs/deepseek_v4_pro/Prav--activity_enter_number--9be435a5/raw_baseline
deepseek_v4_pro,deepseek-v4-pro,deepseek,MoneyWallet--dialog_recurrence_setting_picker--af878423,MoneyWallet,dialog_recurrence_setting_picker,3,src-32b6c07c9bc47145c7c9;src-36c68a8280e18d6fc2c2;src-769ea8922935c71fb529,raw_baseline,1,1,experiments/android_xml_v2_rag/test_v2_1/matrix/frozen_inputs/MoneyWallet--dialog_recurrence_setting_picker--af878423,31ca534bcefbdd53a12fbf0f8b27826db629d5c11f34cb675a8b90c3e448a8bf,35d92ec841f677fdc1f8742cbae7d11342851c8b3265c609b77e0a4b66ec788e,experiments/android_xml_v2_formal/multimodel_v2_3_40app/runs/deepseek_v4_pro/MoneyWallet--dialog_recurrence_setting_picker--af878423/raw_baseline
deepseek_v4_pro,deepseek-v4-pro,deepseek,MoneyWallet--dialog_recurrence_setting_picker--af878423,MoneyWallet,dialog_recurrence_setting_picker,3,src-32b6c07c9bc47145c7c9;src-36c68a8280e18d6fc2c2;src-769ea8922935c71fb529,full_enhanced,1,9,experiments/android_xml_v2_rag/test_v2_1/matrix/frozen_inputs/MoneyWallet--dialog_recurrence_setting_picker--af878423,31ca534bcefbdd53a12fbf0f8b27826db629d5c11f34cb675a8b90c3e448a8bf,dfd1f70855b8f3856b5804c3b60497642216169cbbea5cd11bba43894e7caebf,experiments/android_xml_v2_formal/multimodel_v2_3_40app/runs/deepseek_v4_pro/MoneyWallet--dialog_recurrence_setting_picker--af878423/full_enhanced
deepseek_v4_pro,deepseek-v4-pro,deepseek,Clock--desk_clock--df970726,Clock,desk_clock,1,src-b4c0503349e542bb863f,full_enhanced,1,9,experiments/android_xml_v2_rag/test_v2_1/matrix/frozen_inputs/Clock--desk_clock--df970726,09baa90093cc520af874414d170385fe07f0104baf0f077aad3a4034dec5ee4c,9b3f10123f064e3e6f0055e068fb5440f555b3993f14d0fbcba97364b043bdac,experiments/android_xml_v2_formal/multimodel_v2_3_40app/runs/deepseek_v4_pro/Clock--desk_clock--df970726/full_enhanced
deepseek_v4_pro,deepseek-v4-pro,deepseek,Clock--desk_clock--df970726,Clock,desk_clock,1,src-b4c0503349e542bb863f,raw_baseline,1,1,experiments/android_xml_v2_rag/test_v2_1/matrix/frozen_inputs/Clock--desk_clock--df970726,09baa90093cc520af874414d170385fe07f0104baf0f077aad3a4034dec5ee4c,1cb723ef521d94bd3009fbb7510d522b73e38b0109b77fbba3c8a107e2bdca18,experiments/android_xml_v2_formal/multimodel_v2_3_40app/runs/deepseek_v4_pro/Clock--desk_clock--df970726/raw_baseline
deepseek_v4_pro,deepseek-v4-pro,deepseek,Clock--ringtone_add_button--f909f73c,Clock,ringtone_add_button,1,src-133c4a52a261becfeba6,raw_baseline,1,1,experiments/android_xml_v2_rag/test_v2_1/matrix/frozen_inputs/Clock--ringtone_add_button--f909f73c,4f0b355fdd90bcc7ae35628ebfced09322e93579d687430a003ccdb19d1b5463,83d21b2433a7e2dc43b15a4de88b6f2439864237d35878b30afd1344707bcc17,experiments/android_xml_v2_formal/multimodel_v2_3_40app/runs/deepseek_v4_pro/Clock--ringtone_add_button--f909f73c/raw_baseline
deepseek_v4_pro,deepseek-v4-pro,deepseek,Clock--ringtone_add_button--f909f73c,Clock,ringtone_add_button,1,src-133c4a52a261becfeba6,full_enhanced,1,9,experiments/android_xml_v2_rag/test_v2_1/matrix/frozen_inputs/Clock--ringtone_add_button--f909f73c,4f0b355fdd90bcc7ae35628ebfced09322e93579d687430a003ccdb19d1b5463,2700abb2bed3e5201bd378057fcb966dd628a12d6df4760aa00df1e5512ccfdc,experiments/android_xml_v2_formal/multimodel_v2_3_40app/runs/deepseek_v4_pro/Clock--ringtone_add_button--f909f73c/full_enhanced
deepseek_v4_pro,deepseek-v4-pro,deepseek,Infomaniak-Mail--fragment_ai_prompt--d0d44de2,Infomaniak Mail,fragment_ai_prompt,2,src-7d867e731de1255ddb58;src-971edf2ff00b7357431a,full_enhanced,1,9,experiments/android_xml_v2_rag/test_v2_1/matrix/frozen_inputs/Infomaniak-Mail--fragment_ai_prompt--d0d44de2,6032830be38611ab1a807e7bc672e0161f6a4725a99c97ec6589318f55e1743c,7ecedf93d284390879e72d9837a8311a29b8a5cc9bdb2405515185847369d89d,experiments/android_xml_v2_formal/multimodel_v2_3_40app/runs/deepseek_v4_pro/Infomaniak-Mail--fragment_ai_prompt--d0d44de2/full_enhanced
deepseek_v4_pro,deepseek-v4-pro,deepseek,Infomaniak-Mail--fragment_ai_prompt--d0d44de2,Infomaniak Mail,fragment_ai_prompt,2,src-7d867e731de1255ddb58;src-971edf2ff00b7357431a,raw_baseline,1,1,experiments/android_xml_v2_rag/test_v2_1/matrix/frozen_inputs/Infomaniak-Mail--fragment_ai_prompt--d0d44de2,6032830be38611ab1a807e7bc672e0161f6a4725a99c97ec6589318f55e1743c,78625a31f4b13eca75ec45375dc16476a1dc75a6e447b9809d938e0e963979c9,experiments/android_xml_v2_formal/multimodel_v2_3_40app/runs/deepseek_v4_pro/Infomaniak-Mail--fragment_ai_prompt--d0d44de2/raw_baseline
deepseek_v4_pro,deepseek-v4-pro,deepseek,Infomaniak-Mail--fragment_encryption_password--a69f0e12,Infomaniak Mail,fragment_encryption_password,1,src-424aca9b7bf3aae66658,full_enhanced,1,9,experiments/android_xml_v2_rag/test_v2_1/matrix/frozen_inputs/Infomaniak-Mail--fragment_encryption_password--a69f0e12,119bffbc77804fefd4f0a2fc8856eb59ccb8340d81b8eb4cb43b97f1b39b11e0,e2bd1b1637fc54d290b20f63998d2db5f4881b11152fd1517219358b99af8236,experiments/android_xml_v2_formal/multimodel_v2_3_40app/runs/deepseek_v4_pro/Infomaniak-Mail--fragment_encryption_password--a69f0e12/full_enhanced
deepseek_v4_pro,deepseek-v4-pro,deepseek,Infomaniak-Mail--fragment_encryption_password--a69f0e12,Infomaniak Mail,fragment_encryption_password,1,src-424aca9b7bf3aae66658,raw_baseline,1,1,experiments/android_xml_v2_rag/test_v2_1/matrix/frozen_inputs/Infomaniak-Mail--fragment_encryption_password--a69f0e12,119bffbc77804fefd4f0a2fc8856eb59ccb8340d81b8eb4cb43b97f1b39b11e0,a1664aa321bc715ceeb7ff06f8e61f7bd87c1219fa863f5c0da522626403eb6c,experiments/android_xml_v2_formal/multimodel_v2_3_40app/runs/deepseek_v4_pro/Infomaniak-Mail--fragment_encryption_password--a69f0e12/raw_baseline
deepseek_v4_pro,deepseek-v4-pro,deepseek,Infomaniak-Mail--fragment_search--3e5f60f4,Infomaniak Mail,fragment_search,1,src-f014be08b31cfd156303,full_enhanced,1,9,experiments/android_xml_v2_rag/test_v2_1/matrix/frozen_inputs/Infomaniak-Mail--fragment_search--3e5f60f4,ef9eeb2d6a2bae479c44a6dbf0468d609b78d7cfaa25be92ae46e365f4fc9ed0,85bc1f023137c10bbadfad5ddb156209dfe1675ab5b79309f3e4ef8278f135b3,experiments/android_xml_v2_formal/multimodel_v2_3_40app/runs/deepseek_v4_pro/Infomaniak-Mail--fragment_search--3e5f60f4/full_enhanced
deepseek_v4_pro,deepseek-v4-pro,deepseek,Infomaniak-Mail--fragment_search--3e5f60f4,Infomaniak Mail,fragment_search,1,src-f014be08b31cfd156303,raw_baseline,1,1,experiments/android_xml_v2_rag/test_v2_1/matrix/frozen_inputs/Infomaniak-Mail--fragment_search--3e5f60f4,ef9eeb2d6a2bae479c44a6dbf0468d609b78d7cfaa25be92ae46e365f4fc9ed0,c7a070b6f8e6a54fc134497213716e70c238b0e96c202e3f3d4b52da1b0b4a9a,experiments/android_xml_v2_formal/multimodel_v2_3_40app/runs/deepseek_v4_pro/Infomaniak-Mail--fragment_search--3e5f60f4/raw_baseline
deepseek_v4_pro,deepseek-v4-pro,deepseek,Infomaniak-Mail--fragment_thread_list--0366d8fe,Infomaniak Mail,fragment_thread_list,1,src-06cae7b934e486c57aff,full_enhanced,1,9,experiments/android_xml_v2_rag/test_v2_1/matrix/frozen_inputs/Infomaniak-Mail--fragment_thread_list--0366d8fe,cc6de3a672a681478492294f7e852e48842318fa2fc2203d0d0abb1dc8dacbfa,0db37ac91f105ebdc9d60ed26fe1530b28b96bac983509a7250808a4d8e08723,experiments/android_xml_v2_formal/multimodel_v2_3_40app/runs/deepseek_v4_pro/Infomaniak-Mail--fragment_thread_list--0366d8fe/full_enhanced
deepseek_v4_pro,deepseek-v4-pro,deepseek,Infomaniak-Mail--fragment_thread_list--0366d8fe,Infomaniak Mail,fragment_thread_list,1,src-06cae7b934e486c57aff,raw_baseline,1,1,experiments/android_xml_v2_rag/test_v2_1/matrix/frozen_inputs/Infomaniak-Mail--fragment_thread_list--0366d8fe,cc6de3a672a681478492294f7e852e48842318fa2fc2203d0d0abb1dc8dacbfa,98153742f65dc96697c7bf3ab3bf4fe937e3e36b86165bacfe072c93d76253d4,experiments/android_xml_v2_formal/multimodel_v2_3_40app/runs/deepseek_v4_pro/Infomaniak-Mail--fragment_thread_list--0366d8fe/raw_baseline
deepseek_v4_pro,deepseek-v4-pro,deepseek,Motion-Eye--activity_main--483cc539,Motion Eye,activity_main,2,src-bf9ba939c2feb1550cb5;src-da2276a99b6c98ff0235,raw_baseline,1,1,experiments/android_xml_v2_rag/test_v2_1/matrix/frozen_inputs/Motion-Eye--activity_main--483cc539,0e6fe34beb502d9744925a3cfd1db95abc882107d451e0e1a6b92e67192a2bf1,6926b5aa05ee6cfb3b483048a659be3b35a8748d42e64760cce9a00d4cbbf29e,experiments/android_xml_v2_formal/multimodel_v2_3_40app/runs/deepseek_v4_pro/Motion-Eye--activity_main--483cc539/raw_baseline
deepseek_v4_pro,deepseek-v4-pro,deepseek,Motion-Eye--activity_main--483cc539,Motion Eye,activity_main,2,src-bf9ba939c2feb1550cb5;src-da2276a99b6c98ff0235,full_enhanced,1,9,experiments/android_xml_v2_rag/test_v2_1/matrix/frozen_inputs/Motion-Eye--activity_main--483cc539,0e6fe34beb502d9744925a3cfd1db95abc882107d451e0e1a6b92e67192a2bf1,7b582538133b1532da2742698ed5f65412f79ad44fd8fe11f8e47ccddd5efe1a,experiments/android_xml_v2_formal/multimodel_v2_3_40app/runs/deepseek_v4_pro/Motion-Eye--activity_main--483cc539/full_enhanced
deepseek_v4_pro,deepseek-v4-pro,deepseek,app.dumdum--layout_edit_group--607bfb40,app.dumdum,layout_edit_group,1,src-1f7da6f85210bfc111b4,raw_baseline,1,1,experiments/android_xml_v2_rag/test_v2_1/matrix/frozen_inputs/app.dumdum--layout_edit_group--607bfb40,2cefe1414b352c469c40a0f1c986bfda3bd23b96db68efb56880474d57cf38b0,e96b9375e5128ca915c1cf371c662a6e2982f9d82d4cd59d29ff9791953f6362,experiments/android_xml_v2_formal/multimodel_v2_3_40app/runs/deepseek_v4_pro/app.dumdum--layout_edit_group--607bfb40/raw_baseline
deepseek_v4_pro,deepseek-v4-pro,deepseek,app.dumdum--layout_edit_group--607bfb40,app.dumdum,layout_edit_group,1,src-1f7da6f85210bfc111b4,full_enhanced,1,9,experiments/android_xml_v2_rag/test_v2_1/matrix/frozen_inputs/app.dumdum--layout_edit_group--607bfb40,2cefe1414b352c469c40a0f1c986bfda3bd23b96db68efb56880474d57cf38b0,f9870ffa668485681bbdd3648a9174e1761733868b2603f01e768f3536b517b3,experiments/android_xml_v2_formal/multimodel_v2_3_40app/runs/deepseek_v4_pro/app.dumdum--layout_edit_group--607bfb40/full_enhanced
deepseek_v4_pro,deepseek-v4-pro,deepseek,app.dumdum--layout_group_item--9dd42fb6,app.dumdum,layout_group_item,1,src-29de1dc6143dee36de13,raw_baseline,1,1,experiments/android_xml_v2_rag/test_v2_1/matrix/frozen_inputs/app.dumdum--layout_group_item--9dd42fb6,7cb8f7e7f03ad878cf876a3ad373f5b39829644dc3584d5adb9ed71713e07f7b,65961367a92ceb096e9e11da22731dc8fca4dcd99b8381dc7bcd589dc2915a13,experiments/android_xml_v2_formal/multimodel_v2_3_40app/runs/deepseek_v4_pro/app.dumdum--layout_group_item--9dd42fb6/raw_baseline
deepseek_v4_pro,deepseek-v4-pro,deepseek,app.dumdum--layout_group_item--9dd42fb6,app.dumdum,layout_group_item,1,src-29de1dc6143dee36de13,full_enhanced,1,9,experiments/android_xml_v2_rag/test_v2_1/matrix/frozen_inputs/app.dumdum--layout_group_item--9dd42fb6,7cb8f7e7f03ad878cf876a3ad373f5b39829644dc3584d5adb9ed71713e07f7b,c9173b3369edfe03ab5515a2aba6ce5d043569f48564f67646f4f7178ba2018c,experiments/android_xml_v2_formal/multimodel_v2_3_40app/runs/deepseek_v4_pro/app.dumdum--layout_group_item--9dd42fb6/full_enhanced
deepseek_v4_pro,deepseek-v4-pro,deepseek,app.dumdum--layout_password_dialog--29af31e0,app.dumdum,layout_password_dialog,1,src-b4f6c0e5b4a001b39ed1,raw_baseline,1,1,experiments/android_xml_v2_rag/test_v2_1/matrix/frozen_inputs/app.dumdum--layout_password_dialog--29af31e0,3a44c2ec32e35e11d5630ee46a1017970cf4f8b3bced24d5d12197538045876c,5990c07d7ddd36802d1924eb9aedefec1bbf1eb545db29cb30a0fe71e605c5b2,experiments/android_xml_v2_formal/multimodel_v2_3_40app/runs/deepseek_v4_pro/app.dumdum--layout_password_dialog--29af31e0/raw_baseline
deepseek_v4_pro,deepseek-v4-pro,deepseek,app.dumdum--layout_password_dialog--29af31e0,app.dumdum,layout_password_dialog,1,src-b4f6c0e5b4a001b39ed1,full_enhanced,1,9,experiments/android_xml_v2_rag/test_v2_1/matrix/frozen_inputs/app.dumdum--layout_password_dialog--29af31e0,3a44c2ec32e35e11d5630ee46a1017970cf4f8b3bced24d5d12197538045876c,90a6c13c266409d0a5ca7bea29d300121b4c7264dae6d8000eb9939718723f32,experiments/android_xml_v2_formal/multimodel_v2_3_40app/runs/deepseek_v4_pro/app.dumdum--layout_password_dialog--29af31e0/full_enhanced
deepseek_v4_pro,deepseek-v4-pro,deepseek,Amaze-Utilities--activity_error--28a5c8e6,Amaze Utilities,activity_error,1,src-cfdcc0d76855b19a756e,raw_baseline,1,1,experiments/android_xml_v2_rag/test_v2_1/matrix/frozen_inputs/Amaze-Utilities--activity_error--28a5c8e6,d40228aedf4b5a8dabeb3949fba624a1654f74525721cc47fea3311534864867,569ce9e804a5370279061593ff25c8068c58b364126807e9a38e298d2b354de3,experiments/android_xml_v2_formal/multimodel_v2_3_40app/runs/deepseek_v4_pro/Amaze-Utilities--activity_error--28a5c8e6/raw_baseline
deepseek_v4_pro,deepseek-v4-pro,deepseek,Amaze-Utilities--activity_error--28a5c8e6,Amaze Utilities,activity_error,1,src-cfdcc0d76855b19a756e,full_enhanced,1,9,experiments/android_xml_v2_rag/test_v2_1/matrix/frozen_inputs/Amaze-Utilities--activity_error--28a5c8e6,d40228aedf4b5a8dabeb3949fba624a1654f74525721cc47fea3311534864867,becf38227ebdc9cc98b39c8678062a5aa5d123ee6037abe74e0fa9885d9f52c8,experiments/android_xml_v2_formal/multimodel_v2_3_40app/runs/deepseek_v4_pro/Amaze-Utilities--activity_error--28a5c8e6/full_enhanced
deepseek_v4_pro,deepseek-v4-pro,deepseek,Amaze-Utilities--fragment_audios_list--ac6174e5,Amaze Utilities,fragment_audios_list,1,src-4c71cf74d2d508b786bd,full_enhanced,1,9,experiments/android_xml_v2_rag/test_v2_1/matrix/frozen_inputs/Amaze-Utilities--fragment_audios_list--ac6174e5,24641ad4b0b02759bc4e4826dbb153ccb78d11284072d3ea671a2b3d27dadde3,3a2b156c6224b948afc604fa18ea42d16d6ef911c996276acd6b800e7b0cdfd7,experiments/android_xml_v2_formal/multimodel_v2_3_40app/runs/deepseek_v4_pro/Amaze-Utilities--fragment_audios_list--ac6174e5/full_enhanced
deepseek_v4_pro,deepseek-v4-pro,deepseek,Amaze-Utilities--fragment_audios_list--ac6174e5,Amaze Utilities,fragment_audios_list,1,src-4c71cf74d2d508b786bd,raw_baseline,1,1,experiments/android_xml_v2_rag/test_v2_1/matrix/frozen_inputs/Amaze-Utilities--fragment_audios_list--ac6174e5,24641ad4b0b02759bc4e4826dbb153ccb78d11284072d3ea671a2b3d27dadde3,ec5619d854adf395439e6adae04dde7cc4470413b119e291174254119ca5a4e2,experiments/android_xml_v2_formal/multimodel_v2_3_40app/runs/deepseek_v4_pro/Amaze-Utilities--fragment_audios_list--ac6174e5/raw_baseline
deepseek_v4_pro,deepseek-v4-pro,deepseek,Amaze-Utilities--subtitles_search_view--5a396765,Amaze Utilities,subtitles_search_view,2,src-a92911801c1cb4d4424b;src-bef9be46c861ccdcff1a,full_enhanced,1,9,experiments/android_xml_v2_rag/test_v2_1/matrix/frozen_inputs/Amaze-Utilities--subtitles_search_view--5a396765,97901fbded8152b8887568cef146edd8d31c3790cc4259d0e1e8e04982a2be15,956dc05cc497156a909b4777eb276904dec4725508788d8a08210d4bcb763837,experiments/android_xml_v2_formal/multimodel_v2_3_40app/runs/deepseek_v4_pro/Amaze-Utilities--subtitles_search_view--5a396765/full_enhanced
deepseek_v4_pro,deepseek-v4-pro,deepseek,Amaze-Utilities--subtitles_search_view--5a396765,Amaze Utilities,subtitles_search_view,2,src-a92911801c1cb4d4424b;src-bef9be46c861ccdcff1a,raw_baseline,1,1,experiments/android_xml_v2_rag/test_v2_1/matrix/frozen_inputs/Amaze-Utilities--subtitles_search_view--5a396765,97901fbded8152b8887568cef146edd8d31c3790cc4259d0e1e8e04982a2be15,510aad58962f702b0174d1c6670903e477642480f2a6caea2de461d38b3a39e2,experiments/android_xml_v2_formal/multimodel_v2_3_40app/runs/deepseek_v4_pro/Amaze-Utilities--subtitles_search_view--5a396765/raw_baseline
deepseek_v4_pro,deepseek-v4-pro,deepseek,Amaze-Utilities--welcome_permission_privacy_layout--c69fe08c,Amaze Utilities,welcome_permission_privacy_layout,1,src-0d35c5a6f1908f8efccc,full_enhanced,1,9,experiments/android_xml_v2_rag/test_v2_1/matrix/frozen_inputs/Amaze-Utilities--welcome_permission_privacy_layout--c69fe08c,9f1de2f5697ea31d74773a0611dab2ddeffa733026e767c312030ce8e9ed21e5,5565c73a7659e5a38190031c778ef175ef0a436822dd624a6402d7ba00124eea,experiments/android_xml_v2_formal/multimodel_v2_3_40app/runs/deepseek_v4_pro/Amaze-Utilities--welcome_permission_privacy_layout--c69fe08c/full_enhanced
deepseek_v4_pro,deepseek-v4-pro,deepseek,Amaze-Utilities--welcome_permission_privacy_layout--c69fe08c,Amaze Utilities,welcome_permission_privacy_layout,1,src-0d35c5a6f1908f8efccc,raw_baseline,1,1,experiments/android_xml_v2_rag/test_v2_1/matrix/frozen_inputs/Amaze-Utilities--welcome_permission_privacy_layout--c69fe08c,9f1de2f5697ea31d74773a0611dab2ddeffa733026e767c312030ce8e9ed21e5,3f66602e54f4b2333b44a34fc6a54c3247ac61b8ae637b374f29e7752b3afd45,experiments/android_xml_v2_formal/multimodel_v2_3_40app/runs/deepseek_v4_pro/Amaze-Utilities--welcome_permission_privacy_layout--c69fe08c/raw_baseline
deepseek_v4_pro,deepseek-v4-pro,deepseek,Android-Password-Store--password_creation_activity--28e7ecfb,Android Password Store,password_creation_activity,1,src-fb6ce2b54906613f7dba,raw_baseline,1,1,experiments/android_xml_v2_rag/test_v2_1/matrix/frozen_inputs/Android-Password-Store--password_creation_activity--28e7ecfb,782458453116848e7f41dfd75d4ec43d581074cf718c8089af641d47b2c6c70e,9618c1f9146944d0e412c83b3732dbc1732668c599770b220c6965aad7663f3b,experiments/android_xml_v2_formal/multimodel_v2_3_40app/runs/deepseek_v4_pro/Android-Password-Store--password_creation_activity--28e7ecfb/raw_baseline
deepseek_v4_pro,deepseek-v4-pro,deepseek,Android-Password-Store--password_creation_activity--28e7ecfb,Android Password Store,password_creation_activity,1,src-fb6ce2b54906613f7dba,full_enhanced,1,9,experiments/android_xml_v2_rag/test_v2_1/matrix/frozen_inputs/Android-Password-Store--password_creation_activity--28e7ecfb,782458453116848e7f41dfd75d4ec43d581074cf718c8089af641d47b2c6c70e,1ed3f27119d79a146dc9aa81c23a473f67a22b0ffd3c829cc33e12d685fc9ef2,experiments/android_xml_v2_formal/multimodel_v2_3_40app/runs/deepseek_v4_pro/Android-Password-Store--password_creation_activity--28e7ecfb/full_enhanced
deepseek_v4_pro,deepseek-v4-pro,deepseek,FocusMastodon--compose_poll_option--025a8f7a,FocusMastodon,compose_poll_option,1,src-404ea75ac9efacbe533c,raw_baseline,1,1,experiments/android_xml_v2_rag/test_v2_1/matrix/frozen_inputs/FocusMastodon--compose_poll_option--025a8f7a,c439a267f1e596c04fbe882d7b00824ef45b2d5ad1aed269276b7e2db3f058bf,b763ef743d1dff846cf378918bbe280f1d507d070fa668517634efdc5eea8b36,experiments/android_xml_v2_formal/multimodel_v2_3_40app/runs/deepseek_v4_pro/FocusMastodon--compose_poll_option--025a8f7a/raw_baseline
deepseek_v4_pro,deepseek-v4-pro,deepseek,FocusMastodon--compose_poll_option--025a8f7a,FocusMastodon,compose_poll_option,1,src-404ea75ac9efacbe533c,full_enhanced,1,9,experiments/android_xml_v2_rag/test_v2_1/matrix/frozen_inputs/FocusMastodon--compose_poll_option--025a8f7a,c439a267f1e596c04fbe882d7b00824ef45b2d5ad1aed269276b7e2db3f058bf,3d30a53c65e0830bf0e3f0a0baf0bc6805dc237a250966fa49e1493e440ce2dc,experiments/android_xml_v2_formal/multimodel_v2_3_40app/runs/deepseek_v4_pro/FocusMastodon--compose_poll_option--025a8f7a/full_enhanced
deepseek_v4_pro,deepseek-v4-pro,deepseek,FocusMastodon--configuration_page--374bdb8f,FocusMastodon,configuration_page,1,src-ca9cdbbf2edfc4f9af55,raw_baseline,1,1,experiments/android_xml_v2_rag/test_v2_1/matrix/frozen_inputs/FocusMastodon--configuration_page--374bdb8f,3962a4bbcc5fd0dd276cc868ba81a9253030af4f637e9ba8748ba7d1328f92b0,1daecc5ea863ba80c3e8c5c4933a2d128812b8345a9fbd9efc2b6142fc6eb693,experiments/android_xml_v2_formal/multimodel_v2_3_40app/runs/deepseek_v4_pro/FocusMastodon--configuration_page--374bdb8f/raw_baseline
deepseek_v4_pro,deepseek-v4-pro,deepseek,FocusMastodon--configuration_page--374bdb8f,FocusMastodon,configuration_page,1,src-ca9cdbbf2edfc4f9af55,full_enhanced,1,9,experiments/android_xml_v2_rag/test_v2_1/matrix/frozen_inputs/FocusMastodon--configuration_page--374bdb8f,3962a4bbcc5fd0dd276cc868ba81a9253030af4f637e9ba8748ba7d1328f92b0,7f9f6b643ceb4f0f48afc0c1b94028611d7606f31d338553fedfaa1ee605aef4,experiments/android_xml_v2_formal/multimodel_v2_3_40app/runs/deepseek_v4_pro/FocusMastodon--configuration_page--374bdb8f/full_enhanced
deepseek_v4_pro,deepseek-v4-pro,deepseek,FocusMastodon--fragment_onboarding_common--1104d579,FocusMastodon,fragment_onboarding_common,1,src-0774e452bebb11eeed97,full_enhanced,1,9,experiments/android_xml_v2_rag/test_v2_1/matrix/frozen_inputs/FocusMastodon--fragment_onboarding_common--1104d579,6e8e2daa61cf7a1b4bcad314f7450b9c83c205b17005a4857bf6310562ac91e6,176b425ae183e791f9ae0c9634c8e633da0bb31e8a354e26b3e9b978dda0d03a,experiments/android_xml_v2_formal/multimodel_v2_3_40app/runs/deepseek_v4_pro/FocusMastodon--fragment_onboarding_common--1104d579/full_enhanced
deepseek_v4_pro,deepseek-v4-pro,deepseek,FocusMastodon--fragment_onboarding_common--1104d579,FocusMastodon,fragment_onboarding_common,1,src-0774e452bebb11eeed97,raw_baseline,1,1,experiments/android_xml_v2_rag/test_v2_1/matrix/frozen_inputs/FocusMastodon--fragment_onboarding_common--1104d579,6e8e2daa61cf7a1b4bcad314f7450b9c83c205b17005a4857bf6310562ac91e6,813c2f47dd10fbb83434e1495be779e10471d2b9d16b3f5bf79a65cfd000eee2,experiments/android_xml_v2_formal/multimodel_v2_3_40app/runs/deepseek_v4_pro/FocusMastodon--fragment_onboarding_common--1104d579/raw_baseline
deepseek_v4_pro,deepseek-v4-pro,deepseek,FocusMastodon--item_blocked_user--d8534ce1,FocusMastodon,item_blocked_user,1,src-2798a9011da8004b17dc,full_enhanced,1,9,experiments/android_xml_v2_rag/test_v2_1/matrix/frozen_inputs/FocusMastodon--item_blocked_user--d8534ce1,c9cd01e3274c2db77d96c15f06808d9c94bc01b4fbe4a17f783b08666adac826,c3782c923da5953849f3b606355bdc14042269212eaa9063794495bdfd762422,experiments/android_xml_v2_formal/multimodel_v2_3_40app/runs/deepseek_v4_pro/FocusMastodon--item_blocked_user--d8534ce1/full_enhanced
deepseek_v4_pro,deepseek-v4-pro,deepseek,FocusMastodon--item_blocked_user--d8534ce1,FocusMastodon,item_blocked_user,1,src-2798a9011da8004b17dc,raw_baseline,1,1,experiments/android_xml_v2_rag/test_v2_1/matrix/frozen_inputs/FocusMastodon--item_blocked_user--d8534ce1,c9cd01e3274c2db77d96c15f06808d9c94bc01b4fbe4a17f783b08666adac826,a343720cad6d585b93de401a9df48d42e4849578d54f5563465cda5e7b4dd064,experiments/android_xml_v2_formal/multimodel_v2_3_40app/runs/deepseek_v4_pro/FocusMastodon--item_blocked_user--d8534ce1/raw_baseline
deepseek_v4_pro,deepseek-v4-pro,deepseek,FocusMastodon--user_chooser--83ecacd4,FocusMastodon,user_chooser,1,src-a0c41e24db79f36bdfe3,full_enhanced,1,9,experiments/android_xml_v2_rag/test_v2_1/matrix/frozen_inputs/FocusMastodon--user_chooser--83ecacd4,d96819028d86f11fcd9e426614f3aab483149f643dbe9f3eaa90d97b6329bbc0,81ba6ae52a42eb512d01d3e7d4ac8bea81be53eae1cf949155f2b3bbc0a50e58,experiments/android_xml_v2_formal/multimodel_v2_3_40app/runs/deepseek_v4_pro/FocusMastodon--user_chooser--83ecacd4/full_enhanced
deepseek_v4_pro,deepseek-v4-pro,deepseek,FocusMastodon--user_chooser--83ecacd4,FocusMastodon,user_chooser,1,src-a0c41e24db79f36bdfe3,raw_baseline,1,1,experiments/android_xml_v2_rag/test_v2_1/matrix/frozen_inputs/FocusMastodon--user_chooser--83ecacd4,d96819028d86f11fcd9e426614f3aab483149f643dbe9f3eaa90d97b6329bbc0,82035a88950a9dd4a65c4c27d6bf40f637d0e6e8d92e3ab0ca837e201eab46e0,experiments/android_xml_v2_formal/multimodel_v2_3_40app/runs/deepseek_v4_pro/FocusMastodon--user_chooser--83ecacd4/raw_baseline
deepseek_v4_pro,deepseek-v4-pro,deepseek,FocusPodcast--edit_tags_dialog_layout--8bcf7035,FocusPodcast,edit_tags_dialog_layout,1,src-c559e9c5e0222ef6408f,raw_baseline,1,1,experiments/android_xml_v2_rag/test_v2_1/matrix/frozen_inputs/FocusPodcast--edit_tags_dialog_layout--8bcf7035,89d0126e6b917bdfcf7e25f041e9f1b947b36b74b50c35cd7addcbe89d66715a,5a1dc7f8850829f02ea8e41d70af1972681ec5334ce76d494fc8632c0e46d98c,experiments/android_xml_v2_formal/multimodel_v2_3_40app/runs/deepseek_v4_pro/FocusPodcast--edit_tags_dialog_layout--8bcf7035/raw_baseline
deepseek_v4_pro,deepseek-v4-pro,deepseek,FocusPodcast--edit_tags_dialog_layout--8bcf7035,FocusPodcast,edit_tags_dialog_layout,1,src-c559e9c5e0222ef6408f,full_enhanced,1,9,experiments/android_xml_v2_rag/test_v2_1/matrix/frozen_inputs/FocusPodcast--edit_tags_dialog_layout--8bcf7035,89d0126e6b917bdfcf7e25f041e9f1b947b36b74b50c35cd7addcbe89d66715a,d473346355bc9fce1a60e8ed21ff76363bda63bbf2eafdbb51f8b5e870c45ac1,experiments/android_xml_v2_formal/multimodel_v2_3_40app/runs/deepseek_v4_pro/FocusPodcast--edit_tags_dialog_layout--8bcf7035/full_enhanced
deepseek_v4_pro,deepseek-v4-pro,deepseek,FocusPodcast--edit_text_dialog--c8ae443f,FocusPodcast,edit_text_dialog,1,src-a97ccde8b678cdb83bbc,raw_baseline,1,1,experiments/android_xml_v2_rag/test_v2_1/matrix/frozen_inputs/FocusPodcast--edit_text_dialog--c8ae443f,55cd17ea59770d1e10bf7a43a19e52d8e276cc078501161af322bd0369083ae1,8b401b9098897aa6bc4089402aa64218647e58363830cea3a6581f05c495aa3a,experiments/android_xml_v2_formal/multimodel_v2_3_40app/runs/deepseek_v4_pro/FocusPodcast--edit_text_dialog--c8ae443f/raw_baseline
deepseek_v4_pro,deepseek-v4-pro,deepseek,FocusPodcast--edit_text_dialog--c8ae443f,FocusPodcast,edit_text_dialog,1,src-a97ccde8b678cdb83bbc,full_enhanced,1,9,experiments/android_xml_v2_rag/test_v2_1/matrix/frozen_inputs/FocusPodcast--edit_text_dialog--c8ae443f,55cd17ea59770d1e10bf7a43a19e52d8e276cc078501161af322bd0369083ae1,6da532df7e4fba9655a3ce16aa69e7be3b3c4008cdbf0d2a5f03c339e23cccc7,experiments/android_xml_v2_formal/multimodel_v2_3_40app/runs/deepseek_v4_pro/FocusPodcast--edit_text_dialog--c8ae443f/full_enhanced
deepseek_v4_pro,deepseek-v4-pro,deepseek,FocusPodcast--episode_filter_dialog--8c459ee8,FocusPodcast,episode_filter_dialog,2,src-9b33fd06a3d3741a2dcb;src-a8700af9c3a9da6a296b,full_enhanced,1,9,experiments/android_xml_v2_rag/test_v2_1/matrix/frozen_inputs/FocusPodcast--episode_filter_dialog--8c459ee8,5c7bebf2fc9d4c25b03bfdf40e02a2d803da3a521116f5f35fe48d2e44a0de0d,91257abc52391d95438fea72412516792d45937cd0debba856dafa37968f9a99,experiments/android_xml_v2_formal/multimodel_v2_3_40app/runs/deepseek_v4_pro/FocusPodcast--episode_filter_dialog--8c459ee8/full_enhanced
deepseek_v4_pro,deepseek-v4-pro,deepseek,FocusPodcast--episode_filter_dialog--8c459ee8,FocusPodcast,episode_filter_dialog,2,src-9b33fd06a3d3741a2dcb;src-a8700af9c3a9da6a296b,raw_baseline,1,1,experiments/android_xml_v2_rag/test_v2_1/matrix/frozen_inputs/FocusPodcast--episode_filter_dialog--8c459ee8,5c7bebf2fc9d4c25b03bfdf40e02a2d803da3a521116f5f35fe48d2e44a0de0d,dec2cc2a826906478ebcaea1e8e3ef39310454b001f85271e54b8915e06a4c45,experiments/android_xml_v2_formal/multimodel_v2_3_40app/runs/deepseek_v4_pro/FocusPodcast--episode_filter_dialog--8c459ee8/raw_baseline
deepseek_v4_pro,deepseek-v4-pro,deepseek,FocusPodcast--filter_dialog_row--aa611f49,FocusPodcast,filter_dialog_row,2,src-35e3fb82ddfd578b0fb4;src-7480247dcf05117babe0,raw_baseline,1,1,experiments/android_xml_v2_rag/test_v2_1/matrix/frozen_inputs/FocusPodcast--filter_dialog_row--aa611f49,f1debd793b30eddfcff114181a3cf09b5f44ece584d54539115892939cfa7ab7,d2897c26a904937d48f510c484e00f6ed549eff7fe46a71b21b747ee66cc6bf7,experiments/android_xml_v2_formal/multimodel_v2_3_40app/runs/deepseek_v4_pro/FocusPodcast--filter_dialog_row--aa611f49/raw_baseline
deepseek_v4_pro,deepseek-v4-pro,deepseek,FocusPodcast--filter_dialog_row--aa611f49,FocusPodcast,filter_dialog_row,2,src-35e3fb82ddfd578b0fb4;src-7480247dcf05117babe0,full_enhanced,1,9,experiments/android_xml_v2_rag/test_v2_1/matrix/frozen_inputs/FocusPodcast--filter_dialog_row--aa611f49,f1debd793b30eddfcff114181a3cf09b5f44ece584d54539115892939cfa7ab7,9b72cde22b2702f0fe4abcf0c0ca30af45a71ea92e680f8dc896db5f1cf5a148,experiments/android_xml_v2_formal/multimodel_v2_3_40app/runs/deepseek_v4_pro/FocusPodcast--filter_dialog_row--aa611f49/full_enhanced
deepseek_v4_pro,deepseek-v4-pro,deepseek,FocusPodcast--secondary_action--8fbb09bd,FocusPodcast,secondary_action,1,src-37a2e866c03ba21b568e,full_enhanced,1,9,experiments/android_xml_v2_rag/test_v2_1/matrix/frozen_inputs/FocusPodcast--secondary_action--8fbb09bd,bf747eab5b7ee9b052e66124641c840415891daf20f1f9f86f6e6d42b7de8470,6fc2ae713ecb39a7cfdbd6e185262a51f7310f7cdaec6f9c50adc59b9c09d9ff,experiments/android_xml_v2_formal/multimodel_v2_3_40app/runs/deepseek_v4_pro/FocusPodcast--secondary_action--8fbb09bd/full_enhanced
deepseek_v4_pro,deepseek-v4-pro,deepseek,FocusPodcast--secondary_action--8fbb09bd,FocusPodcast,secondary_action,1,src-37a2e866c03ba21b568e,raw_baseline,1,1,experiments/android_xml_v2_rag/test_v2_1/matrix/frozen_inputs/FocusPodcast--secondary_action--8fbb09bd,bf747eab5b7ee9b052e66124641c840415891daf20f1f9f86f6e6d42b7de8470,d3c93d76c6abe57d5838ce194b5306d0e074faabcd45f32ed1570694fede5d1a,experiments/android_xml_v2_formal/multimodel_v2_3_40app/runs/deepseek_v4_pro/FocusPodcast--secondary_action--8fbb09bd/raw_baseline
deepseek_v4_pro,deepseek-v4-pro,deepseek,Pro-Expense--fragment_expense_entry--86101b83,Pro Expense,fragment_expense_entry,1,src-58723f655ec204795151,raw_baseline,1,1,experiments/android_xml_v2_rag/test_v2_1/matrix/frozen_inputs/Pro-Expense--fragment_expense_entry--86101b83,c4f8179df7a845d01877b35eef1695a06e8aa343595b4d550d469c95433805b9,ac6a18a6969587fee3160c153e81faf79b9a3f34ee0c3be96a7af9d40367130c,experiments/android_xml_v2_formal/multimodel_v2_3_40app/runs/deepseek_v4_pro/Pro-Expense--fragment_expense_entry--86101b83/raw_baseline
deepseek_v4_pro,deepseek-v4-pro,deepseek,Pro-Expense--fragment_expense_entry--86101b83,Pro Expense,fragment_expense_entry,1,src-58723f655ec204795151,full_enhanced,1,9,experiments/android_xml_v2_rag/test_v2_1/matrix/frozen_inputs/Pro-Expense--fragment_expense_entry--86101b83,c4f8179df7a845d01877b35eef1695a06e8aa343595b4d550d469c95433805b9,8ba4ba2209035724d1c5c89a03d2ce26e62c5a78add4d393d966a44ccd709aa1,experiments/android_xml_v2_formal/multimodel_v2_3_40app/runs/deepseek_v4_pro/Pro-Expense--fragment_expense_entry--86101b83/full_enhanced
deepseek_v4_pro,deepseek-v4-pro,deepseek,Pro-Expense--fragment_feedback--ee989fa3,Pro Expense,fragment_feedback,1,src-1f3b6ed06f390f31491b,raw_baseline,1,1,experiments/android_xml_v2_rag/test_v2_1/matrix/frozen_inputs/Pro-Expense--fragment_feedback--ee989fa3,fc10a4cf20d02f27da9cf9b54475ec11cec584dd67e698124ff9ebaa248c9f9e,f62e3ec9ca860c0f0d7e9403f8566cfa819b1821d57d6979d02ab92a9f8cb819,experiments/android_xml_v2_formal/multimodel_v2_3_40app/runs/deepseek_v4_pro/Pro-Expense--fragment_feedback--ee989fa3/raw_baseline
deepseek_v4_pro,deepseek-v4-pro,deepseek,Pro-Expense--fragment_feedback--ee989fa3,Pro Expense,fragment_feedback,1,src-1f3b6ed06f390f31491b,full_enhanced,1,9,experiments/android_xml_v2_rag/test_v2_1/matrix/frozen_inputs/Pro-Expense--fragment_feedback--ee989fa3,fc10a4cf20d02f27da9cf9b54475ec11cec584dd67e698124ff9ebaa248c9f9e,a35b922606cd8d32b66d1b91a4746bb8f1ea57619d3480c79ebc7e89cad13540,experiments/android_xml_v2_formal/multimodel_v2_3_40app/runs/deepseek_v4_pro/Pro-Expense--fragment_feedback--ee989fa3/full_enhanced
deepseek_v4_pro,deepseek-v4-pro,deepseek,Delta-Chat--fragment_view_log--bc50c0a8,Delta Chat,fragment_view_log,1,src-571f73295edf104496a0,full_enhanced,1,9,experiments/android_xml_v2_rag/test_v2_1/matrix/frozen_inputs/Delta-Chat--fragment_view_log--bc50c0a8,f813d0322c21b4bebbe3c25bd0ae6f1c513f79fb855344f78bb6194b11b70a59,6827c0d3a2b8435c86b64e5ccb5777a3d104990b9bcc05056b0ad24a735c202e,experiments/android_xml_v2_formal/multimodel_v2_3_40app/runs/deepseek_v4_pro/Delta-Chat--fragment_view_log--bc50c0a8/full_enhanced
deepseek_v4_pro,deepseek-v4-pro,deepseek,Delta-Chat--fragment_view_log--bc50c0a8,Delta Chat,fragment_view_log,1,src-571f73295edf104496a0,raw_baseline,1,1,experiments/android_xml_v2_rag/test_v2_1/matrix/frozen_inputs/Delta-Chat--fragment_view_log--bc50c0a8,f813d0322c21b4bebbe3c25bd0ae6f1c513f79fb855344f78bb6194b11b70a59,946fc02a03ee13e5bab2d980aad5517e0eb118207ab3f5c8aefa49bef70f6dcc,experiments/android_xml_v2_formal/multimodel_v2_3_40app/runs/deepseek_v4_pro/Delta-Chat--fragment_view_log--bc50c0a8/raw_baseline
deepseek_v4_pro,deepseek-v4-pro,deepseek,Delta-Chat--relay_list_item--ab583bad,Delta Chat,relay_list_item,1,src-6a0bd504cc920cfcb3c8,raw_baseline,1,1,experiments/android_xml_v2_rag/test_v2_1/matrix/frozen_inputs/Delta-Chat--relay_list_item--ab583bad,2f7f8f64775562e67fc5d9a3d4dfc96da51953c59c5c99e7397916f1e540999b,d84eecd08c2d49aeea9d61c8034114cf3c91766c0415b7d5f944e7c3e2a7511c,experiments/android_xml_v2_formal/multimodel_v2_3_40app/runs/deepseek_v4_pro/Delta-Chat--relay_list_item--ab583bad/raw_baseline
deepseek_v4_pro,deepseek-v4-pro,deepseek,Delta-Chat--relay_list_item--ab583bad,Delta Chat,relay_list_item,1,src-6a0bd504cc920cfcb3c8,full_enhanced,1,9,experiments/android_xml_v2_rag/test_v2_1/matrix/frozen_inputs/Delta-Chat--relay_list_item--ab583bad,2f7f8f64775562e67fc5d9a3d4dfc96da51953c59c5c99e7397916f1e540999b,cbe0d67e4b9ddbcd5d16e69a3016e95514c57060263a47a5ca0071e95814258e,experiments/android_xml_v2_formal/multimodel_v2_3_40app/runs/deepseek_v4_pro/Delta-Chat--relay_list_item--ab583bad/full_enhanced
deepseek_v4_pro,deepseek-v4-pro,deepseek,DuckDuckGo-Privacy-Browser--component_buttons--84110056,DuckDuckGo Privacy Browser,component_buttons,1,src-f58fe4bdd39f4e206b71,raw_baseline,1,1,experiments/android_xml_v2_rag/test_v2_1/matrix/frozen_inputs/DuckDuckGo-Privacy-Browser--component_buttons--84110056,480b8495c8bece1bf758c36f35f638b7618f603fef5635640b8d162413fcb6a0,1d6b8bfc06350db9a93da17b61923a55c8570db82221f7b3a87eed0e691edd72,experiments/android_xml_v2_formal/multimodel_v2_3_40app/runs/deepseek_v4_pro/DuckDuckGo-Privacy-Browser--component_buttons--84110056/raw_baseline
deepseek_v4_pro,deepseek-v4-pro,deepseek,DuckDuckGo-Privacy-Browser--component_buttons--84110056,DuckDuckGo Privacy Browser,component_buttons,1,src-f58fe4bdd39f4e206b71,full_enhanced,1,9,experiments/android_xml_v2_rag/test_v2_1/matrix/frozen_inputs/DuckDuckGo-Privacy-Browser--component_buttons--84110056,480b8495c8bece1bf758c36f35f638b7618f603fef5635640b8d162413fcb6a0,285d344cba810bc091966661808ab711be9d4f61ee2304cdbe7f428a603d4e96,experiments/android_xml_v2_formal/multimodel_v2_3_40app/runs/deepseek_v4_pro/DuckDuckGo-Privacy-Browser--component_buttons--84110056/full_enhanced
deepseek_v4_pro,deepseek-v4-pro,deepseek,DuckDuckGo-Privacy-Browser--view_dax_dialog--74273f21,DuckDuckGo Privacy Browser,view_dax_dialog,1,src-5d4ed7848cfe2585debc,full_enhanced,1,9,experiments/android_xml_v2_rag/test_v2_1/matrix/frozen_inputs/DuckDuckGo-Privacy-Browser--view_dax_dialog--74273f21,bedec07a6e0a47653c1be7167eccd83e4b5815de27c9f9cab64a22f70d09673e,b1e2292f8b04634b38ceb94eced4f2c0eadaaefd82059a18d49b34dc6e9d5324,experiments/android_xml_v2_formal/multimodel_v2_3_40app/runs/deepseek_v4_pro/DuckDuckGo-Privacy-Browser--view_dax_dialog--74273f21/full_enhanced
deepseek_v4_pro,deepseek-v4-pro,deepseek,DuckDuckGo-Privacy-Browser--view_dax_dialog--74273f21,DuckDuckGo Privacy Browser,view_dax_dialog,1,src-5d4ed7848cfe2585debc,raw_baseline,1,1,experiments/android_xml_v2_rag/test_v2_1/matrix/frozen_inputs/DuckDuckGo-Privacy-Browser--view_dax_dialog--74273f21,bedec07a6e0a47653c1be7167eccd83e4b5815de27c9f9cab64a22f70d09673e,7afaf36b22ca5a1dd9a3453610451a74d0d8fc758cec9fbd1a430185ac6ffced,experiments/android_xml_v2_formal/multimodel_v2_3_40app/runs/deepseek_v4_pro/DuckDuckGo-Privacy-Browser--view_dax_dialog--74273f21/raw_baseline
deepseek_v4_pro,deepseek-v4-pro,deepseek,DuckDuckGo-Privacy-Browser--view_brand_design_address_bar_position_picker--6b929aee,DuckDuckGo Privacy Browser,view_brand_design_address_bar_position_picker,2,src-98f6b50beb992cfca498;src-ca2bc8f709b577774a3b,full_enhanced,1,9,experiments/android_xml_v2_rag/test_v2_1/matrix/frozen_inputs/DuckDuckGo-Privacy-Browser--view_brand_design_address_bar_position_picker--6b929aee,3bcfd6fb90745a4aaa1ecd931067f64a11a1f606c4fcb399f70b7ac9c8524361,7f30d3efea177bd6a05f6ae869b76b0df655d5e5790d2b53f8ea6e1ac07ddb2b,experiments/android_xml_v2_formal/multimodel_v2_3_40app/runs/deepseek_v4_pro/DuckDuckGo-Privacy-Browser--view_brand_design_address_bar_position_picker--6b929aee/full_enhanced
deepseek_v4_pro,deepseek-v4-pro,deepseek,DuckDuckGo-Privacy-Browser--view_brand_design_address_bar_position_picker--6b929aee,DuckDuckGo Privacy Browser,view_brand_design_address_bar_position_picker,2,src-98f6b50beb992cfca498;src-ca2bc8f709b577774a3b,raw_baseline,1,1,experiments/android_xml_v2_rag/test_v2_1/matrix/frozen_inputs/DuckDuckGo-Privacy-Browser--view_brand_design_address_bar_position_picker--6b929aee,3bcfd6fb90745a4aaa1ecd931067f64a11a1f606c4fcb399f70b7ac9c8524361,f1aac7e9e873029227d17c77e9f26cd41236b3b9ca1640926da42d6163599ff2,experiments/android_xml_v2_formal/multimodel_v2_3_40app/runs/deepseek_v4_pro/DuckDuckGo-Privacy-Browser--view_brand_design_address_bar_position_picker--6b929aee/raw_baseline
deepseek_v4_pro,deepseek-v4-pro,deepseek,DuckDuckGo-Privacy-Browser--view_site_protections_toggle--06e42e39,DuckDuckGo Privacy Browser,view_site_protections_toggle,1,src-e7e302defd38125cb8f6,raw_baseline,1,1,experiments/android_xml_v2_rag/test_v2_1/matrix/frozen_inputs/DuckDuckGo-Privacy-Browser--view_site_protections_toggle--06e42e39,821610c53d4f86517324113568f81085270ad01db8ef893481276d10835e6153,baf16ec8e9db19699aebc186affef2887e32d2f134a8b8fdc675a63177111f51,experiments/android_xml_v2_formal/multimodel_v2_3_40app/runs/deepseek_v4_pro/DuckDuckGo-Privacy-Browser--view_site_protections_toggle--06e42e39/raw_baseline
deepseek_v4_pro,deepseek-v4-pro,deepseek,DuckDuckGo-Privacy-Browser--view_site_protections_toggle--06e42e39,DuckDuckGo Privacy Browser,view_site_protections_toggle,1,src-e7e302defd38125cb8f6,full_enhanced,1,9,experiments/android_xml_v2_rag/test_v2_1/matrix/frozen_inputs/DuckDuckGo-Privacy-Browser--view_site_protections_toggle--06e42e39,821610c53d4f86517324113568f81085270ad01db8ef893481276d10835e6153,6c8db7b07b7b53f7670563c2a334d84ca233114727b4246ec322e5274015840e,experiments/android_xml_v2_formal/multimodel_v2_3_40app/runs/deepseek_v4_pro/DuckDuckGo-Privacy-Browser--view_site_protections_toggle--06e42e39/full_enhanced
deepseek_v4_pro,deepseek-v4-pro,deepseek,RGB-Tool--color_list_row--f178b7fa,RGB Tool,color_list_row,1,tgt-c5ed5814ab3517d6bf0d,full_enhanced,1,9,experiments/android_xml_v2_rag/test_v2_1/matrix/frozen_inputs/RGB-Tool--color_list_row--f178b7fa,6b2ea58259ad960dd56ece6077b749a94744d3cf9d43ed41cc4ef319abf00126,cc777352ce7dce1664c602a0c152b1943688015f22f52f3b438245f430b13059,experiments/android_xml_v2_formal/multimodel_v2_3_40app/runs/deepseek_v4_pro/RGB-Tool--color_list_row--f178b7fa/full_enhanced
deepseek_v4_pro,deepseek-v4-pro,deepseek,RGB-Tool--color_list_row--f178b7fa,RGB Tool,color_list_row,1,tgt-c5ed5814ab3517d6bf0d,raw_baseline,1,1,experiments/android_xml_v2_rag/test_v2_1/matrix/frozen_inputs/RGB-Tool--color_list_row--f178b7fa,6b2ea58259ad960dd56ece6077b749a94744d3cf9d43ed41cc4ef319abf00126,3221864a7466484bd50ad5be645d2b7ce5864a411b764206e5a9e3ac64e25733,experiments/android_xml_v2_formal/multimodel_v2_3_40app/runs/deepseek_v4_pro/RGB-Tool--color_list_row--f178b7fa/raw_baseline
deepseek_v4_pro,deepseek-v4-pro,deepseek,XBMC-Remote--remote_xbox--5dfff70d,XBMC Remote,remote_xbox,2,src-1c2bf93ccd3688730f94;src-f0835296969e7aac5bf5,full_enhanced,1,9,experiments/android_xml_v2_rag/test_v2_1/matrix/frozen_inputs/XBMC-Remote--remote_xbox--5dfff70d,98d6c90e56483479fde528562b35065f35be4012a64a91bfff8ce3c9811e62ea,50bf525f6b69c23d38a8d9966d5a2dbddfc6e1b4e7c44bfa566b8daed9772d0e,experiments/android_xml_v2_formal/multimodel_v2_3_40app/runs/deepseek_v4_pro/XBMC-Remote--remote_xbox--5dfff70d/full_enhanced
deepseek_v4_pro,deepseek-v4-pro,deepseek,XBMC-Remote--remote_xbox--5dfff70d,XBMC Remote,remote_xbox,2,src-1c2bf93ccd3688730f94;src-f0835296969e7aac5bf5,raw_baseline,1,1,experiments/android_xml_v2_rag/test_v2_1/matrix/frozen_inputs/XBMC-Remote--remote_xbox--5dfff70d,98d6c90e56483479fde528562b35065f35be4012a64a91bfff8ce3c9811e62ea,0940fed420d918f58c848bbeb91126351595b7d8f2781cb9b0187ba38d5eb505,experiments/android_xml_v2_formal/multimodel_v2_3_40app/runs/deepseek_v4_pro/XBMC-Remote--remote_xbox--5dfff70d/raw_baseline
deepseek_v4_pro,deepseek-v4-pro,deepseek,XBMC-Remote--remote_xbox--d9024394,XBMC Remote,remote_xbox,2,src-4e66b107292d2f8b4efd;src-8e85191a236c436185b9,raw_baseline,1,1,experiments/android_xml_v2_rag/test_v2_1/matrix/frozen_inputs/XBMC-Remote--remote_xbox--d9024394,40dabf6a6c4c49ce94ac232e9930c647c7666b02c760f6e8510497b42baed81b,81794383aa641ac2eaa1b0c3c5d35114c2b07dde301c4240306c433dae5ce856,experiments/android_xml_v2_formal/multimodel_v2_3_40app/runs/deepseek_v4_pro/XBMC-Remote--remote_xbox--d9024394/raw_baseline
deepseek_v4_pro,deepseek-v4-pro,deepseek,XBMC-Remote--remote_xbox--d9024394,XBMC Remote,remote_xbox,2,src-4e66b107292d2f8b4efd;src-8e85191a236c436185b9,full_enhanced,1,9,experiments/android_xml_v2_rag/test_v2_1/matrix/frozen_inputs/XBMC-Remote--remote_xbox--d9024394,40dabf6a6c4c49ce94ac232e9930c647c7666b02c760f6e8510497b42baed81b,b6c06bff048c72b1896bcb20a05c17a8bd9b9bd6e33e1d44ca917ebe05f637d5,experiments/android_xml_v2_formal/multimodel_v2_3_40app/runs/deepseek_v4_pro/XBMC-Remote--remote_xbox--d9024394/full_enhanced
deepseek_v4_pro,deepseek-v4-pro,deepseek,QuickLyric-old--tutorial_4--658229ba,QuickLyric (old),tutorial_4,1,src-c0aa57bb31b6c2c4394c,raw_baseline,1,1,experiments/android_xml_v2_rag/test_v2_1/matrix/frozen_inputs/QuickLyric-old--tutorial_4--658229ba,a2816bccc810f42f2de5ab2814b589e1a0fa61d9247cf6eff7083a22372f460d,97e2caf9f5f00b048f7446d663b6febf2ec00c01137852fc093d3e2576a70aeb,experiments/android_xml_v2_formal/multimodel_v2_3_40app/runs/deepseek_v4_pro/QuickLyric-old--tutorial_4--658229ba/raw_baseline
deepseek_v4_pro,deepseek-v4-pro,deepseek,QuickLyric-old--tutorial_4--658229ba,QuickLyric (old),tutorial_4,1,src-c0aa57bb31b6c2c4394c,full_enhanced,1,9,experiments/android_xml_v2_rag/test_v2_1/matrix/frozen_inputs/QuickLyric-old--tutorial_4--658229ba,a2816bccc810f42f2de5ab2814b589e1a0fa61d9247cf6eff7083a22372f460d,81c1893a3fc033c3b73291104064c46e0b777e90d9530c83ca9592e25b38712d,experiments/android_xml_v2_formal/multimodel_v2_3_40app/runs/deepseek_v4_pro/QuickLyric-old--tutorial_4--658229ba/full_enhanced
deepseek_v4_pro,deepseek-v4-pro,deepseek,FreeOTP-Plus--add--4703c2e2,FreeOTP Plus,add,1,src-c762d03786a160b0d611,full_enhanced,1,9,experiments/android_xml_v2_rag/test_v2_1/matrix/frozen_inputs/FreeOTP-Plus--add--4703c2e2,46457edd73468e8933e59d3423f3619683c079a07454283eceed215f373cc4e3,2f218de0481d1f3c4ac6152a88d5e7466ca806cd580cdce8af3d38e0a979f73b,experiments/android_xml_v2_formal/multimodel_v2_3_40app/runs/deepseek_v4_pro/FreeOTP-Plus--add--4703c2e2/full_enhanced
deepseek_v4_pro,deepseek-v4-pro,deepseek,FreeOTP-Plus--add--4703c2e2,FreeOTP Plus,add,1,src-c762d03786a160b0d611,raw_baseline,1,1,experiments/android_xml_v2_rag/test_v2_1/matrix/frozen_inputs/FreeOTP-Plus--add--4703c2e2,46457edd73468e8933e59d3423f3619683c079a07454283eceed215f373cc4e3,56e4a761f0092b2567538ec501a0b42eedcdec3a26ffbde2f166d3852562d4cd,experiments/android_xml_v2_formal/multimodel_v2_3_40app/runs/deepseek_v4_pro/FreeOTP-Plus--add--4703c2e2/raw_baseline
deepseek_v4_pro,deepseek-v4-pro,deepseek,Smartcoins-Wallet--activity_account--1c78a1cf,Smartcoins Wallet,activity_account,2,src-506f753e45c4ba8941c3;src-daa9fba94cb353897b7e,raw_baseline,1,1,experiments/android_xml_v2_rag/test_v2_1/matrix/frozen_inputs/Smartcoins-Wallet--activity_account--1c78a1cf,373bfccbbc6974a03c2072fa6cee13d18dd6f5615ed48a0a41029372d28b3f8b,b4b684407e2d034993b8a24a78a360bdb753fac1a8c3f8b2a8958244bae5ce4a,experiments/android_xml_v2_formal/multimodel_v2_3_40app/runs/deepseek_v4_pro/Smartcoins-Wallet--activity_account--1c78a1cf/raw_baseline
deepseek_v4_pro,deepseek-v4-pro,deepseek,Smartcoins-Wallet--activity_account--1c78a1cf,Smartcoins Wallet,activity_account,2,src-506f753e45c4ba8941c3;src-daa9fba94cb353897b7e,full_enhanced,1,9,experiments/android_xml_v2_rag/test_v2_1/matrix/frozen_inputs/Smartcoins-Wallet--activity_account--1c78a1cf,373bfccbbc6974a03c2072fa6cee13d18dd6f5615ed48a0a41029372d28b3f8b,582e17bbcf5b105aa70969f2516f7ffc1f4b2cfce30233995d93733c8b991a56,experiments/android_xml_v2_formal/multimodel_v2_3_40app/runs/deepseek_v4_pro/Smartcoins-Wallet--activity_account--1c78a1cf/full_enhanced
deepseek_v4_pro,deepseek-v4-pro,deepseek,Smartcoins-Wallet--activity_backup_brainkey--cf93ad40,Smartcoins Wallet,activity_backup_brainkey,1,src-d0c0bc0a1184312329a2,raw_baseline,1,1,experiments/android_xml_v2_rag/test_v2_1/matrix/frozen_inputs/Smartcoins-Wallet--activity_backup_brainkey--cf93ad40,c8ec83a2e2a249e403a79ac12f686646fb48abf57ca10e455dcd2e462c04df58,cf49706d7e04d861e5d05fa9c862ce7eddaff2b790333a427748985bd33d5b69,experiments/android_xml_v2_formal/multimodel_v2_3_40app/runs/deepseek_v4_pro/Smartcoins-Wallet--activity_backup_brainkey--cf93ad40/raw_baseline
deepseek_v4_pro,deepseek-v4-pro,deepseek,Smartcoins-Wallet--activity_backup_brainkey--cf93ad40,Smartcoins Wallet,activity_backup_brainkey,1,src-d0c0bc0a1184312329a2,full_enhanced,1,9,experiments/android_xml_v2_rag/test_v2_1/matrix/frozen_inputs/Smartcoins-Wallet--activity_backup_brainkey--cf93ad40,c8ec83a2e2a249e403a79ac12f686646fb48abf57ca10e455dcd2e462c04df58,1d799c8dd9763c7f2b959ed7ab0dc02dd2d08bc3a4f50ff262dc13e219bae650,experiments/android_xml_v2_formal/multimodel_v2_3_40app/runs/deepseek_v4_pro/Smartcoins-Wallet--activity_backup_brainkey--cf93ad40/full_enhanced
deepseek_v4_pro,deepseek-v4-pro,deepseek,Smartcoins-Wallet--add_contacts--f5704558,Smartcoins Wallet,add_contacts,1,src-32afa7827d519dec01c9,full_enhanced,1,9,experiments/android_xml_v2_rag/test_v2_1/matrix/frozen_inputs/Smartcoins-Wallet--add_contacts--f5704558,e3a9be3463a16b94d5431bfaaf2821868b1f6fe0e351fdaeb25886bd02c35e4e,6ad5dad07ab8514f51b10f53487dc5aa2dd8413e31e91a71bc6e5f03fae17069,experiments/android_xml_v2_formal/multimodel_v2_3_40app/runs/deepseek_v4_pro/Smartcoins-Wallet--add_contacts--f5704558/full_enhanced
deepseek_v4_pro,deepseek-v4-pro,deepseek,Smartcoins-Wallet--add_contacts--f5704558,Smartcoins Wallet,add_contacts,1,src-32afa7827d519dec01c9,raw_baseline,1,1,experiments/android_xml_v2_rag/test_v2_1/matrix/frozen_inputs/Smartcoins-Wallet--add_contacts--f5704558,e3a9be3463a16b94d5431bfaaf2821868b1f6fe0e351fdaeb25886bd02c35e4e,3f586cbb4ff283349943ac5379e3af598b98023ef1d84b507d8aee2722d7d794,experiments/android_xml_v2_formal/multimodel_v2_3_40app/runs/deepseek_v4_pro/Smartcoins-Wallet--add_contacts--f5704558/raw_baseline
deepseek_v4_pro,deepseek-v4-pro,deepseek,Smartcoins-Wallet--content_setting--3b80baa2,Smartcoins Wallet,content_setting,2,src-665cf5c55637058d0158;src-d6237db8b5b1dc4626bd,full_enhanced,1,9,experiments/android_xml_v2_rag/test_v2_1/matrix/frozen_inputs/Smartcoins-Wallet--content_setting--3b80baa2,c47e813a8a2f5da56140092cb8502dba4aaaafab8500674acc68f48711ba991f,2b8246378b850ef6f60cc211836a1994258f3cd18287c83dbb5a4ee295db0437,experiments/android_xml_v2_formal/multimodel_v2_3_40app/runs/deepseek_v4_pro/Smartcoins-Wallet--content_setting--3b80baa2/full_enhanced
deepseek_v4_pro,deepseek-v4-pro,deepseek,Smartcoins-Wallet--content_setting--3b80baa2,Smartcoins Wallet,content_setting,2,src-665cf5c55637058d0158;src-d6237db8b5b1dc4626bd,raw_baseline,1,1,experiments/android_xml_v2_rag/test_v2_1/matrix/frozen_inputs/Smartcoins-Wallet--content_setting--3b80baa2,c47e813a8a2f5da56140092cb8502dba4aaaafab8500674acc68f48711ba991f,92c08f15ec8f0527b29f9405500b505c5a3ec6f28ca3c2b6b255d08487013127,experiments/android_xml_v2_formal/multimodel_v2_3_40app/runs/deepseek_v4_pro/Smartcoins-Wallet--content_setting--3b80baa2/raw_baseline
deepseek_v4_pro,deepseek-v4-pro,deepseek,MyExpenses--calculator--9f8c6427,MyExpenses,calculator,2,src-391e412506f3d385b5f8;src-57b5a6f5e62e6d25f5d8,full_enhanced,1,9,experiments/android_xml_v2_rag/test_v2_1/matrix/frozen_inputs/MyExpenses--calculator--9f8c6427,49eb2e0527434946ba1d0b1ed3b8f2909e43c806323f3286e64100d566f84fc8,c16752c8f93e0b5bf8fb785e0befc29ed5a0063601728adc6e2f83dfd47661bd,experiments/android_xml_v2_formal/multimodel_v2_3_40app/runs/deepseek_v4_pro/MyExpenses--calculator--9f8c6427/full_enhanced
deepseek_v4_pro,deepseek-v4-pro,deepseek,MyExpenses--calculator--9f8c6427,MyExpenses,calculator,2,src-391e412506f3d385b5f8;src-57b5a6f5e62e6d25f5d8,raw_baseline,1,1,experiments/android_xml_v2_rag/test_v2_1/matrix/frozen_inputs/MyExpenses--calculator--9f8c6427,49eb2e0527434946ba1d0b1ed3b8f2909e43c806323f3286e64100d566f84fc8,a8d450d1fa19ecc0b766b32a13b9e96ffb02aa34ff8793cdb247695edd01df93,experiments/android_xml_v2_formal/multimodel_v2_3_40app/runs/deepseek_v4_pro/MyExpenses--calculator--9f8c6427/raw_baseline
deepseek_v4_pro,deepseek-v4-pro,deepseek,MyExpenses--amount_edittext--cba24c96,MyExpenses,amount_edittext,1,src-2b9b18c2cd3ebea1904c,full_enhanced,1,9,experiments/android_xml_v2_rag/test_v2_1/matrix/frozen_inputs/MyExpenses--amount_edittext--cba24c96,6efad988d65389c85c4d3c05ec87678c550ea22a34d5c33a062a526aa930348b,593938784f5c0c3c5d5a0e6d0ac65962d17b026c355993e2bf9a8f271a3849a3,experiments/android_xml_v2_formal/multimodel_v2_3_40app/runs/deepseek_v4_pro/MyExpenses--amount_edittext--cba24c96/full_enhanced
deepseek_v4_pro,deepseek-v4-pro,deepseek,MyExpenses--amount_edittext--cba24c96,MyExpenses,amount_edittext,1,src-2b9b18c2cd3ebea1904c,raw_baseline,1,1,experiments/android_xml_v2_rag/test_v2_1/matrix/frozen_inputs/MyExpenses--amount_edittext--cba24c96,6efad988d65389c85c4d3c05ec87678c550ea22a34d5c33a062a526aa930348b,db903b81d27495505962593ef251a25f302da64208d39deb219f94be20cd4cf4,experiments/android_xml_v2_formal/multimodel_v2_3_40app/runs/deepseek_v4_pro/MyExpenses--amount_edittext--cba24c96/raw_baseline
deepseek_v4_pro,deepseek-v4-pro,deepseek,MyExpenses--contrib_dialog--9e244564,MyExpenses,contrib_dialog,1,src-5f4f37669f951565b390,full_enhanced,1,9,experiments/android_xml_v2_rag/test_v2_1/matrix/frozen_inputs/MyExpenses--contrib_dialog--9e244564,4a91995d626aa9973e85ec211352ee05e20c5eca0723db565f4dc68793e70479,a1b3af93a3e2086a20b2f68c4769c0a6d488b5ff2b4e7ee6a107df8de1b1e805,experiments/android_xml_v2_formal/multimodel_v2_3_40app/runs/deepseek_v4_pro/MyExpenses--contrib_dialog--9e244564/full_enhanced
deepseek_v4_pro,deepseek-v4-pro,deepseek,MyExpenses--contrib_dialog--9e244564,MyExpenses,contrib_dialog,1,src-5f4f37669f951565b390,raw_baseline,1,1,experiments/android_xml_v2_rag/test_v2_1/matrix/frozen_inputs/MyExpenses--contrib_dialog--9e244564,4a91995d626aa9973e85ec211352ee05e20c5eca0723db565f4dc68793e70479,ef634add6d8df8e5c115216ad732570bbe31f78f642df9d5b68bfabcfde1bd60,experiments/android_xml_v2_formal/multimodel_v2_3_40app/runs/deepseek_v4_pro/MyExpenses--contrib_dialog--9e244564/raw_baseline
deepseek_v4_pro,deepseek-v4-pro,deepseek,MyExpenses--date_format--11db5eda,MyExpenses,date_format,1,src-c28a14146817e04cff8f,raw_baseline,1,1,experiments/android_xml_v2_rag/test_v2_1/matrix/frozen_inputs/MyExpenses--date_format--11db5eda,e83bf2b6b5a1a1d01b9662220317d576fb0af22f3508bf7741739e8fca6191eb,e5ff74b1f8b4964ead8db2b18135a6c1e4512f1ec3a195ce1f056a8b48a3b1a7,experiments/android_xml_v2_formal/multimodel_v2_3_40app/runs/deepseek_v4_pro/MyExpenses--date_format--11db5eda/raw_baseline
deepseek_v4_pro,deepseek-v4-pro,deepseek,MyExpenses--date_format--11db5eda,MyExpenses,date_format,1,src-c28a14146817e04cff8f,full_enhanced,1,9,experiments/android_xml_v2_rag/test_v2_1/matrix/frozen_inputs/MyExpenses--date_format--11db5eda,e83bf2b6b5a1a1d01b9662220317d576fb0af22f3508bf7741739e8fca6191eb,fea6944cfe370d1675d9075def2f09252e094b3192b4e978291eb5849dbdbc20,experiments/android_xml_v2_formal/multimodel_v2_3_40app/runs/deepseek_v4_pro/MyExpenses--date_format--11db5eda/full_enhanced
deepseek_v4_pro,deepseek-v4-pro,deepseek,MyExpenses--method_row--2255ba38,MyExpenses,method_row,1,src-1fe915443e0b76465f83,full_enhanced,1,9,experiments/android_xml_v2_rag/test_v2_1/matrix/frozen_inputs/MyExpenses--method_row--2255ba38,9a2a872fe9af7388708398be23f680bf29057b24089ace27d580834d3b4020c2,40c850dbff214330cbedeb5f8b78593bc2eed91d3e477805bb200fb71e169837,experiments/android_xml_v2_formal/multimodel_v2_3_40app/runs/deepseek_v4_pro/MyExpenses--method_row--2255ba38/full_enhanced
deepseek_v4_pro,deepseek-v4-pro,deepseek,MyExpenses--method_row--2255ba38,MyExpenses,method_row,1,src-1fe915443e0b76465f83,raw_baseline,1,1,experiments/android_xml_v2_rag/test_v2_1/matrix/frozen_inputs/MyExpenses--method_row--2255ba38,9a2a872fe9af7388708398be23f680bf29057b24089ace27d580834d3b4020c2,76ce09814da1fe3e81c757ffde656223fa9ed2d9f27b246a6476a85096433541,experiments/android_xml_v2_formal/multimodel_v2_3_40app/runs/deepseek_v4_pro/MyExpenses--method_row--2255ba38/raw_baseline
deepseek_v4_pro,deepseek-v4-pro,deepseek,MyExpenses--onboarding_wizzard_ui--3939db99,MyExpenses,onboarding_wizzard_ui,1,src-7ad473722e798a917f7f,full_enhanced,1,9,experiments/android_xml_v2_rag/test_v2_1/matrix/frozen_inputs/MyExpenses--onboarding_wizzard_ui--3939db99,bb89d093418abecd77cce539f65e9e992f828946c5a346cd092e1ced8b371864,68e5245ea7f026f508cf8284aa4d0b4ce42c0cb5ca20252879931a5790409105,experiments/android_xml_v2_formal/multimodel_v2_3_40app/runs/deepseek_v4_pro/MyExpenses--onboarding_wizzard_ui--3939db99/full_enhanced
deepseek_v4_pro,deepseek-v4-pro,deepseek,MyExpenses--onboarding_wizzard_ui--3939db99,MyExpenses,onboarding_wizzard_ui,1,src-7ad473722e798a917f7f,raw_baseline,1,1,experiments/android_xml_v2_rag/test_v2_1/matrix/frozen_inputs/MyExpenses--onboarding_wizzard_ui--3939db99,bb89d093418abecd77cce539f65e9e992f828946c5a346cd092e1ced8b371864,cbe5358855e326853a2ecf2ecd40d2e73da5c5c69e01656c6beed1cd6ecdc19d,experiments/android_xml_v2_formal/multimodel_v2_3_40app/runs/deepseek_v4_pro/MyExpenses--onboarding_wizzard_ui--3939db99/raw_baseline
deepseek_v4_pro,deepseek-v4-pro,deepseek,MyExpenses--one_account--b31188a1,MyExpenses,one_account,1,src-ed9d17d2b0a353916b69,full_enhanced,1,9,experiments/android_xml_v2_rag/test_v2_1/matrix/frozen_inputs/MyExpenses--one_account--b31188a1,cd3e38a921c5632dbf85ad17988d68d2587fa334f453b4e4e9566fef09b70e3a,8c5ea0df1d3ed2d5b8af361d3f694abe5c8c5a1128b53c26ffe7db766f52b7c8,experiments/android_xml_v2_formal/multimodel_v2_3_40app/runs/deepseek_v4_pro/MyExpenses--one_account--b31188a1/full_enhanced
deepseek_v4_pro,deepseek-v4-pro,deepseek,MyExpenses--one_account--b31188a1,MyExpenses,one_account,1,src-ed9d17d2b0a353916b69,raw_baseline,1,1,experiments/android_xml_v2_rag/test_v2_1/matrix/frozen_inputs/MyExpenses--one_account--b31188a1,cd3e38a921c5632dbf85ad17988d68d2587fa334f453b4e4e9566fef09b70e3a,5f4b42966c7edfc31560f783a5aeac7566075d4106f54bc190efa5119eb85b7c,experiments/android_xml_v2_formal/multimodel_v2_3_40app/runs/deepseek_v4_pro/MyExpenses--one_account--b31188a1/raw_baseline
deepseek_v4_pro,deepseek-v4-pro,deepseek,MyExpenses--package_container--a84ce06a,MyExpenses,package_container,1,src-8ac5c82640115056fb76,raw_baseline,1,1,experiments/android_xml_v2_rag/test_v2_1/matrix/frozen_inputs/MyExpenses--package_container--a84ce06a,5a404c51f467cbbc9277491a1f9bf3074e3af74e4984c07e9f01ab76a91d2ae1,5bdf64b218eb2c70a7773f880136230686ee1ce93ae7f469efe0c7c0ba16ed8b,experiments/android_xml_v2_formal/multimodel_v2_3_40app/runs/deepseek_v4_pro/MyExpenses--package_container--a84ce06a/raw_baseline
deepseek_v4_pro,deepseek-v4-pro,deepseek,MyExpenses--package_container--a84ce06a,MyExpenses,package_container,1,src-8ac5c82640115056fb76,full_enhanced,1,9,experiments/android_xml_v2_rag/test_v2_1/matrix/frozen_inputs/MyExpenses--package_container--a84ce06a,5a404c51f467cbbc9277491a1f9bf3074e3af74e4984c07e9f01ab76a91d2ae1,fcca0281aadbfb35fbcd53c18d24bf108d63b91d9da92c376e0fb9c829690d2c,experiments/android_xml_v2_formal/multimodel_v2_3_40app/runs/deepseek_v4_pro/MyExpenses--package_container--a84ce06a/full_enhanced
deepseek_v4_pro,deepseek-v4-pro,deepseek,Session--activity_appearance_settings--eaff7c46,Session,activity_appearance_settings,2,src-9f91394382d708c124e6;src-bb53f766e21438488b82,full_enhanced,1,9,experiments/android_xml_v2_rag/test_v2_1/matrix/frozen_inputs/Session--activity_appearance_settings--eaff7c46,cb250c8bcb72649fcf245c3bf26f8440598f2494616d27c03e23e2a992077759,09b426b194f893217e9fb87c4fef699bcc6628d1a718cc0707099195069905f2,experiments/android_xml_v2_formal/multimodel_v2_3_40app/runs/deepseek_v4_pro/Session--activity_appearance_settings--eaff7c46/full_enhanced
deepseek_v4_pro,deepseek-v4-pro,deepseek,Session--activity_appearance_settings--eaff7c46,Session,activity_appearance_settings,2,src-9f91394382d708c124e6;src-bb53f766e21438488b82,raw_baseline,1,1,experiments/android_xml_v2_rag/test_v2_1/matrix/frozen_inputs/Session--activity_appearance_settings--eaff7c46,cb250c8bcb72649fcf245c3bf26f8440598f2494616d27c03e23e2a992077759,9ed3e28269df6c0f78a4f8e5e27752cbc8f356f711686eeef1ee413cd625146e,experiments/android_xml_v2_formal/multimodel_v2_3_40app/runs/deepseek_v4_pro/Session--activity_appearance_settings--eaff7c46/raw_baseline
deepseek_v4_pro,deepseek-v4-pro,deepseek,Authorizer--activity_otp_add--15f9cf7f,Authorizer,activity_otp_add,1,src-4dd685ae893ba377435d,full_enhanced,1,9,experiments/android_xml_v2_rag/test_v2_1/matrix/frozen_inputs/Authorizer--activity_otp_add--15f9cf7f,525d71993d7646f8fb112a561beefcc5fef0270d951526f60e030f99e48ad375,9cb80181e25c7dd475e004285d3537a222705558f73023cc96ab12538e972a4a,experiments/android_xml_v2_formal/multimodel_v2_3_40app/runs/deepseek_v4_pro/Authorizer--activity_otp_add--15f9cf7f/full_enhanced
deepseek_v4_pro,deepseek-v4-pro,deepseek,Authorizer--activity_otp_add--15f9cf7f,Authorizer,activity_otp_add,1,src-4dd685ae893ba377435d,raw_baseline,1,1,experiments/android_xml_v2_rag/test_v2_1/matrix/frozen_inputs/Authorizer--activity_otp_add--15f9cf7f,525d71993d7646f8fb112a561beefcc5fef0270d951526f60e030f99e48ad375,f93c939956087beb1d657e09ce15f6d77fc231532ceb76d4ae3cc19091109ebd,experiments/android_xml_v2_formal/multimodel_v2_3_40app/runs/deepseek_v4_pro/Authorizer--activity_otp_add--15f9cf7f/raw_baseline
deepseek_v4_pro,deepseek-v4-pro,deepseek,Authorizer--fragment_bluetooth--8c622489,Authorizer,fragment_bluetooth,2,src-449d769b894491cf1fe1;src-aaf4ba9e46c3e931a272,full_enhanced,1,9,experiments/android_xml_v2_rag/test_v2_1/matrix/frozen_inputs/Authorizer--fragment_bluetooth--8c622489,0ce5aac45de2fe565199ae1ffca5ae371d087f6375022f2ba657f150420561d9,a0188d3780d9dd97ca1a389c6897c3b3d487b7e957762cf2e79a9a14e3d271dc,experiments/android_xml_v2_formal/multimodel_v2_3_40app/runs/deepseek_v4_pro/Authorizer--fragment_bluetooth--8c622489/full_enhanced
deepseek_v4_pro,deepseek-v4-pro,deepseek,Authorizer--fragment_bluetooth--8c622489,Authorizer,fragment_bluetooth,2,src-449d769b894491cf1fe1;src-aaf4ba9e46c3e931a272,raw_baseline,1,1,experiments/android_xml_v2_rag/test_v2_1/matrix/frozen_inputs/Authorizer--fragment_bluetooth--8c622489,0ce5aac45de2fe565199ae1ffca5ae371d087f6375022f2ba657f150420561d9,3883de964c655272b2085e93df2c4b3ab868aaf877728001cd85c7781be3fc4c,experiments/android_xml_v2_formal/multimodel_v2_3_40app/runs/deepseek_v4_pro/Authorizer--fragment_bluetooth--8c622489/raw_baseline
deepseek_v4_pro,deepseek-v4-pro,deepseek,ch.threema.app.libre--activity_notifications--b109b57d,ch.threema.app.libre,activity_notifications,1,src-3f04d2cf94c52c8f5398,full_enhanced,1,9,experiments/android_xml_v2_rag/test_v2_1/matrix/frozen_inputs/ch.threema.app.libre--activity_notifications--b109b57d,b851ea49d81e4916504e704a4839edcb7c7676113d8a776ebfdafb722d8e33bb,74819c1c47ef665f8ca820d94b60f1cc1051fcfeab71389630f24d118e070ed9,experiments/android_xml_v2_formal/multimodel_v2_3_40app/runs/deepseek_v4_pro/ch.threema.app.libre--activity_notifications--b109b57d/full_enhanced
deepseek_v4_pro,deepseek-v4-pro,deepseek,ch.threema.app.libre--activity_notifications--b109b57d,ch.threema.app.libre,activity_notifications,1,src-3f04d2cf94c52c8f5398,raw_baseline,1,1,experiments/android_xml_v2_rag/test_v2_1/matrix/frozen_inputs/ch.threema.app.libre--activity_notifications--b109b57d,b851ea49d81e4916504e704a4839edcb7c7676113d8a776ebfdafb722d8e33bb,4c6ce343f8c9994a316b77269540922aac0bf4e28de48a4a75f80528127270ae,experiments/android_xml_v2_formal/multimodel_v2_3_40app/runs/deepseek_v4_pro/ch.threema.app.libre--activity_notifications--b109b57d/raw_baseline
deepseek_v4_pro,deepseek-v4-pro,deepseek,ch.threema.app.libre--activity_sessions_intro--e6a3b705,ch.threema.app.libre,activity_sessions_intro,1,src-9601d3bc7f5d10aaa891,full_enhanced,1,9,experiments/android_xml_v2_rag/test_v2_1/matrix/frozen_inputs/ch.threema.app.libre--activity_sessions_intro--e6a3b705,b888e84da94e80635bbd7f9dcb256bd8350b094cd35a996dc3b45bc216ccaf10,b8bbcd311b3c5ce6e59d42751a05a491b9509f016a50ce66f6a0a68887a80118,experiments/android_xml_v2_formal/multimodel_v2_3_40app/runs/deepseek_v4_pro/ch.threema.app.libre--activity_sessions_intro--e6a3b705/full_enhanced
deepseek_v4_pro,deepseek-v4-pro,deepseek,ch.threema.app.libre--activity_sessions_intro--e6a3b705,ch.threema.app.libre,activity_sessions_intro,1,src-9601d3bc7f5d10aaa891,raw_baseline,1,1,experiments/android_xml_v2_rag/test_v2_1/matrix/frozen_inputs/ch.threema.app.libre--activity_sessions_intro--e6a3b705,b888e84da94e80635bbd7f9dcb256bd8350b094cd35a996dc3b45bc216ccaf10,68226088fbc5c0e3ccbcf413e012f876d4887744036b9c3306e6794bd8e3a336,experiments/android_xml_v2_formal/multimodel_v2_3_40app/runs/deepseek_v4_pro/ch.threema.app.libre--activity_sessions_intro--e6a3b705/raw_baseline
deepseek_v4_pro,deepseek-v4-pro,deepseek,ch.threema.app.libre--activity_wizard_restore_id--5ee0f5bc,ch.threema.app.libre,activity_wizard_restore_id,1,src-f129415c5d1fd0b762c5,raw_baseline,1,1,experiments/android_xml_v2_rag/test_v2_1/matrix/frozen_inputs/ch.threema.app.libre--activity_wizard_restore_id--5ee0f5bc,cd1b21ca6e98ebaeb98337a0bc48eaa2676066445584a2349d895e5957b5b404,6a494941cade7b66905d8d7ac8b04e1bac0c66734e5842378f5227ea0f1dc6f0,experiments/android_xml_v2_formal/multimodel_v2_3_40app/runs/deepseek_v4_pro/ch.threema.app.libre--activity_wizard_restore_id--5ee0f5bc/raw_baseline
deepseek_v4_pro,deepseek-v4-pro,deepseek,ch.threema.app.libre--activity_wizard_restore_id--5ee0f5bc,ch.threema.app.libre,activity_wizard_restore_id,1,src-f129415c5d1fd0b762c5,full_enhanced,1,9,experiments/android_xml_v2_rag/test_v2_1/matrix/frozen_inputs/ch.threema.app.libre--activity_wizard_restore_id--5ee0f5bc,cd1b21ca6e98ebaeb98337a0bc48eaa2676066445584a2349d895e5957b5b404,c03847ba5ff1fce14d800257f94b48ae3050b9388bddec9313f7fc8837482f7a,experiments/android_xml_v2_formal/multimodel_v2_3_40app/runs/deepseek_v4_pro/ch.threema.app.libre--activity_wizard_restore_id--5ee0f5bc/full_enhanced
deepseek_v4_pro,deepseek-v4-pro,deepseek,ch.threema.app.libre--dialog_new_contact--7b8bd4fe,ch.threema.app.libre,dialog_new_contact,1,src-d1c25b418a1f7ed45e0d,raw_baseline,1,1,experiments/android_xml_v2_rag/test_v2_1/matrix/frozen_inputs/ch.threema.app.libre--dialog_new_contact--7b8bd4fe,72f99b4859bd4cea72668f5c8cbc75c47d21704ad7008600815f3747d2298c05,09a6522b64ab92751fc92680c4f126e36448cdc2b565468afc2e79ba2a7004dd,experiments/android_xml_v2_formal/multimodel_v2_3_40app/runs/deepseek_v4_pro/ch.threema.app.libre--dialog_new_contact--7b8bd4fe/raw_baseline
deepseek_v4_pro,deepseek-v4-pro,deepseek,ch.threema.app.libre--dialog_new_contact--7b8bd4fe,ch.threema.app.libre,dialog_new_contact,1,src-d1c25b418a1f7ed45e0d,full_enhanced,1,9,experiments/android_xml_v2_rag/test_v2_1/matrix/frozen_inputs/ch.threema.app.libre--dialog_new_contact--7b8bd4fe,72f99b4859bd4cea72668f5c8cbc75c47d21704ad7008600815f3747d2298c05,bd44f09df281ba466975ec51e53109a6f7e93de53897d9906af1060bd42a7788,experiments/android_xml_v2_formal/multimodel_v2_3_40app/runs/deepseek_v4_pro/ch.threema.app.libre--dialog_new_contact--7b8bd4fe/full_enhanced
deepseek_v4_pro,deepseek-v4-pro,deepseek,ch.threema.app.libre--fragment_wizard3--e03056b4,ch.threema.app.libre,fragment_wizard3,1,src-07f8989c0bc39001ddb7,raw_baseline,1,1,experiments/android_xml_v2_rag/test_v2_1/matrix/frozen_inputs/ch.threema.app.libre--fragment_wizard3--e03056b4,2d2973c73dceb8e0e04582e4ec42f0821bbd7adbc4a2775812e1e42feeb4c8b4,246708cfd37c6b4f36106f22a63059fb900bce8fb23a80efd42e913b1bb3d786,experiments/android_xml_v2_formal/multimodel_v2_3_40app/runs/deepseek_v4_pro/ch.threema.app.libre--fragment_wizard3--e03056b4/raw_baseline
deepseek_v4_pro,deepseek-v4-pro,deepseek,ch.threema.app.libre--fragment_wizard3--e03056b4,ch.threema.app.libre,fragment_wizard3,1,src-07f8989c0bc39001ddb7,full_enhanced,1,9,experiments/android_xml_v2_rag/test_v2_1/matrix/frozen_inputs/ch.threema.app.libre--fragment_wizard3--e03056b4,2d2973c73dceb8e0e04582e4ec42f0821bbd7adbc4a2775812e1e42feeb4c8b4,12b41d3c440857680bbf10a9042e5caa9ca204bf80982c7c4ee98d72f6ba862d,experiments/android_xml_v2_formal/multimodel_v2_3_40app/runs/deepseek_v4_pro/ch.threema.app.libre--fragment_wizard3--e03056b4/full_enhanced
deepseek_v4_pro,deepseek-v4-pro,deepseek,Simple-sms-remote--content_module_settings_grant_phone_remotely--75ead28b,Simple sms remote,content_module_settings_grant_phone_remotely,2,src-4bc126a67079b7fac6ba;src-c241a18305d43969568c,full_enhanced,1,9,experiments/android_xml_v2_rag/test_v2_1/matrix/frozen_inputs/Simple-sms-remote--content_module_settings_grant_phone_remotely--75ead28b,7b02f978bc51d04ddcb2ed36681b585a826385d101625aa7eb11950816e0cb91,e8642f2a4072ce9ffc1a3454c117ff020e1a82c40c25c128c9a1c3091313ebcc,experiments/android_xml_v2_formal/multimodel_v2_3_40app/runs/deepseek_v4_pro/Simple-sms-remote--content_module_settings_grant_phone_remotely--75ead28b/full_enhanced
deepseek_v4_pro,deepseek-v4-pro,deepseek,Simple-sms-remote--content_module_settings_grant_phone_remotely--75ead28b,Simple sms remote,content_module_settings_grant_phone_remotely,2,src-4bc126a67079b7fac6ba;src-c241a18305d43969568c,raw_baseline,1,1,experiments/android_xml_v2_rag/test_v2_1/matrix/frozen_inputs/Simple-sms-remote--content_module_settings_grant_phone_remotely--75ead28b,7b02f978bc51d04ddcb2ed36681b585a826385d101625aa7eb11950816e0cb91,23bae46a6dfa80c8942bb7a246df6f7d34e2ad257291802cfb5b06a5f42c8b43,experiments/android_xml_v2_formal/multimodel_v2_3_40app/runs/deepseek_v4_pro/Simple-sms-remote--content_module_settings_grant_phone_remotely--75ead28b/raw_baseline
deepseek_v4_pro,deepseek-v4-pro,deepseek,Gear-Shift--replace_tracker_dialog--230bc8b7,Gear Shift,replace_tracker_dialog,1,src-124763fee7a0cbf2b09e,full_enhanced,1,9,experiments/android_xml_v2_rag/test_v2_1/matrix/frozen_inputs/Gear-Shift--replace_tracker_dialog--230bc8b7,8ea4119ce1c7bb036387a1825d7f5a7de6c47f3fc6332e905b1c12df357c0add,3cfab9f1052c60a71220aca8f26835afb2b5ddbd0073786f1ae2544e5decbec9,experiments/android_xml_v2_formal/multimodel_v2_3_40app/runs/deepseek_v4_pro/Gear-Shift--replace_tracker_dialog--230bc8b7/full_enhanced
deepseek_v4_pro,deepseek-v4-pro,deepseek,Gear-Shift--replace_tracker_dialog--230bc8b7,Gear Shift,replace_tracker_dialog,1,src-124763fee7a0cbf2b09e,raw_baseline,1,1,experiments/android_xml_v2_rag/test_v2_1/matrix/frozen_inputs/Gear-Shift--replace_tracker_dialog--230bc8b7,8ea4119ce1c7bb036387a1825d7f5a7de6c47f3fc6332e905b1c12df357c0add,6d4186afcc62ddca9f895d81b5fce2bb86d9287ef1b72d4e1f70d1c4da3808a0,experiments/android_xml_v2_formal/multimodel_v2_3_40app/runs/deepseek_v4_pro/Gear-Shift--replace_tracker_dialog--230bc8b7/raw_baseline
deepseek_v4_pro,deepseek-v4-pro,deepseek,Gear-Shift--transmission_session_bandwidth--623a6cc9,Gear Shift,transmission_session_bandwidth,2,src-02e88f1b6a134336a6f2;src-fb6a216031d5a3c31e86,full_enhanced,1,9,experiments/android_xml_v2_rag/test_v2_1/matrix/frozen_inputs/Gear-Shift--transmission_session_bandwidth--623a6cc9,cc7d91002aaaf66d9a6f667977ca5a2eb6417c035695cc765ac0563bee4df330,bbbb5b5eab408db4d36d1c1e01aebda71f32f2a95c075782d46bbd7f05f7df62,experiments/android_xml_v2_formal/multimodel_v2_3_40app/runs/deepseek_v4_pro/Gear-Shift--transmission_session_bandwidth--623a6cc9/full_enhanced
deepseek_v4_pro,deepseek-v4-pro,deepseek,Gear-Shift--transmission_session_bandwidth--623a6cc9,Gear Shift,transmission_session_bandwidth,2,src-02e88f1b6a134336a6f2;src-fb6a216031d5a3c31e86,raw_baseline,1,1,experiments/android_xml_v2_rag/test_v2_1/matrix/frozen_inputs/Gear-Shift--transmission_session_bandwidth--623a6cc9,cc7d91002aaaf66d9a6f667977ca5a2eb6417c035695cc765ac0563bee4df330,7fefaa83183103ea6ff0947bb6e4c8e8942d0c2723df99731bcfa445e54e9edb,experiments/android_xml_v2_formal/multimodel_v2_3_40app/runs/deepseek_v4_pro/Gear-Shift--transmission_session_bandwidth--623a6cc9/raw_baseline
deepseek_v4_pro,deepseek-v4-pro,deepseek,Gear-Shift--transmission_session_connections--bd5be400,Gear Shift,transmission_session_connections,1,src-28435fae69ea5e480fe6,full_enhanced,1,9,experiments/android_xml_v2_rag/test_v2_1/matrix/frozen_inputs/Gear-Shift--transmission_session_connections--bd5be400,5eb209d8fe42bfaac79d0f682d1f1dec5069bea4d7781394c3deb6a548f9e8c4,f69da403062be6245deb3b62504bcdb7955535abed20b607f093c14470a666f3,experiments/android_xml_v2_formal/multimodel_v2_3_40app/runs/deepseek_v4_pro/Gear-Shift--transmission_session_connections--bd5be400/full_enhanced
deepseek_v4_pro,deepseek-v4-pro,deepseek,Gear-Shift--transmission_session_connections--bd5be400,Gear Shift,transmission_session_connections,1,src-28435fae69ea5e480fe6,raw_baseline,1,1,experiments/android_xml_v2_rag/test_v2_1/matrix/frozen_inputs/Gear-Shift--transmission_session_connections--bd5be400,5eb209d8fe42bfaac79d0f682d1f1dec5069bea4d7781394c3deb6a548f9e8c4,7777f00c0fc68db34463ece3771067dce6281e7a55ae04c7bdce0d7e3ede653f,experiments/android_xml_v2_formal/multimodel_v2_3_40app/runs/deepseek_v4_pro/Gear-Shift--transmission_session_connections--bd5be400/raw_baseline
deepseek_v4_pro,deepseek-v4-pro,deepseek,Mindfulness-Meditation--list_item_downloadable--1ff893ab,Mindfulness Meditation,list_item_downloadable,1,src-6f73c3e24a552437ec4c,full_enhanced,1,9,experiments/android_xml_v2_rag/test_v2_1/matrix/frozen_inputs/Mindfulness-Meditation--list_item_downloadable--1ff893ab,d43503305fc30a0129fd8b258338431680a60a105caf8169eb6233f338dae602,938dcc1704da3053d3be835cafc8bb0767d7bd438e3632acff2898d833059d5d,experiments/android_xml_v2_formal/multimodel_v2_3_40app/runs/deepseek_v4_pro/Mindfulness-Meditation--list_item_downloadable--1ff893ab/full_enhanced
deepseek_v4_pro,deepseek-v4-pro,deepseek,Mindfulness-Meditation--list_item_downloadable--1ff893ab,Mindfulness Meditation,list_item_downloadable,1,src-6f73c3e24a552437ec4c,raw_baseline,1,1,experiments/android_xml_v2_rag/test_v2_1/matrix/frozen_inputs/Mindfulness-Meditation--list_item_downloadable--1ff893ab,d43503305fc30a0129fd8b258338431680a60a105caf8169eb6233f338dae602,d01a9e345f60647ae4f5e0772c49948340a7666b1a71879e032226b4104990ad,experiments/android_xml_v2_formal/multimodel_v2_3_40app/runs/deepseek_v4_pro/Mindfulness-Meditation--list_item_downloadable--1ff893ab/raw_baseline
deepseek_v4_pro,deepseek-v4-pro,deepseek,Dumbphone-Assistant--list_item_phone--c55e51fc,Dumbphone Assistant,list_item_phone,1,src-09818963a65a75c517f4,raw_baseline,1,1,experiments/android_xml_v2_rag/test_v2_1/matrix/frozen_inputs/Dumbphone-Assistant--list_item_phone--c55e51fc,d233e4e7617685d3cd9f9eda44621627a4bca66bacc1d79e89b93ad4fdada6fe,b6131ca0d137f54cc66f246b7b5eea75abab5bcbd2d51439b5fdc32186d07ef9,experiments/android_xml_v2_formal/multimodel_v2_3_40app/runs/deepseek_v4_pro/Dumbphone-Assistant--list_item_phone--c55e51fc/raw_baseline
deepseek_v4_pro,deepseek-v4-pro,deepseek,Dumbphone-Assistant--list_item_phone--c55e51fc,Dumbphone Assistant,list_item_phone,1,src-09818963a65a75c517f4,full_enhanced,1,9,experiments/android_xml_v2_rag/test_v2_1/matrix/frozen_inputs/Dumbphone-Assistant--list_item_phone--c55e51fc,d233e4e7617685d3cd9f9eda44621627a4bca66bacc1d79e89b93ad4fdada6fe,0342940535a53870f2a7ba3522cf6de1f84a07f720ea0ca36449ae063af6fb98,experiments/android_xml_v2_formal/multimodel_v2_3_40app/runs/deepseek_v4_pro/Dumbphone-Assistant--list_item_phone--c55e51fc/full_enhanced
deepseek_v4_pro,deepseek-v4-pro,deepseek,Dumbphone-Assistant--list_item_sim--af628d2e,Dumbphone Assistant,list_item_sim,1,src-51dd0a5d52cd5f535116,full_enhanced,1,9,experiments/android_xml_v2_rag/test_v2_1/matrix/frozen_inputs/Dumbphone-Assistant--list_item_sim--af628d2e,da55341c81f2873fc6f2d1b16f957bf7062caf52bbc54f72f056e67b79bfa7eb,7358c89669cb3fdcf4efe92ea26417f654ddf650b348378a5be145b4c1798e17,experiments/android_xml_v2_formal/multimodel_v2_3_40app/runs/deepseek_v4_pro/Dumbphone-Assistant--list_item_sim--af628d2e/full_enhanced
deepseek_v4_pro,deepseek-v4-pro,deepseek,Dumbphone-Assistant--list_item_sim--af628d2e,Dumbphone Assistant,list_item_sim,1,src-51dd0a5d52cd5f535116,raw_baseline,1,1,experiments/android_xml_v2_rag/test_v2_1/matrix/frozen_inputs/Dumbphone-Assistant--list_item_sim--af628d2e,da55341c81f2873fc6f2d1b16f957bf7062caf52bbc54f72f056e67b79bfa7eb,279cdf33e438ede279ba3360ac8ebd8a2ad3100f6385d09010346f40d76ca447,experiments/android_xml_v2_formal/multimodel_v2_3_40app/runs/deepseek_v4_pro/Dumbphone-Assistant--list_item_sim--af628d2e/raw_baseline
deepseek_v4_pro,deepseek-v4-pro,deepseek,Crescent--advanced_settings--607de884,Crescent,advanced_settings,2,src-6447fbc68cd1f6a6b3e5;src-a72f23fd21956f4735db,raw_baseline,1,1,experiments/android_xml_v2_rag/test_v2_1/matrix/frozen_inputs/Crescent--advanced_settings--607de884,38cdb0cef49f44b4d0def05d13d02c4fcc49c5c63546ce9ad31ba2fa03837f8e,b6d557baeb952c4d6f15cd5f8f947fd34baaad14d2d647ba17474cc4e5775666,experiments/android_xml_v2_formal/multimodel_v2_3_40app/runs/deepseek_v4_pro/Crescent--advanced_settings--607de884/raw_baseline
deepseek_v4_pro,deepseek-v4-pro,deepseek,Crescent--advanced_settings--607de884,Crescent,advanced_settings,2,src-6447fbc68cd1f6a6b3e5;src-a72f23fd21956f4735db,full_enhanced,1,9,experiments/android_xml_v2_rag/test_v2_1/matrix/frozen_inputs/Crescent--advanced_settings--607de884,38cdb0cef49f44b4d0def05d13d02c4fcc49c5c63546ce9ad31ba2fa03837f8e,0ec9d3c203bbcb52f13953d81db5121e82ace698d5e0f06d30021194046a28bd,experiments/android_xml_v2_formal/multimodel_v2_3_40app/runs/deepseek_v4_pro/Crescent--advanced_settings--607de884/full_enhanced
deepseek_v4_pro,deepseek-v4-pro,deepseek,Crescent--send--ce777c1d,Crescent,send,2,src-3635028749703dfa5ea6;src-46a638db57774b73e1d9,raw_baseline,1,1,experiments/android_xml_v2_rag/test_v2_1/matrix/frozen_inputs/Crescent--send--ce777c1d,55d0ff696fd9bf0d9a5c65c1cbcc7d3670eae60e2a629bec14c79275e4d70ba2,15e45eba5f37bd2fcf9adb3f4e1ce06f55f921fe70ea3feba85b92b43de9b07d,experiments/android_xml_v2_formal/multimodel_v2_3_40app/runs/deepseek_v4_pro/Crescent--send--ce777c1d/raw_baseline
deepseek_v4_pro,deepseek-v4-pro,deepseek,Crescent--send--ce777c1d,Crescent,send,2,src-3635028749703dfa5ea6;src-46a638db57774b73e1d9,full_enhanced,1,9,experiments/android_xml_v2_rag/test_v2_1/matrix/frozen_inputs/Crescent--send--ce777c1d,55d0ff696fd9bf0d9a5c65c1cbcc7d3670eae60e2a629bec14c79275e4d70ba2,24a21325e626d583fdf00f8104a22e3aa6b40d396d743fab269abf0096af0888,experiments/android_xml_v2_formal/multimodel_v2_3_40app/runs/deepseek_v4_pro/Crescent--send--ce777c1d/full_enhanced
deepseek_v4_pro,deepseek-v4-pro,deepseek,Crescent--send_slp--479cb8b6,Crescent,send_slp,1,src-a4361c3c309d71d4ace0,raw_baseline,1,1,experiments/android_xml_v2_rag/test_v2_1/matrix/frozen_inputs/Crescent--send_slp--479cb8b6,91048195c504789f996b93f67f5a61224f37e30737ec7b656357f512270c81fd,bda8816cd2f2ae9e8bd227affb7bc7efbb3154c0d7b05d552ab72a66e60e7ff7,experiments/android_xml_v2_formal/multimodel_v2_3_40app/runs/deepseek_v4_pro/Crescent--send_slp--479cb8b6/raw_baseline
deepseek_v4_pro,deepseek-v4-pro,deepseek,Crescent--send_slp--479cb8b6,Crescent,send_slp,1,src-a4361c3c309d71d4ace0,full_enhanced,1,9,experiments/android_xml_v2_rag/test_v2_1/matrix/frozen_inputs/Crescent--send_slp--479cb8b6,91048195c504789f996b93f67f5a61224f37e30737ec7b656357f512270c81fd,ac847ab0d7421314c257660df0f48485e5e66c2b6dbeb824b58fa4e00f0eec17,experiments/android_xml_v2_formal/multimodel_v2_3_40app/runs/deepseek_v4_pro/Crescent--send_slp--479cb8b6/full_enhanced
deepseek_v4_pro,deepseek-v4-pro,deepseek,CryptoPass--bookmarks--9f1c370e,CryptoPass,bookmarks,1,src-ad9cae65196a340dd185,full_enhanced,1,9,experiments/android_xml_v2_external_extension/top2_matrix/frozen_inputs/CryptoPass--bookmarks--9f1c370e,7644320189de81b23fecba93f39f630242294cd065c03c20aea94e6f0239c35a,5d2cd5dde67af109466d502a6b10c9d4c94312c0abd8b89127997c78b37cc32d,experiments/android_xml_v2_formal/multimodel_v2_3_40app/runs/deepseek_v4_pro/CryptoPass--bookmarks--9f1c370e/full_enhanced
deepseek_v4_pro,deepseek-v4-pro,deepseek,CryptoPass--bookmarks--9f1c370e,CryptoPass,bookmarks,1,src-ad9cae65196a340dd185,raw_baseline,1,1,experiments/android_xml_v2_external_extension/top2_matrix/frozen_inputs/CryptoPass--bookmarks--9f1c370e,7644320189de81b23fecba93f39f630242294cd065c03c20aea94e6f0239c35a,30ba2f9e999d596b829f11e306ae16bb536288bc70357908472fba9eb1de5a61,experiments/android_xml_v2_formal/multimodel_v2_3_40app/runs/deepseek_v4_pro/CryptoPass--bookmarks--9f1c370e/raw_baseline
deepseek_v4_pro,deepseek-v4-pro,deepseek,CryptoPass--main--3254f2d6,CryptoPass,main,1,src-1a49f951d18cab117df9,raw_baseline,1,1,experiments/android_xml_v2_external_extension/top2_matrix/frozen_inputs/CryptoPass--main--3254f2d6,d90b1b3d6e03325f4993212d6ea48293df0222a24087b791ae6c34e62dbcd649,65d419fdb2d9aa49bae965e4ded9d8340de5cea46548a91e2f18ed815172601e,experiments/android_xml_v2_formal/multimodel_v2_3_40app/runs/deepseek_v4_pro/CryptoPass--main--3254f2d6/raw_baseline
deepseek_v4_pro,deepseek-v4-pro,deepseek,CryptoPass--main--3254f2d6,CryptoPass,main,1,src-1a49f951d18cab117df9,full_enhanced,1,9,experiments/android_xml_v2_external_extension/top2_matrix/frozen_inputs/CryptoPass--main--3254f2d6,d90b1b3d6e03325f4993212d6ea48293df0222a24087b791ae6c34e62dbcd649,c201a02b189ae8b19d96a3d1b509b23f961abd1e53f6be563d2db91d8ff090ba,experiments/android_xml_v2_formal/multimodel_v2_3_40app/runs/deepseek_v4_pro/CryptoPass--main--3254f2d6/full_enhanced
deepseek_v4_pro,deepseek-v4-pro,deepseek,Emerald-Dialer--dialog_clean_number_log--344adcd8,Emerald Dialer,dialog_clean_number_log,1,src-aa8559f451da50b9cfab,raw_baseline,1,1,experiments/android_xml_v2_external_extension/top2_matrix/frozen_inputs/Emerald-Dialer--dialog_clean_number_log--344adcd8,08d5c5761e27ceba4a299a0ec71afdab384c54a231c54d83dd630219ccbc8542,f2efb07093f39aa6bdc3e158bc5385874d6598a4ab4fa791a0a72896a6b7ef5e,experiments/android_xml_v2_formal/multimodel_v2_3_40app/runs/deepseek_v4_pro/Emerald-Dialer--dialog_clean_number_log--344adcd8/raw_baseline
deepseek_v4_pro,deepseek-v4-pro,deepseek,Emerald-Dialer--dialog_clean_number_log--344adcd8,Emerald Dialer,dialog_clean_number_log,1,src-aa8559f451da50b9cfab,full_enhanced,1,9,experiments/android_xml_v2_external_extension/top2_matrix/frozen_inputs/Emerald-Dialer--dialog_clean_number_log--344adcd8,08d5c5761e27ceba4a299a0ec71afdab384c54a231c54d83dd630219ccbc8542,784b75e34b87f5d3a8d8be5c0552d4aef8e1606fe4ab68ec0fa6d39d9e82aeb0,experiments/android_xml_v2_formal/multimodel_v2_3_40app/runs/deepseek_v4_pro/Emerald-Dialer--dialog_clean_number_log--344adcd8/full_enhanced
deepseek_v4_pro,deepseek-v4-pro,deepseek,Emerald-Dialer--main--4153d1b4,Emerald Dialer,main,1,src-08268676c1fbaac6650b,full_enhanced,1,9,experiments/android_xml_v2_external_extension/top2_matrix/frozen_inputs/Emerald-Dialer--main--4153d1b4,ca152b958837e096b8d51c590ea05e714ee8e07c9ebd0ae09be53c503a1abe4c,d14b0fafc3fbe10b4266fab12eb12068d976d92a07743a17f947fd264025e487,experiments/android_xml_v2_formal/multimodel_v2_3_40app/runs/deepseek_v4_pro/Emerald-Dialer--main--4153d1b4/full_enhanced
deepseek_v4_pro,deepseek-v4-pro,deepseek,Emerald-Dialer--main--4153d1b4,Emerald Dialer,main,1,src-08268676c1fbaac6650b,raw_baseline,1,1,experiments/android_xml_v2_external_extension/top2_matrix/frozen_inputs/Emerald-Dialer--main--4153d1b4,ca152b958837e096b8d51c590ea05e714ee8e07c9ebd0ae09be53c503a1abe4c,7b0d7a00f892ddc0700c904688d37392c057a22700957aa307c0349f3e16e784,experiments/android_xml_v2_formal/multimodel_v2_3_40app/runs/deepseek_v4_pro/Emerald-Dialer--main--4153d1b4/raw_baseline
deepseek_v4_pro,deepseek-v4-pro,deepseek,Emerald-Dialer--speed_dial_pref_dialog--c63dfdb0,Emerald Dialer,speed_dial_pref_dialog,1,src-71065606d1c41520cf58,full_enhanced,1,9,experiments/android_xml_v2_external_extension/top2_matrix/frozen_inputs/Emerald-Dialer--speed_dial_pref_dialog--c63dfdb0,f26cbd7fb2d3083a695da9a427d47cc17585a8965d134b05639ba4864ea841a3,c0895cfcb8bf025d062c7396c1020fc6a9f9cdb20545e11722ac98ba7b3cc9e6,experiments/android_xml_v2_formal/multimodel_v2_3_40app/runs/deepseek_v4_pro/Emerald-Dialer--speed_dial_pref_dialog--c63dfdb0/full_enhanced
deepseek_v4_pro,deepseek-v4-pro,deepseek,Emerald-Dialer--speed_dial_pref_dialog--c63dfdb0,Emerald Dialer,speed_dial_pref_dialog,1,src-71065606d1c41520cf58,raw_baseline,1,1,experiments/android_xml_v2_external_extension/top2_matrix/frozen_inputs/Emerald-Dialer--speed_dial_pref_dialog--c63dfdb0,f26cbd7fb2d3083a695da9a427d47cc17585a8965d134b05639ba4864ea841a3,7277ed14a85c036c64cabed8191cadc97844a594a3578999acc19b2d98425af4,experiments/android_xml_v2_formal/multimodel_v2_3_40app/runs/deepseek_v4_pro/Emerald-Dialer--speed_dial_pref_dialog--c63dfdb0/raw_baseline
deepseek_v4_pro,deepseek-v4-pro,deepseek,Puff--activity_add_account--ac3f1413,Puff,activity_add_account,1,src-6d103a6d158571b30df5,raw_baseline,1,1,experiments/android_xml_v2_external_extension/top2_matrix/frozen_inputs/Puff--activity_add_account--ac3f1413,278b35d4c491250b944b5bed9354c81688891841d65569954b99b8b39e1ee292,6957234c557de426646f74241d1e5f3de2b55a149882aca58462910905b52a63,experiments/android_xml_v2_formal/multimodel_v2_3_40app/runs/deepseek_v4_pro/Puff--activity_add_account--ac3f1413/raw_baseline
deepseek_v4_pro,deepseek-v4-pro,deepseek,Puff--activity_add_account--ac3f1413,Puff,activity_add_account,1,src-6d103a6d158571b30df5,full_enhanced,1,9,experiments/android_xml_v2_external_extension/top2_matrix/frozen_inputs/Puff--activity_add_account--ac3f1413,278b35d4c491250b944b5bed9354c81688891841d65569954b99b8b39e1ee292,bc69e8f7ec67be58067190b1ee6f1b2f61be6603d9c6150c37a577e19914a98e,experiments/android_xml_v2_formal/multimodel_v2_3_40app/runs/deepseek_v4_pro/Puff--activity_add_account--ac3f1413/full_enhanced
deepseek_v4_pro,deepseek-v4-pro,deepseek,Puff--activity_add_type_dialog--e4e5601f,Puff,activity_add_type_dialog,1,src-154466109b40f1ce1302,full_enhanced,1,9,experiments/android_xml_v2_external_extension/top2_matrix/frozen_inputs/Puff--activity_add_type_dialog--e4e5601f,fb92f87bd156b7bf41207052afdde62d69d20caa434cb69352e0828ec97c5fd3,78ff8142d350e7f167f8588fb2e25557237c06e3cd459441dddbea684b8b93ee,experiments/android_xml_v2_formal/multimodel_v2_3_40app/runs/deepseek_v4_pro/Puff--activity_add_type_dialog--e4e5601f/full_enhanced
deepseek_v4_pro,deepseek-v4-pro,deepseek,Puff--activity_add_type_dialog--e4e5601f,Puff,activity_add_type_dialog,1,src-154466109b40f1ce1302,raw_baseline,1,1,experiments/android_xml_v2_external_extension/top2_matrix/frozen_inputs/Puff--activity_add_type_dialog--e4e5601f,fb92f87bd156b7bf41207052afdde62d69d20caa434cb69352e0828ec97c5fd3,7e125007b7a3e3cde618bf5d09f97d11a5e4ebb39dcf786ee94962203e411ea2,experiments/android_xml_v2_formal/multimodel_v2_3_40app/runs/deepseek_v4_pro/Puff--activity_add_type_dialog--e4e5601f/raw_baseline
deepseek_v4_pro,deepseek-v4-pro,deepseek,Puff--fragment_step_intro--23cf7af6,Puff,fragment_step_intro,1,src-5e13e7e77096c77a3121,full_enhanced,1,9,experiments/android_xml_v2_external_extension/top2_matrix/frozen_inputs/Puff--fragment_step_intro--23cf7af6,004f8227c6652221976bbff68745e57f84154c5d234bceb6479e7fbb63ee2149,ec321cff1ed3bf384098fa1c6be42ed1ee9fe4f2d5c103d70f501bae3c12289c,experiments/android_xml_v2_formal/multimodel_v2_3_40app/runs/deepseek_v4_pro/Puff--fragment_step_intro--23cf7af6/full_enhanced
deepseek_v4_pro,deepseek-v4-pro,deepseek,Puff--fragment_step_intro--23cf7af6,Puff,fragment_step_intro,1,src-5e13e7e77096c77a3121,raw_baseline,1,1,experiments/android_xml_v2_external_extension/top2_matrix/frozen_inputs/Puff--fragment_step_intro--23cf7af6,004f8227c6652221976bbff68745e57f84154c5d234bceb6479e7fbb63ee2149,88f1116e10d619bbaeb5b0eb17b38e37f9233efe87fae747a95e85e1333faa3e,experiments/android_xml_v2_formal/multimodel_v2_3_40app/runs/deepseek_v4_pro/Puff--fragment_step_intro--23cf7af6/raw_baseline
deepseek_v4_pro,deepseek-v4-pro,deepseek,Boilr--list_preference_row--ed45fd03,Boilr,list_preference_row,1,src-5a2d4560d6135b384a99,raw_baseline,1,1,experiments/android_xml_v2_external_extension/top2_matrix/frozen_inputs/Boilr--list_preference_row--ed45fd03,31ebf8c734e154d04745825780ec4b87f0729c07e8f2070094a99b617c23bab6,9943ba341b7b46f0f5d0950b209d7340277e98bea715306b5c45588fccc55616,experiments/android_xml_v2_formal/multimodel_v2_3_40app/runs/deepseek_v4_pro/Boilr--list_preference_row--ed45fd03/raw_baseline
deepseek_v4_pro,deepseek-v4-pro,deepseek,Boilr--list_preference_row--ed45fd03,Boilr,list_preference_row,1,src-5a2d4560d6135b384a99,full_enhanced,1,9,experiments/android_xml_v2_external_extension/top2_matrix/frozen_inputs/Boilr--list_preference_row--ed45fd03,31ebf8c734e154d04745825780ec4b87f0729c07e8f2070094a99b617c23bab6,d9850cd4ce43407f1f4b93433fa87a63b3129d23c3d44364c6019ef659a39eb0,experiments/android_xml_v2_formal/multimodel_v2_3_40app/runs/deepseek_v4_pro/Boilr--list_preference_row--ed45fd03/full_enhanced
deepseek_v4_pro,deepseek-v4-pro,deepseek,Boilr--list_preference_search--75ddbbbd,Boilr,list_preference_search,3,src-3056b2bfe56729e434e5;src-88fd5cc4d3827443255e;src-f0d6cc85090d070a8333,raw_baseline,1,1,experiments/android_xml_v2_external_extension/top2_matrix/frozen_inputs/Boilr--list_preference_search--75ddbbbd,dc9f174952e27e89836f9db96c20ad76ce823225f09cbd30aef982d4f7f54f68,40368330ad3de58aed6f94bc0a37fb6133972dd99e3b4c18e59b68a56a5c98db,experiments/android_xml_v2_formal/multimodel_v2_3_40app/runs/deepseek_v4_pro/Boilr--list_preference_search--75ddbbbd/raw_baseline
deepseek_v4_pro,deepseek-v4-pro,deepseek,Boilr--list_preference_search--75ddbbbd,Boilr,list_preference_search,3,src-3056b2bfe56729e434e5;src-88fd5cc4d3827443255e;src-f0d6cc85090d070a8333,full_enhanced,1,9,experiments/android_xml_v2_external_extension/top2_matrix/frozen_inputs/Boilr--list_preference_search--75ddbbbd,dc9f174952e27e89836f9db96c20ad76ce823225f09cbd30aef982d4f7f54f68,19ce2e0d86290600f03f27447497fbce375fbbae2cd4bb45606411b7e340c78a,experiments/android_xml_v2_formal/multimodel_v2_3_40app/runs/deepseek_v4_pro/Boilr--list_preference_search--75ddbbbd/full_enhanced
deepseek_v4_pro,deepseek-v4-pro,deepseek,HeaterRC--gpstracker--7a7f9c10,HeaterRC,gpstracker,1,src-baa9976c087180f60de6,raw_baseline,1,1,experiments/android_xml_v2_external_extension/top2_matrix/frozen_inputs/HeaterRC--gpstracker--7a7f9c10,5472199d23e041c76adbab6f8316b6fb573b07155dd8e6e9beacd34d02da086f,07608ba2635995bcbfd6227fd320460861ad4700d472e1a2e55119dfd5f2510e,experiments/android_xml_v2_formal/multimodel_v2_3_40app/runs/deepseek_v4_pro/HeaterRC--gpstracker--7a7f9c10/raw_baseline
deepseek_v4_pro,deepseek-v4-pro,deepseek,HeaterRC--gpstracker--7a7f9c10,HeaterRC,gpstracker,1,src-baa9976c087180f60de6,full_enhanced,1,9,experiments/android_xml_v2_external_extension/top2_matrix/frozen_inputs/HeaterRC--gpstracker--7a7f9c10,5472199d23e041c76adbab6f8316b6fb573b07155dd8e6e9beacd34d02da086f,77430b4d2f657c695d570366c9ca6683631c2fd43c2964e3c61dba43e9c904ef,experiments/android_xml_v2_formal/multimodel_v2_3_40app/runs/deepseek_v4_pro/HeaterRC--gpstracker--7a7f9c10/full_enhanced
deepseek_v4_pro,deepseek-v4-pro,deepseek,HeaterRC--program--6c74c60c,HeaterRC,program,1,src-6a33c915bdc2d04920b5,full_enhanced,1,9,experiments/android_xml_v2_external_extension/top2_matrix/frozen_inputs/HeaterRC--program--6c74c60c,2ecf326065390cf69529ac8360cb896373d75856108b8d4185187de700d0076b,036494828d2112319392ca5f69ade16716b6460dcfea5998bf224facf5374d53,experiments/android_xml_v2_formal/multimodel_v2_3_40app/runs/deepseek_v4_pro/HeaterRC--program--6c74c60c/full_enhanced
deepseek_v4_pro,deepseek-v4-pro,deepseek,HeaterRC--program--6c74c60c,HeaterRC,program,1,src-6a33c915bdc2d04920b5,raw_baseline,1,1,experiments/android_xml_v2_external_extension/top2_matrix/frozen_inputs/HeaterRC--program--6c74c60c,2ecf326065390cf69529ac8360cb896373d75856108b8d4185187de700d0076b,d51ccfd98ba05d534ed2d1b48655683dab17c533bac317114f617f3a078ada8b,experiments/android_xml_v2_formal/multimodel_v2_3_40app/runs/deepseek_v4_pro/HeaterRC--program--6c74c60c/raw_baseline
deepseek_v4_pro,deepseek-v4-pro,deepseek,RasPi-Check--activity_raspi_edit--7f2e9887,RasPi Check,activity_raspi_edit,1,src-bf8f7c2f6e32a91edf50,full_enhanced,1,9,experiments/android_xml_v2_external_extension/top2_matrix/frozen_inputs/RasPi-Check--activity_raspi_edit--7f2e9887,bf9e8cbadf22ee5f546822c8454221864221f07c4d3c15c01ed8d374922c04db,099221a717dc87b775ad5918f3acc158514fc8bd560002c0c004e5935ebde4a5,experiments/android_xml_v2_formal/multimodel_v2_3_40app/runs/deepseek_v4_pro/RasPi-Check--activity_raspi_edit--7f2e9887/full_enhanced
deepseek_v4_pro,deepseek-v4-pro,deepseek,RasPi-Check--activity_raspi_edit--7f2e9887,RasPi Check,activity_raspi_edit,1,src-bf8f7c2f6e32a91edf50,raw_baseline,1,1,experiments/android_xml_v2_external_extension/top2_matrix/frozen_inputs/RasPi-Check--activity_raspi_edit--7f2e9887,bf9e8cbadf22ee5f546822c8454221864221f07c4d3c15c01ed8d374922c04db,1c29944d8638f885219e1ea22b9e0d8cc0e52ace5a5bad732da5fcc09db473d4,experiments/android_xml_v2_formal/multimodel_v2_3_40app/runs/deepseek_v4_pro/RasPi-Check--activity_raspi_edit--7f2e9887/raw_baseline
deepseek_v4_pro,deepseek-v4-pro,deepseek,RasPi-Check--activity_raspi_new_auth--733f4637,RasPi Check,activity_raspi_new_auth,1,src-16e6ddf45f2eaa7cc34e,full_enhanced,1,9,experiments/android_xml_v2_external_extension/top2_matrix/frozen_inputs/RasPi-Check--activity_raspi_new_auth--733f4637,83b84cdd13fe20943cc94480b3b51120d3728fa8dba50f95f0533cb8a2e9c719,0e4e569872fb147ddb47d37dec3b06d5f2645c3704b19b8b98f2b9f33d14e114,experiments/android_xml_v2_formal/multimodel_v2_3_40app/runs/deepseek_v4_pro/RasPi-Check--activity_raspi_new_auth--733f4637/full_enhanced
deepseek_v4_pro,deepseek-v4-pro,deepseek,RasPi-Check--activity_raspi_new_auth--733f4637,RasPi Check,activity_raspi_new_auth,1,src-16e6ddf45f2eaa7cc34e,raw_baseline,1,1,experiments/android_xml_v2_external_extension/top2_matrix/frozen_inputs/RasPi-Check--activity_raspi_new_auth--733f4637,83b84cdd13fe20943cc94480b3b51120d3728fa8dba50f95f0533cb8a2e9c719,b4950882056fc2652248fbf795b5e0700d2127647afd105e14a2e6e76e28fac9,experiments/android_xml_v2_formal/multimodel_v2_3_40app/runs/deepseek_v4_pro/RasPi-Check--activity_raspi_new_auth--733f4637/raw_baseline
deepseek_v4_pro,deepseek-v4-pro,deepseek,RasPi-Check--command_placeholder_row--22c31be9,RasPi Check,command_placeholder_row,1,src-9ccae380f800356a6f9a,raw_baseline,1,1,experiments/android_xml_v2_external_extension/top2_matrix/frozen_inputs/RasPi-Check--command_placeholder_row--22c31be9,a719ed3127f6b00d6c4abb909cbb44ab90eedffbd489163d62dd526a9310b78b,b7d3fe754d40f13be8f9d587196c489bd95c0dbb4ab5fa69f26af6655d11f7c6,experiments/android_xml_v2_formal/multimodel_v2_3_40app/runs/deepseek_v4_pro/RasPi-Check--command_placeholder_row--22c31be9/raw_baseline
deepseek_v4_pro,deepseek-v4-pro,deepseek,RasPi-Check--command_placeholder_row--22c31be9,RasPi Check,command_placeholder_row,1,src-9ccae380f800356a6f9a,full_enhanced,1,9,experiments/android_xml_v2_external_extension/top2_matrix/frozen_inputs/RasPi-Check--command_placeholder_row--22c31be9,a719ed3127f6b00d6c4abb909cbb44ab90eedffbd489163d62dd526a9310b78b,07e33e745a9a13b051361e733b15263bf004a8981c452b9bf413ba1d97e06c66,experiments/android_xml_v2_formal/multimodel_v2_3_40app/runs/deepseek_v4_pro/RasPi-Check--command_placeholder_row--22c31be9/full_enhanced
deepseek_v4_pro,deepseek-v4-pro,deepseek,Ministocks--widget_1x2--47c20d3e,Ministocks,widget_1x2,1,src-faf4fbb03b68b133a7e9,raw_baseline,1,1,experiments/android_xml_v2_external_extension/top2_matrix/frozen_inputs/Ministocks--widget_1x2--47c20d3e,f4fe01589b6b06ee6f97bcc66f1cd35e50f48e6a7e353eda256e892169e02354,575161afd76d13e6135aef2937f339b6ab472f0802aa1f96d8960326d0012f06,experiments/android_xml_v2_formal/multimodel_v2_3_40app/runs/deepseek_v4_pro/Ministocks--widget_1x2--47c20d3e/raw_baseline
deepseek_v4_pro,deepseek-v4-pro,deepseek,Ministocks--widget_1x2--47c20d3e,Ministocks,widget_1x2,1,src-faf4fbb03b68b133a7e9,full_enhanced,1,9,experiments/android_xml_v2_external_extension/top2_matrix/frozen_inputs/Ministocks--widget_1x2--47c20d3e,f4fe01589b6b06ee6f97bcc66f1cd35e50f48e6a7e353eda256e892169e02354,766c3c4ac3bb95545bf372431679978e8ce850bd4b37a1c213b17430c19f044f,experiments/android_xml_v2_formal/multimodel_v2_3_40app/runs/deepseek_v4_pro/Ministocks--widget_1x2--47c20d3e/full_enhanced
deepseek_v4_pro,deepseek-v4-pro,deepseek,Ministocks--widget_1x4--fc2db1d6,Ministocks,widget_1x4,1,src-eadf68a10161c40a1eb1,raw_baseline,1,1,experiments/android_xml_v2_external_extension/top2_matrix/frozen_inputs/Ministocks--widget_1x4--fc2db1d6,25ef4c2035769e90354587da4297a2fc082b7be77ce51d02e19cfcef4ef8a08a,3ff528b64591e3ce62771d9560599e71a5e2ccc611b917ec90451e37e0348594,experiments/android_xml_v2_formal/multimodel_v2_3_40app/runs/deepseek_v4_pro/Ministocks--widget_1x4--fc2db1d6/raw_baseline
deepseek_v4_pro,deepseek-v4-pro,deepseek,Ministocks--widget_1x4--fc2db1d6,Ministocks,widget_1x4,1,src-eadf68a10161c40a1eb1,full_enhanced,1,9,experiments/android_xml_v2_external_extension/top2_matrix/frozen_inputs/Ministocks--widget_1x4--fc2db1d6,25ef4c2035769e90354587da4297a2fc082b7be77ce51d02e19cfcef4ef8a08a,4e9fa4ce092bc1ca0f784b72995c5ba226930773c954f6e080887bbc2abc0741,experiments/android_xml_v2_formal/multimodel_v2_3_40app/runs/deepseek_v4_pro/Ministocks--widget_1x4--fc2db1d6/full_enhanced
deepseek_v4_pro,deepseek-v4-pro,deepseek,Ministocks--widget_1x4_large--c1bb402a,Ministocks,widget_1x4_large,1,src-62d7eeb0723ca9a93536,raw_baseline,1,1,experiments/android_xml_v2_external_extension/top2_matrix/frozen_inputs/Ministocks--widget_1x4_large--c1bb402a,a4bec56e45c73950f983dcdbeb7b27749bd339958307dafe81f94cf531214de6,9659b78302c66da2650308603571a701dd968c98661ca2c5b1a26636e1d8473e,experiments/android_xml_v2_formal/multimodel_v2_3_40app/runs/deepseek_v4_pro/Ministocks--widget_1x4_large--c1bb402a/raw_baseline
deepseek_v4_pro,deepseek-v4-pro,deepseek,Ministocks--widget_1x4_large--c1bb402a,Ministocks,widget_1x4_large,1,src-62d7eeb0723ca9a93536,full_enhanced,1,9,experiments/android_xml_v2_external_extension/top2_matrix/frozen_inputs/Ministocks--widget_1x4_large--c1bb402a,a4bec56e45c73950f983dcdbeb7b27749bd339958307dafe81f94cf531214de6,b360fde7c535df3cf6ef5bb1e26ee53b0425aa55a203083e6d18a3c399fe7c90,experiments/android_xml_v2_formal/multimodel_v2_3_40app/runs/deepseek_v4_pro/Ministocks--widget_1x4_large--c1bb402a/full_enhanced
deepseek_v4_pro,deepseek-v4-pro,deepseek,PalmCalc-2019--about_fragment--68a45f11,PalmCalc 2019+,about_fragment,1,src-7aa53d8223ab67641897,raw_baseline,1,1,experiments/android_xml_v2_external_extension/top2_matrix/frozen_inputs/PalmCalc-2019--about_fragment--68a45f11,ae9f15661198cf8ad3b44f5a40736bb7774f363d233ac265cf06fba578fb279e,d728f6154e45ae38946c001f44c942e4cdc0399d7bb56a4893a9a838b0525d2b,experiments/android_xml_v2_formal/multimodel_v2_3_40app/runs/deepseek_v4_pro/PalmCalc-2019--about_fragment--68a45f11/raw_baseline
deepseek_v4_pro,deepseek-v4-pro,deepseek,PalmCalc-2019--about_fragment--68a45f11,PalmCalc 2019+,about_fragment,1,src-7aa53d8223ab67641897,full_enhanced,1,9,experiments/android_xml_v2_external_extension/top2_matrix/frozen_inputs/PalmCalc-2019--about_fragment--68a45f11,ae9f15661198cf8ad3b44f5a40736bb7774f363d233ac265cf06fba578fb279e,292d3d9295fe34f46f05b37e377a3d9182aab70913634eb9cb1b942f2c3a6e74,experiments/android_xml_v2_formal/multimodel_v2_3_40app/runs/deepseek_v4_pro/PalmCalc-2019--about_fragment--68a45f11/full_enhanced
deepseek_v4_pro,deepseek-v4-pro,deepseek,PalmCalc-2019--activity_scientific--cfd80143,PalmCalc 2019+,activity_scientific,2,src-a0f0fdb10c3bf5e96386;src-a8c8379b7563f8636b8b,full_enhanced,1,9,experiments/android_xml_v2_external_extension/top2_matrix/frozen_inputs/PalmCalc-2019--activity_scientific--cfd80143,b25484dfb4e2a15bc23aab812fb60e3f45dba3ffa2cc2d7b98cf2f90225d8bca,588d66ce288f29c85a490902fb8a714452287ec0ff1d12effb6541df1cc950d2,experiments/android_xml_v2_formal/multimodel_v2_3_40app/runs/deepseek_v4_pro/PalmCalc-2019--activity_scientific--cfd80143/full_enhanced
deepseek_v4_pro,deepseek-v4-pro,deepseek,PalmCalc-2019--activity_scientific--cfd80143,PalmCalc 2019+,activity_scientific,2,src-a0f0fdb10c3bf5e96386;src-a8c8379b7563f8636b8b,raw_baseline,1,1,experiments/android_xml_v2_external_extension/top2_matrix/frozen_inputs/PalmCalc-2019--activity_scientific--cfd80143,b25484dfb4e2a15bc23aab812fb60e3f45dba3ffa2cc2d7b98cf2f90225d8bca,1da37d3b782e757df3952f18c8b7b26565a4f949c936cb71b4f2e04354839c3b,experiments/android_xml_v2_formal/multimodel_v2_3_40app/runs/deepseek_v4_pro/PalmCalc-2019--activity_scientific--cfd80143/raw_baseline
deepseek_v4_pro,deepseek-v4-pro,deepseek,PalmCalc-2019--basic_final--30deba57,PalmCalc 2019+,basic_final,1,src-fc66155f2064a079c3c0,raw_baseline,1,1,experiments/android_xml_v2_external_extension/top2_matrix/frozen_inputs/PalmCalc-2019--basic_final--30deba57,d16151b6bfa5e484784b8782480ac410399c3c35ecc56a7b1d1fa305f3262069,ab4626f9a1af17c9817c10f36e65cebe3c4b86314fdba0bb6d50bb4e9d63b5cb,experiments/android_xml_v2_formal/multimodel_v2_3_40app/runs/deepseek_v4_pro/PalmCalc-2019--basic_final--30deba57/raw_baseline
deepseek_v4_pro,deepseek-v4-pro,deepseek,PalmCalc-2019--basic_final--30deba57,PalmCalc 2019+,basic_final,1,src-fc66155f2064a079c3c0,full_enhanced,1,9,experiments/android_xml_v2_external_extension/top2_matrix/frozen_inputs/PalmCalc-2019--basic_final--30deba57,d16151b6bfa5e484784b8782480ac410399c3c35ecc56a7b1d1fa305f3262069,3974ff8055821d5d02f21de719bb9fae1a67c68ed0fab69f68aee55c7105bbd9,experiments/android_xml_v2_formal/multimodel_v2_3_40app/runs/deepseek_v4_pro/PalmCalc-2019--basic_final--30deba57/full_enhanced
deepseek_v4_pro,deepseek-v4-pro,deepseek,mythmote--fragment_mythmote_interactivetv--e349e4fe,mythmote,fragment_mythmote_interactivetv,2,src-54a04fa5357dd24a3f11;src-c497b8eabbf924647729,raw_baseline,1,1,experiments/android_xml_v2_external_extension/top2_matrix/frozen_inputs/mythmote--fragment_mythmote_interactivetv--e349e4fe,5e662db6331d1ed0590ae5048fd4018b03f9a3516ba64ec93d7f239f96772833,92105e2ab5e480962a8d4f1e6d7d02ffa40dbc7551c2301ce71498f6d8fa966f,experiments/android_xml_v2_formal/multimodel_v2_3_40app/runs/deepseek_v4_pro/mythmote--fragment_mythmote_interactivetv--e349e4fe/raw_baseline
deepseek_v4_pro,deepseek-v4-pro,deepseek,mythmote--fragment_mythmote_interactivetv--e349e4fe,mythmote,fragment_mythmote_interactivetv,2,src-54a04fa5357dd24a3f11;src-c497b8eabbf924647729,full_enhanced,1,9,experiments/android_xml_v2_external_extension/top2_matrix/frozen_inputs/mythmote--fragment_mythmote_interactivetv--e349e4fe,5e662db6331d1ed0590ae5048fd4018b03f9a3516ba64ec93d7f239f96772833,f55fa91459adf520f2109a0d2119433e2d155c66913b65b30ae100f7d2204f17,experiments/android_xml_v2_formal/multimodel_v2_3_40app/runs/deepseek_v4_pro/mythmote--fragment_mythmote_interactivetv--e349e4fe/full_enhanced
deepseek_v4_pro,deepseek-v4-pro,deepseek,mythmote--dialog_rename--a2763b42,mythmote,dialog_rename,1,src-8ac9bf8928102fe419dc,full_enhanced,1,9,experiments/android_xml_v2_external_extension/top2_matrix/frozen_inputs/mythmote--dialog_rename--a2763b42,d25b276edd2d11d5785ff2c4f4c230f34f1cb617971596125d13210c3fd98d4b,6e8ce5bc588cde26d6813a907cfc91c6f0e2691aeb6deee678e2e3a3d90f86ae,experiments/android_xml_v2_formal/multimodel_v2_3_40app/runs/deepseek_v4_pro/mythmote--dialog_rename--a2763b42/full_enhanced
deepseek_v4_pro,deepseek-v4-pro,deepseek,mythmote--dialog_rename--a2763b42,mythmote,dialog_rename,1,src-8ac9bf8928102fe419dc,raw_baseline,1,1,experiments/android_xml_v2_external_extension/top2_matrix/frozen_inputs/mythmote--dialog_rename--a2763b42,d25b276edd2d11d5785ff2c4f4c230f34f1cb617971596125d13210c3fd98d4b,7aa24ebabfd21f2c9f4725220dd7b1382f6ed970c3f9c3fc96390044ae22dfaf,experiments/android_xml_v2_formal/multimodel_v2_3_40app/runs/deepseek_v4_pro/mythmote--dialog_rename--a2763b42/raw_baseline
deepseek_v4_pro,deepseek-v4-pro,deepseek,mythmote--fragment_mythmote_keyboardinput--09580f28,mythmote,fragment_mythmote_keyboardinput,1,src-c6601df1b022a1c415ca,raw_baseline,1,1,experiments/android_xml_v2_external_extension/top2_matrix/frozen_inputs/mythmote--fragment_mythmote_keyboardinput--09580f28,e3b5509a1b359ad725975ab1d4276bfd95fe5e51a2c9a075dc8ccc86154b195b,891be9e7d5963d105b69a53d68ae7d3a3474fa9ff8cb742f64519b175e95654d,experiments/android_xml_v2_formal/multimodel_v2_3_40app/runs/deepseek_v4_pro/mythmote--fragment_mythmote_keyboardinput--09580f28/raw_baseline
deepseek_v4_pro,deepseek-v4-pro,deepseek,mythmote--fragment_mythmote_keyboardinput--09580f28,mythmote,fragment_mythmote_keyboardinput,1,src-c6601df1b022a1c415ca,full_enhanced,1,9,experiments/android_xml_v2_external_extension/top2_matrix/frozen_inputs/mythmote--fragment_mythmote_keyboardinput--09580f28,e3b5509a1b359ad725975ab1d4276bfd95fe5e51a2c9a075dc8ccc86154b195b,3453bbabe2b0d8b19491366c9bd989aff0646b419b9ce702137bff2b3b74ceda,experiments/android_xml_v2_formal/multimodel_v2_3_40app/runs/deepseek_v4_pro/mythmote--fragment_mythmote_keyboardinput--09580f28/full_enhanced
deepseek_v4_pro,deepseek-v4-pro,deepseek,Money-Tracker--activity_add_exchange_rate--4b806068,Money Tracker,activity_add_exchange_rate,1,src-4eb1e92e81f006faf885,full_enhanced,1,9,experiments/android_xml_v2_external_extension/top2_matrix/frozen_inputs/Money-Tracker--activity_add_exchange_rate--4b806068,f7e60a112d9a1871f5ccdf0691ff9a4c029dc8869faed761adfbde4bcba9b4ee,33e9dd091a34807ed6a33aa82c4fef74715e194667bc7dcdc9222d97eb7954b5,experiments/android_xml_v2_formal/multimodel_v2_3_40app/runs/deepseek_v4_pro/Money-Tracker--activity_add_exchange_rate--4b806068/full_enhanced
deepseek_v4_pro,deepseek-v4-pro,deepseek,Money-Tracker--activity_add_exchange_rate--4b806068,Money Tracker,activity_add_exchange_rate,1,src-4eb1e92e81f006faf885,raw_baseline,1,1,experiments/android_xml_v2_external_extension/top2_matrix/frozen_inputs/Money-Tracker--activity_add_exchange_rate--4b806068,f7e60a112d9a1871f5ccdf0691ff9a4c029dc8869faed761adfbde4bcba9b4ee,827701afc49a574de4e05e1ab70590ad15dbdd7ca2154ba857e56b688c49bffd,experiments/android_xml_v2_formal/multimodel_v2_3_40app/runs/deepseek_v4_pro/Money-Tracker--activity_add_exchange_rate--4b806068/raw_baseline
deepseek_v4_pro,deepseek-v4-pro,deepseek,Money-Tracker--activity_add_record--768fe3ed,Money Tracker,activity_add_record,2,src-07f958ac3899bbfae7fe;src-89ddeb6e1dcee1f34e69,raw_baseline,1,1,experiments/android_xml_v2_external_extension/top2_matrix/frozen_inputs/Money-Tracker--activity_add_record--768fe3ed,07c04f4eac0671c61807db30d179102f38433e0a999d31931743ffa1a93787b4,d8e73383367e7b202fb5a038752ae671047915ae7e0f4b07f7af24753e191ad0,experiments/android_xml_v2_formal/multimodel_v2_3_40app/runs/deepseek_v4_pro/Money-Tracker--activity_add_record--768fe3ed/raw_baseline
deepseek_v4_pro,deepseek-v4-pro,deepseek,Money-Tracker--activity_add_record--768fe3ed,Money Tracker,activity_add_record,2,src-07f958ac3899bbfae7fe;src-89ddeb6e1dcee1f34e69,full_enhanced,1,9,experiments/android_xml_v2_external_extension/top2_matrix/frozen_inputs/Money-Tracker--activity_add_record--768fe3ed,07c04f4eac0671c61807db30d179102f38433e0a999d31931743ffa1a93787b4,3e9f247fd9dd0569da5de9f4e97f4c40ae7875e659fc25a47d3f4cd2d8053723,experiments/android_xml_v2_formal/multimodel_v2_3_40app/runs/deepseek_v4_pro/Money-Tracker--activity_add_record--768fe3ed/full_enhanced
deepseek_v4_pro,deepseek-v4-pro,deepseek,Money-Tracker--activity_import_export--77882190,Money Tracker,activity_import_export,1,src-9fc9ea4b465c64070dc8,raw_baseline,1,1,experiments/android_xml_v2_external_extension/top2_matrix/frozen_inputs/Money-Tracker--activity_import_export--77882190,9746f8e18abe8c24aeffdcfe6789c37c5f37ecfe74b900886ccf16ad3e4c83f2,9fa9b1888d9a0e71042539bc67f593e6e8d2f6fd33704764588b12410414e4db,experiments/android_xml_v2_formal/multimodel_v2_3_40app/runs/deepseek_v4_pro/Money-Tracker--activity_import_export--77882190/raw_baseline
deepseek_v4_pro,deepseek-v4-pro,deepseek,Money-Tracker--activity_import_export--77882190,Money Tracker,activity_import_export,1,src-9fc9ea4b465c64070dc8,full_enhanced,1,9,experiments/android_xml_v2_external_extension/top2_matrix/frozen_inputs/Money-Tracker--activity_import_export--77882190,9746f8e18abe8c24aeffdcfe6789c37c5f37ecfe74b900886ccf16ad3e4c83f2,c8ddfe524f700b3d06543b0ec53e11f17361304c2e3f30b05b87bf5f65a29d5c,experiments/android_xml_v2_formal/multimodel_v2_3_40app/runs/deepseek_v4_pro/Money-Tracker--activity_import_export--77882190/full_enhanced
deepseek_v4_pro,deepseek-v4-pro,deepseek,Trivia-You--dialog_download--fb56f16a,Trivia You,dialog_download,1,src-4bdb38bd6efbcfb0df7d,full_enhanced,1,9,experiments/android_xml_v2_external_extension/top2_matrix/frozen_inputs/Trivia-You--dialog_download--fb56f16a,d4aa2ad943b7b6ddb59c9bf59fa06b7ba2e873b7f124ba08c10b32eb725a6187,7fad00b9c022e5a75c6a53c9510bdc5cf7ffcd215595df575c293b6d6a9d4683,experiments/android_xml_v2_formal/multimodel_v2_3_40app/runs/deepseek_v4_pro/Trivia-You--dialog_download--fb56f16a/full_enhanced
deepseek_v4_pro,deepseek-v4-pro,deepseek,Trivia-You--dialog_download--fb56f16a,Trivia You,dialog_download,1,src-4bdb38bd6efbcfb0df7d,raw_baseline,1,1,experiments/android_xml_v2_external_extension/top2_matrix/frozen_inputs/Trivia-You--dialog_download--fb56f16a,d4aa2ad943b7b6ddb59c9bf59fa06b7ba2e873b7f124ba08c10b32eb725a6187,1540f0e6fe2aa2106f89185bb862d8f1d830682b5bc7eaa491da6dcc7be764dd,experiments/android_xml_v2_formal/multimodel_v2_3_40app/runs/deepseek_v4_pro/Trivia-You--dialog_download--fb56f16a/raw_baseline
deepseek_v4_pro,deepseek-v4-pro,deepseek,Trivia-You--dialog_edit_text--68e304c1,Trivia You,dialog_edit_text,1,src-57280572d3e05d5a2981,raw_baseline,1,1,experiments/android_xml_v2_external_extension/top2_matrix/frozen_inputs/Trivia-You--dialog_edit_text--68e304c1,1c8b07daa18e071b3cba9cb2f36aa0cb7739eb53c62210fe3d1016599035a35a,955b599a2a766bdd5f5d1e833017cd790bb746f681f7b052bea4c8719a6c41ce,experiments/android_xml_v2_formal/multimodel_v2_3_40app/runs/deepseek_v4_pro/Trivia-You--dialog_edit_text--68e304c1/raw_baseline
deepseek_v4_pro,deepseek-v4-pro,deepseek,Trivia-You--dialog_edit_text--68e304c1,Trivia You,dialog_edit_text,1,src-57280572d3e05d5a2981,full_enhanced,1,9,experiments/android_xml_v2_external_extension/top2_matrix/frozen_inputs/Trivia-You--dialog_edit_text--68e304c1,1c8b07daa18e071b3cba9cb2f36aa0cb7739eb53c62210fe3d1016599035a35a,10f469e7bb2811a8602caf7cf092bbb530e59dfaa6cca2807d8f03f1e8e3f8d6,experiments/android_xml_v2_formal/multimodel_v2_3_40app/runs/deepseek_v4_pro/Trivia-You--dialog_edit_text--68e304c1/full_enhanced
deepseek_v4_pro,deepseek-v4-pro,deepseek,Trivia-You--fragment_create_quiz--e9ee6c16,Trivia You,fragment_create_quiz,2,src-5864d64e5a9e080814f5;src-78aead24089d4ea00aaa,raw_baseline,1,1,experiments/android_xml_v2_external_extension/top2_matrix/frozen_inputs/Trivia-You--fragment_create_quiz--e9ee6c16,1e48c1c1a71b9aca27422b80a1e18c031dd28c276c396b03975296a98b94e2e6,93820d9305b534a211b714bf994a54676d1e5f44cc82e19d1e28357b73d5f8e5,experiments/android_xml_v2_formal/multimodel_v2_3_40app/runs/deepseek_v4_pro/Trivia-You--fragment_create_quiz--e9ee6c16/raw_baseline
deepseek_v4_pro,deepseek-v4-pro,deepseek,Trivia-You--fragment_create_quiz--e9ee6c16,Trivia You,fragment_create_quiz,2,src-5864d64e5a9e080814f5;src-78aead24089d4ea00aaa,full_enhanced,1,9,experiments/android_xml_v2_external_extension/top2_matrix/frozen_inputs/Trivia-You--fragment_create_quiz--e9ee6c16,1e48c1c1a71b9aca27422b80a1e18c031dd28c276c396b03975296a98b94e2e6,6ec9972c3b694f83f209f66a41f1fbeec1ddfd11f420de1724991e66257e5762,experiments/android_xml_v2_formal/multimodel_v2_3_40app/runs/deepseek_v4_pro/Trivia-You--fragment_create_quiz--e9ee6c16/full_enhanced
deepseek_v4_pro,deepseek-v4-pro,deepseek,Glucosio--activity_a1_calculator--461917ba,Glucosio,activity_a1_calculator,1,src-6a0ba2aa16916a288223,raw_baseline,1,1,experiments/android_xml_v2_external_extension/top2_matrix/frozen_inputs/Glucosio--activity_a1_calculator--461917ba,ec347353beeed4b79e608c6386677dba0f69a7edf84d0bc9c472f50c914c944a,d9a7fbdf59360bc8d46fbbce9b9d8abae60f5fd8fdbd04097a0c0ea0ba0c25d5,experiments/android_xml_v2_formal/multimodel_v2_3_40app/runs/deepseek_v4_pro/Glucosio--activity_a1_calculator--461917ba/raw_baseline
deepseek_v4_pro,deepseek-v4-pro,deepseek,Glucosio--activity_a1_calculator--461917ba,Glucosio,activity_a1_calculator,1,src-6a0ba2aa16916a288223,full_enhanced,1,9,experiments/android_xml_v2_external_extension/top2_matrix/frozen_inputs/Glucosio--activity_a1_calculator--461917ba,ec347353beeed4b79e608c6386677dba0f69a7edf84d0bc9c472f50c914c944a,25d1f01477b22256a8603a1efd9b4730994806dd9cf0b0b0d73b4da5bc25d340,experiments/android_xml_v2_formal/multimodel_v2_3_40app/runs/deepseek_v4_pro/Glucosio--activity_a1_calculator--461917ba/full_enhanced
deepseek_v4_pro,deepseek-v4-pro,deepseek,Glucosio--fragment_assistant--c8a9c95d,Glucosio,fragment_assistant,1,src-15dcbf378a83c4358cd0,full_enhanced,1,9,experiments/android_xml_v2_external_extension/top2_matrix/frozen_inputs/Glucosio--fragment_assistant--c8a9c95d,803d831b752d3328f88a9e2936f73a423b724641beecf61dada6047558cfea1e,b1b2fc75cbc0a9a0a1f6b21a97b602b06a3fb21cfe01b3a724024e0d6e648797,experiments/android_xml_v2_formal/multimodel_v2_3_40app/runs/deepseek_v4_pro/Glucosio--fragment_assistant--c8a9c95d/full_enhanced
deepseek_v4_pro,deepseek-v4-pro,deepseek,Glucosio--fragment_assistant--c8a9c95d,Glucosio,fragment_assistant,1,src-15dcbf378a83c4358cd0,raw_baseline,1,1,experiments/android_xml_v2_external_extension/top2_matrix/frozen_inputs/Glucosio--fragment_assistant--c8a9c95d,803d831b752d3328f88a9e2936f73a423b724641beecf61dada6047558cfea1e,c38bc4810c876e29090652c5efd8f81703e7ae53c7e22950b1cb39f7291ba89a,experiments/android_xml_v2_formal/multimodel_v2_3_40app/runs/deepseek_v4_pro/Glucosio--fragment_assistant--c8a9c95d/raw_baseline
deepseek_v4_pro,deepseek-v4-pro,deepseek,Glucosio--fragment_history--5ff7a2b4,Glucosio,fragment_history,1,src-97e9f0b1fb61a2bc257b,raw_baseline,1,1,experiments/android_xml_v2_external_extension/top2_matrix/frozen_inputs/Glucosio--fragment_history--5ff7a2b4,3076bd1753ebac203cde5f4858364f84fea16bb43ccb6c6c0d9f11d841dd43eb,29da5ef560c70c14c0e9e29e74cef146c5236c70643ed98015c4e822018e8982,experiments/android_xml_v2_formal/multimodel_v2_3_40app/runs/deepseek_v4_pro/Glucosio--fragment_history--5ff7a2b4/raw_baseline
deepseek_v4_pro,deepseek-v4-pro,deepseek,Glucosio--fragment_history--5ff7a2b4,Glucosio,fragment_history,1,src-97e9f0b1fb61a2bc257b,full_enhanced,1,9,experiments/android_xml_v2_external_extension/top2_matrix/frozen_inputs/Glucosio--fragment_history--5ff7a2b4,3076bd1753ebac203cde5f4858364f84fea16bb43ccb6c6c0d9f11d841dd43eb,8e02616529f9b355b8c31e4e24d4d76124897ce9d93e8f2a93aa507320c82efd,experiments/android_xml_v2_formal/multimodel_v2_3_40app/runs/deepseek_v4_pro/Glucosio--fragment_history--5ff7a2b4/full_enhanced
deepseek_v4_pro,deepseek-v4-pro,deepseek,sesam--activity_myprofile--4a0f917e,sesam,activity_myprofile,1,src-55ec2a17c837a72bce61,full_enhanced,1,9,experiments/android_xml_v2_external_extension/top2_matrix/frozen_inputs/sesam--activity_myprofile--4a0f917e,c9cf0904c9c9c4668edc22a105a8b082b6d2962cce01da5ceb7dec2eb71cc963,892aab0768a857218a2c0f587ef86a5bca76b2358137f66121d40291943b19a9,experiments/android_xml_v2_formal/multimodel_v2_3_40app/runs/deepseek_v4_pro/sesam--activity_myprofile--4a0f917e/full_enhanced
deepseek_v4_pro,deepseek-v4-pro,deepseek,sesam--activity_myprofile--4a0f917e,sesam,activity_myprofile,1,src-55ec2a17c837a72bce61,raw_baseline,1,1,experiments/android_xml_v2_external_extension/top2_matrix/frozen_inputs/sesam--activity_myprofile--4a0f917e,c9cf0904c9c9c4668edc22a105a8b082b6d2962cce01da5ceb7dec2eb71cc963,c0915c3a12378857b8bd1ab9207a4d67bedf0d8e5b440eb9d7f0b1e5cff3f532,experiments/android_xml_v2_formal/multimodel_v2_3_40app/runs/deepseek_v4_pro/sesam--activity_myprofile--4a0f917e/raw_baseline
deepseek_v4_pro,deepseek-v4-pro,deepseek,sesam--dialog_domain--557028e9,sesam,dialog_domain,1,src-0b263714361b4bf9dc69,raw_baseline,1,1,experiments/android_xml_v2_external_extension/top2_matrix/frozen_inputs/sesam--dialog_domain--557028e9,2198bf840f58d20a7d737f55d5879be02d125c9a1f1ec03d6e8d61e1f6f08502,8a7fcb37c176a8fa8ae9a0e3ac664e1d90684543b6da80ab2f800ea6a10e2349,experiments/android_xml_v2_formal/multimodel_v2_3_40app/runs/deepseek_v4_pro/sesam--dialog_domain--557028e9/raw_baseline
deepseek_v4_pro,deepseek-v4-pro,deepseek,sesam--dialog_domain--557028e9,sesam,dialog_domain,1,src-0b263714361b4bf9dc69,full_enhanced,1,9,experiments/android_xml_v2_external_extension/top2_matrix/frozen_inputs/sesam--dialog_domain--557028e9,2198bf840f58d20a7d737f55d5879be02d125c9a1f1ec03d6e8d61e1f6f08502,9de28f180fbb4a43b4456e8e83b210959f010ae34b86328d7d80d90b18d2dbf6,experiments/android_xml_v2_formal/multimodel_v2_3_40app/runs/deepseek_v4_pro/sesam--dialog_domain--557028e9/full_enhanced
deepseek_v4_pro,deepseek-v4-pro,deepseek,sesam--dialog_profile--b0db8e89,sesam,dialog_profile,2,src-8f03acce56778fdbe56f;src-edc90e398eb7dc817f46,raw_baseline,1,1,experiments/android_xml_v2_external_extension/top2_matrix/frozen_inputs/sesam--dialog_profile--b0db8e89,e6009f7835a624a07f0c846f4f9a0af59b40224bcc008cb509a696ca43fd6b37,4e78e61974aff04fe30737abca5c1f374eed280641009db069e5662dfe9db9af,experiments/android_xml_v2_formal/multimodel_v2_3_40app/runs/deepseek_v4_pro/sesam--dialog_profile--b0db8e89/raw_baseline
deepseek_v4_pro,deepseek-v4-pro,deepseek,sesam--dialog_profile--b0db8e89,sesam,dialog_profile,2,src-8f03acce56778fdbe56f;src-edc90e398eb7dc817f46,full_enhanced,1,9,experiments/android_xml_v2_external_extension/top2_matrix/frozen_inputs/sesam--dialog_profile--b0db8e89,e6009f7835a624a07f0c846f4f9a0af59b40224bcc008cb509a696ca43fd6b37,4fcb5c915fd5894557a3bac21e3b0722856e28f90e00f73dc4b460324a655b5e,experiments/android_xml_v2_formal/multimodel_v2_3_40app/runs/deepseek_v4_pro/sesam--dialog_profile--b0db8e89/full_enhanced
gpt_5_6_sol,gpt-5.6-sol,openai,Prav--actionview_search--c4f4fbe0,Prav,actionview_search,1,src-a930b758db8b23d1d866,full_enhanced,1,9,experiments/android_xml_v2_rag/test_v2_1/matrix/frozen_inputs/Prav--actionview_search--c4f4fbe0,24da4775a8ef6d6a8440c19819133edac02f38c55bf89435439712e8fbeded21,005b593e6e11a2010e94168bc5f95e02cdbc4c9e911a038d196d5380eb5c5f2a,experiments/android_xml_v2_formal/multimodel_v2_3_40app/runs/gpt_5_6_sol/Prav--actionview_search--c4f4fbe0/full_enhanced
gpt_5_6_sol,gpt-5.6-sol,openai,Prav--actionview_search--c4f4fbe0,Prav,actionview_search,1,src-a930b758db8b23d1d866,raw_baseline,1,1,experiments/android_xml_v2_rag/test_v2_1/matrix/frozen_inputs/Prav--actionview_search--c4f4fbe0,24da4775a8ef6d6a8440c19819133edac02f38c55bf89435439712e8fbeded21,f3d957328e7a884a4c68604371ee0727386862182ab81ac69534f5dc273e094a,experiments/android_xml_v2_formal/multimodel_v2_3_40app/runs/gpt_5_6_sol/Prav--actionview_search--c4f4fbe0/raw_baseline
gpt_5_6_sol,gpt-5.6-sol,openai,Prav--dialog_quickedit--585924ff,Prav,dialog_quickedit,1,src-abd32317fd9b602b362d,raw_baseline,1,1,experiments/android_xml_v2_rag/test_v2_1/matrix/frozen_inputs/Prav--dialog_quickedit--585924ff,6a7272f2a539f96e43a3520b9d68c498bfb304a1700e6a78ab28c46b4a23ce4b,ad052468bfdcb1cf676a4a3310f6fe32a54237240255d33d4e211406acdd7e16,experiments/android_xml_v2_formal/multimodel_v2_3_40app/runs/gpt_5_6_sol/Prav--dialog_quickedit--585924ff/raw_baseline
gpt_5_6_sol,gpt-5.6-sol,openai,Prav--dialog_quickedit--585924ff,Prav,dialog_quickedit,1,src-abd32317fd9b602b362d,full_enhanced,1,9,experiments/android_xml_v2_rag/test_v2_1/matrix/frozen_inputs/Prav--dialog_quickedit--585924ff,6a7272f2a539f96e43a3520b9d68c498bfb304a1700e6a78ab28c46b4a23ce4b,47f987065731a7f907e9a41ddd03bfbaa7edd3f686f9c9fadf86130abdb444bd,experiments/android_xml_v2_formal/multimodel_v2_3_40app/runs/gpt_5_6_sol/Prav--dialog_quickedit--585924ff/full_enhanced
gpt_5_6_sol,gpt-5.6-sol,openai,Prav--item_account--91f3f68c,Prav,item_account,1,src-43583afaca5d9b10eecd,full_enhanced,1,9,experiments/android_xml_v2_rag/test_v2_1/matrix/frozen_inputs/Prav--item_account--91f3f68c,53bd2562f4d329454b5b1a82c60e2a4a4195c455d697844d995ec894c6750f05,a3f305324944feb6a7d609b72c67a23637048dee547b57607055501c46b18e0c,experiments/android_xml_v2_formal/multimodel_v2_3_40app/runs/gpt_5_6_sol/Prav--item_account--91f3f68c/full_enhanced
gpt_5_6_sol,gpt-5.6-sol,openai,Prav--item_account--91f3f68c,Prav,item_account,1,src-43583afaca5d9b10eecd,raw_baseline,1,1,experiments/android_xml_v2_rag/test_v2_1/matrix/frozen_inputs/Prav--item_account--91f3f68c,53bd2562f4d329454b5b1a82c60e2a4a4195c455d697844d995ec894c6750f05,a987843dafade1c288d8aee9d1f1c9c7a48f1d2023d23c6b02db12b54b1db36b,experiments/android_xml_v2_formal/multimodel_v2_3_40app/runs/gpt_5_6_sol/Prav--item_account--91f3f68c/raw_baseline
gpt_5_6_sol,gpt-5.6-sol,openai,Prav--item_device_fingerprint--c2a4f706,Prav,item_device_fingerprint,1,src-248a2284bfbcf701d37c,full_enhanced,1,9,experiments/android_xml_v2_rag/test_v2_1/matrix/frozen_inputs/Prav--item_device_fingerprint--c2a4f706,c85f363f34c57571f5da5c80e0d6bdc95d57614c4753b78baa8a2ec2ae06300c,6295e92a44c03f443d7174cc77ec6f4852a3c85481392ea3104dc0ed5506101b,experiments/android_xml_v2_formal/multimodel_v2_3_40app/runs/gpt_5_6_sol/Prav--item_device_fingerprint--c2a4f706/full_enhanced
gpt_5_6_sol,gpt-5.6-sol,openai,Prav--item_device_fingerprint--c2a4f706,Prav,item_device_fingerprint,1,src-248a2284bfbcf701d37c,raw_baseline,1,1,experiments/android_xml_v2_rag/test_v2_1/matrix/frozen_inputs/Prav--item_device_fingerprint--c2a4f706,c85f363f34c57571f5da5c80e0d6bdc95d57614c4753b78baa8a2ec2ae06300c,22e81ef3f23934bc5631b7b725c44700026986ad3aec3aa23bde26b128db1ab7,experiments/android_xml_v2_formal/multimodel_v2_3_40app/runs/gpt_5_6_sol/Prav--item_device_fingerprint--c2a4f706/raw_baseline
gpt_5_6_sol,gpt-5.6-sol,openai,Prav--activity_enter_number--9be435a5,Prav,activity_enter_number,1,src-34b679a204750456af75,full_enhanced,1,9,experiments/android_xml_v2_rag/test_v2_1/matrix/frozen_inputs/Prav--activity_enter_number--9be435a5,40c3ebc660c8a117c2ed11f8f05531d8e44a2b4ff71697424bb2aeee391f604b,111b4f725f90642ca220d6ee40a7bdb6c6cb3f6fa6c0b28408ee4b9db731a0b0,experiments/android_xml_v2_formal/multimodel_v2_3_40app/runs/gpt_5_6_sol/Prav--activity_enter_number--9be435a5/full_enhanced
gpt_5_6_sol,gpt-5.6-sol,openai,Prav--activity_enter_number--9be435a5,Prav,activity_enter_number,1,src-34b679a204750456af75,raw_baseline,1,1,experiments/android_xml_v2_rag/test_v2_1/matrix/frozen_inputs/Prav--activity_enter_number--9be435a5,40c3ebc660c8a117c2ed11f8f05531d8e44a2b4ff71697424bb2aeee391f604b,978bfb87e8bd8385b05bf304bb287539c876742b50f9942b23019659a54a0403,experiments/android_xml_v2_formal/multimodel_v2_3_40app/runs/gpt_5_6_sol/Prav--activity_enter_number--9be435a5/raw_baseline
gpt_5_6_sol,gpt-5.6-sol,openai,MoneyWallet--dialog_recurrence_setting_picker--af878423,MoneyWallet,dialog_recurrence_setting_picker,3,src-32b6c07c9bc47145c7c9;src-36c68a8280e18d6fc2c2;src-769ea8922935c71fb529,raw_baseline,1,1,experiments/android_xml_v2_rag/test_v2_1/matrix/frozen_inputs/MoneyWallet--dialog_recurrence_setting_picker--af878423,31ca534bcefbdd53a12fbf0f8b27826db629d5c11f34cb675a8b90c3e448a8bf,35d92ec841f677fdc1f8742cbae7d11342851c8b3265c609b77e0a4b66ec788e,experiments/android_xml_v2_formal/multimodel_v2_3_40app/runs/gpt_5_6_sol/MoneyWallet--dialog_recurrence_setting_picker--af878423/raw_baseline
gpt_5_6_sol,gpt-5.6-sol,openai,MoneyWallet--dialog_recurrence_setting_picker--af878423,MoneyWallet,dialog_recurrence_setting_picker,3,src-32b6c07c9bc47145c7c9;src-36c68a8280e18d6fc2c2;src-769ea8922935c71fb529,full_enhanced,1,9,experiments/android_xml_v2_rag/test_v2_1/matrix/frozen_inputs/MoneyWallet--dialog_recurrence_setting_picker--af878423,31ca534bcefbdd53a12fbf0f8b27826db629d5c11f34cb675a8b90c3e448a8bf,dfd1f70855b8f3856b5804c3b60497642216169cbbea5cd11bba43894e7caebf,experiments/android_xml_v2_formal/multimodel_v2_3_40app/runs/gpt_5_6_sol/MoneyWallet--dialog_recurrence_setting_picker--af878423/full_enhanced
gpt_5_6_sol,gpt-5.6-sol,openai,Clock--desk_clock--df970726,Clock,desk_clock,1,src-b4c0503349e542bb863f,full_enhanced,1,9,experiments/android_xml_v2_rag/test_v2_1/matrix/frozen_inputs/Clock--desk_clock--df970726,09baa90093cc520af874414d170385fe07f0104baf0f077aad3a4034dec5ee4c,9b3f10123f064e3e6f0055e068fb5440f555b3993f14d0fbcba97364b043bdac,experiments/android_xml_v2_formal/multimodel_v2_3_40app/runs/gpt_5_6_sol/Clock--desk_clock--df970726/full_enhanced
gpt_5_6_sol,gpt-5.6-sol,openai,Clock--desk_clock--df970726,Clock,desk_clock,1,src-b4c0503349e542bb863f,raw_baseline,1,1,experiments/android_xml_v2_rag/test_v2_1/matrix/frozen_inputs/Clock--desk_clock--df970726,09baa90093cc520af874414d170385fe07f0104baf0f077aad3a4034dec5ee4c,1cb723ef521d94bd3009fbb7510d522b73e38b0109b77fbba3c8a107e2bdca18,experiments/android_xml_v2_formal/multimodel_v2_3_40app/runs/gpt_5_6_sol/Clock--desk_clock--df970726/raw_baseline
gpt_5_6_sol,gpt-5.6-sol,openai,Clock--ringtone_add_button--f909f73c,Clock,ringtone_add_button,1,src-133c4a52a261becfeba6,raw_baseline,1,1,experiments/android_xml_v2_rag/test_v2_1/matrix/frozen_inputs/Clock--ringtone_add_button--f909f73c,4f0b355fdd90bcc7ae35628ebfced09322e93579d687430a003ccdb19d1b5463,83d21b2433a7e2dc43b15a4de88b6f2439864237d35878b30afd1344707bcc17,experiments/android_xml_v2_formal/multimodel_v2_3_40app/runs/gpt_5_6_sol/Clock--ringtone_add_button--f909f73c/raw_baseline
gpt_5_6_sol,gpt-5.6-sol,openai,Clock--ringtone_add_button--f909f73c,Clock,ringtone_add_button,1,src-133c4a52a261becfeba6,full_enhanced,1,9,experiments/android_xml_v2_rag/test_v2_1/matrix/frozen_inputs/Clock--ringtone_add_button--f909f73c,4f0b355fdd90bcc7ae35628ebfced09322e93579d687430a003ccdb19d1b5463,2700abb2bed3e5201bd378057fcb966dd628a12d6df4760aa00df1e5512ccfdc,experiments/android_xml_v2_formal/multimodel_v2_3_40app/runs/gpt_5_6_sol/Clock--ringtone_add_button--f909f73c/full_enhanced
gpt_5_6_sol,gpt-5.6-sol,openai,Infomaniak-Mail--fragment_ai_prompt--d0d44de2,Infomaniak Mail,fragment_ai_prompt,2,src-7d867e731de1255ddb58;src-971edf2ff00b7357431a,full_enhanced,1,9,experiments/android_xml_v2_rag/test_v2_1/matrix/frozen_inputs/Infomaniak-Mail--fragment_ai_prompt--d0d44de2,6032830be38611ab1a807e7bc672e0161f6a4725a99c97ec6589318f55e1743c,7ecedf93d284390879e72d9837a8311a29b8a5cc9bdb2405515185847369d89d,experiments/android_xml_v2_formal/multimodel_v2_3_40app/runs/gpt_5_6_sol/Infomaniak-Mail--fragment_ai_prompt--d0d44de2/full_enhanced
gpt_5_6_sol,gpt-5.6-sol,openai,Infomaniak-Mail--fragment_ai_prompt--d0d44de2,Infomaniak Mail,fragment_ai_prompt,2,src-7d867e731de1255ddb58;src-971edf2ff00b7357431a,raw_baseline,1,1,experiments/android_xml_v2_rag/test_v2_1/matrix/frozen_inputs/Infomaniak-Mail--fragment_ai_prompt--d0d44de2,6032830be38611ab1a807e7bc672e0161f6a4725a99c97ec6589318f55e1743c,78625a31f4b13eca75ec45375dc16476a1dc75a6e447b9809d938e0e963979c9,experiments/android_xml_v2_formal/multimodel_v2_3_40app/runs/gpt_5_6_sol/Infomaniak-Mail--fragment_ai_prompt--d0d44de2/raw_baseline
gpt_5_6_sol,gpt-5.6-sol,openai,Infomaniak-Mail--fragment_encryption_password--a69f0e12,Infomaniak Mail,fragment_encryption_password,1,src-424aca9b7bf3aae66658,full_enhanced,1,9,experiments/android_xml_v2_rag/test_v2_1/matrix/frozen_inputs/Infomaniak-Mail--fragment_encryption_password--a69f0e12,119bffbc77804fefd4f0a2fc8856eb59ccb8340d81b8eb4cb43b97f1b39b11e0,e2bd1b1637fc54d290b20f63998d2db5f4881b11152fd1517219358b99af8236,experiments/android_xml_v2_formal/multimodel_v2_3_40app/runs/gpt_5_6_sol/Infomaniak-Mail--fragment_encryption_password--a69f0e12/full_enhanced
gpt_5_6_sol,gpt-5.6-sol,openai,Infomaniak-Mail--fragment_encryption_password--a69f0e12,Infomaniak Mail,fragment_encryption_password,1,src-424aca9b7bf3aae66658,raw_baseline,1,1,experiments/android_xml_v2_rag/test_v2_1/matrix/frozen_inputs/Infomaniak-Mail--fragment_encryption_password--a69f0e12,119bffbc77804fefd4f0a2fc8856eb59ccb8340d81b8eb4cb43b97f1b39b11e0,a1664aa321bc715ceeb7ff06f8e61f7bd87c1219fa863f5c0da522626403eb6c,experiments/android_xml_v2_formal/multimodel_v2_3_40app/runs/gpt_5_6_sol/Infomaniak-Mail--fragment_encryption_password--a69f0e12/raw_baseline
gpt_5_6_sol,gpt-5.6-sol,openai,Infomaniak-Mail--fragment_search--3e5f60f4,Infomaniak Mail,fragment_search,1,src-f014be08b31cfd156303,full_enhanced,1,9,experiments/android_xml_v2_rag/test_v2_1/matrix/frozen_inputs/Infomaniak-Mail--fragment_search--3e5f60f4,ef9eeb2d6a2bae479c44a6dbf0468d609b78d7cfaa25be92ae46e365f4fc9ed0,85bc1f023137c10bbadfad5ddb156209dfe1675ab5b79309f3e4ef8278f135b3,experiments/android_xml_v2_formal/multimodel_v2_3_40app/runs/gpt_5_6_sol/Infomaniak-Mail--fragment_search--3e5f60f4/full_enhanced
gpt_5_6_sol,gpt-5.6-sol,openai,Infomaniak-Mail--fragment_search--3e5f60f4,Infomaniak Mail,fragment_search,1,src-f014be08b31cfd156303,raw_baseline,1,1,experiments/android_xml_v2_rag/test_v2_1/matrix/frozen_inputs/Infomaniak-Mail--fragment_search--3e5f60f4,ef9eeb2d6a2bae479c44a6dbf0468d609b78d7cfaa25be92ae46e365f4fc9ed0,c7a070b6f8e6a54fc134497213716e70c238b0e96c202e3f3d4b52da1b0b4a9a,experiments/android_xml_v2_formal/multimodel_v2_3_40app/runs/gpt_5_6_sol/Infomaniak-Mail--fragment_search--3e5f60f4/raw_baseline
gpt_5_6_sol,gpt-5.6-sol,openai,Infomaniak-Mail--fragment_thread_list--0366d8fe,Infomaniak Mail,fragment_thread_list,1,src-06cae7b934e486c57aff,raw_baseline,1,1,experiments/android_xml_v2_rag/test_v2_1/matrix/frozen_inputs/Infomaniak-Mail--fragment_thread_list--0366d8fe,cc6de3a672a681478492294f7e852e48842318fa2fc2203d0d0abb1dc8dacbfa,98153742f65dc96697c7bf3ab3bf4fe937e3e36b86165bacfe072c93d76253d4,experiments/android_xml_v2_formal/multimodel_v2_3_40app/runs/gpt_5_6_sol/Infomaniak-Mail--fragment_thread_list--0366d8fe/raw_baseline
gpt_5_6_sol,gpt-5.6-sol,openai,Infomaniak-Mail--fragment_thread_list--0366d8fe,Infomaniak Mail,fragment_thread_list,1,src-06cae7b934e486c57aff,full_enhanced,1,9,experiments/android_xml_v2_rag/test_v2_1/matrix/frozen_inputs/Infomaniak-Mail--fragment_thread_list--0366d8fe,cc6de3a672a681478492294f7e852e48842318fa2fc2203d0d0abb1dc8dacbfa,0db37ac91f105ebdc9d60ed26fe1530b28b96bac983509a7250808a4d8e08723,experiments/android_xml_v2_formal/multimodel_v2_3_40app/runs/gpt_5_6_sol/Infomaniak-Mail--fragment_thread_list--0366d8fe/full_enhanced
gpt_5_6_sol,gpt-5.6-sol,openai,Motion-Eye--activity_main--483cc539,Motion Eye,activity_main,2,src-bf9ba939c2feb1550cb5;src-da2276a99b6c98ff0235,raw_baseline,1,1,experiments/android_xml_v2_rag/test_v2_1/matrix/frozen_inputs/Motion-Eye--activity_main--483cc539,0e6fe34beb502d9744925a3cfd1db95abc882107d451e0e1a6b92e67192a2bf1,6926b5aa05ee6cfb3b483048a659be3b35a8748d42e64760cce9a00d4cbbf29e,experiments/android_xml_v2_formal/multimodel_v2_3_40app/runs/gpt_5_6_sol/Motion-Eye--activity_main--483cc539/raw_baseline
gpt_5_6_sol,gpt-5.6-sol,openai,Motion-Eye--activity_main--483cc539,Motion Eye,activity_main,2,src-bf9ba939c2feb1550cb5;src-da2276a99b6c98ff0235,full_enhanced,1,9,experiments/android_xml_v2_rag/test_v2_1/matrix/frozen_inputs/Motion-Eye--activity_main--483cc539,0e6fe34beb502d9744925a3cfd1db95abc882107d451e0e1a6b92e67192a2bf1,7b582538133b1532da2742698ed5f65412f79ad44fd8fe11f8e47ccddd5efe1a,experiments/android_xml_v2_formal/multimodel_v2_3_40app/runs/gpt_5_6_sol/Motion-Eye--activity_main--483cc539/full_enhanced
gpt_5_6_sol,gpt-5.6-sol,openai,app.dumdum--layout_edit_group--607bfb40,app.dumdum,layout_edit_group,1,src-1f7da6f85210bfc111b4,raw_baseline,1,1,experiments/android_xml_v2_rag/test_v2_1/matrix/frozen_inputs/app.dumdum--layout_edit_group--607bfb40,2cefe1414b352c469c40a0f1c986bfda3bd23b96db68efb56880474d57cf38b0,e96b9375e5128ca915c1cf371c662a6e2982f9d82d4cd59d29ff9791953f6362,experiments/android_xml_v2_formal/multimodel_v2_3_40app/runs/gpt_5_6_sol/app.dumdum--layout_edit_group--607bfb40/raw_baseline
gpt_5_6_sol,gpt-5.6-sol,openai,app.dumdum--layout_edit_group--607bfb40,app.dumdum,layout_edit_group,1,src-1f7da6f85210bfc111b4,full_enhanced,1,9,experiments/android_xml_v2_rag/test_v2_1/matrix/frozen_inputs/app.dumdum--layout_edit_group--607bfb40,2cefe1414b352c469c40a0f1c986bfda3bd23b96db68efb56880474d57cf38b0,f9870ffa668485681bbdd3648a9174e1761733868b2603f01e768f3536b517b3,experiments/android_xml_v2_formal/multimodel_v2_3_40app/runs/gpt_5_6_sol/app.dumdum--layout_edit_group--607bfb40/full_enhanced
gpt_5_6_sol,gpt-5.6-sol,openai,app.dumdum--layout_group_item--9dd42fb6,app.dumdum,layout_group_item,1,src-29de1dc6143dee36de13,raw_baseline,1,1,experiments/android_xml_v2_rag/test_v2_1/matrix/frozen_inputs/app.dumdum--layout_group_item--9dd42fb6,7cb8f7e7f03ad878cf876a3ad373f5b39829644dc3584d5adb9ed71713e07f7b,65961367a92ceb096e9e11da22731dc8fca4dcd99b8381dc7bcd589dc2915a13,experiments/android_xml_v2_formal/multimodel_v2_3_40app/runs/gpt_5_6_sol/app.dumdum--layout_group_item--9dd42fb6/raw_baseline
gpt_5_6_sol,gpt-5.6-sol,openai,app.dumdum--layout_group_item--9dd42fb6,app.dumdum,layout_group_item,1,src-29de1dc6143dee36de13,full_enhanced,1,9,experiments/android_xml_v2_rag/test_v2_1/matrix/frozen_inputs/app.dumdum--layout_group_item--9dd42fb6,7cb8f7e7f03ad878cf876a3ad373f5b39829644dc3584d5adb9ed71713e07f7b,c9173b3369edfe03ab5515a2aba6ce5d043569f48564f67646f4f7178ba2018c,experiments/android_xml_v2_formal/multimodel_v2_3_40app/runs/gpt_5_6_sol/app.dumdum--layout_group_item--9dd42fb6/full_enhanced
gpt_5_6_sol,gpt-5.6-sol,openai,app.dumdum--layout_password_dialog--29af31e0,app.dumdum,layout_password_dialog,1,src-b4f6c0e5b4a001b39ed1,raw_baseline,1,1,experiments/android_xml_v2_rag/test_v2_1/matrix/frozen_inputs/app.dumdum--layout_password_dialog--29af31e0,3a44c2ec32e35e11d5630ee46a1017970cf4f8b3bced24d5d12197538045876c,5990c07d7ddd36802d1924eb9aedefec1bbf1eb545db29cb30a0fe71e605c5b2,experiments/android_xml_v2_formal/multimodel_v2_3_40app/runs/gpt_5_6_sol/app.dumdum--layout_password_dialog--29af31e0/raw_baseline
gpt_5_6_sol,gpt-5.6-sol,openai,app.dumdum--layout_password_dialog--29af31e0,app.dumdum,layout_password_dialog,1,src-b4f6c0e5b4a001b39ed1,full_enhanced,1,9,experiments/android_xml_v2_rag/test_v2_1/matrix/frozen_inputs/app.dumdum--layout_password_dialog--29af31e0,3a44c2ec32e35e11d5630ee46a1017970cf4f8b3bced24d5d12197538045876c,90a6c13c266409d0a5ca7bea29d300121b4c7264dae6d8000eb9939718723f32,experiments/android_xml_v2_formal/multimodel_v2_3_40app/runs/gpt_5_6_sol/app.dumdum--layout_password_dialog--29af31e0/full_enhanced
gpt_5_6_sol,gpt-5.6-sol,openai,Amaze-Utilities--activity_error--28a5c8e6,Amaze Utilities,activity_error,1,src-cfdcc0d76855b19a756e,full_enhanced,1,9,experiments/android_xml_v2_rag/test_v2_1/matrix/frozen_inputs/Amaze-Utilities--activity_error--28a5c8e6,d40228aedf4b5a8dabeb3949fba624a1654f74525721cc47fea3311534864867,becf38227ebdc9cc98b39c8678062a5aa5d123ee6037abe74e0fa9885d9f52c8,experiments/android_xml_v2_formal/multimodel_v2_3_40app/runs/gpt_5_6_sol/Amaze-Utilities--activity_error--28a5c8e6/full_enhanced
gpt_5_6_sol,gpt-5.6-sol,openai,Amaze-Utilities--activity_error--28a5c8e6,Amaze Utilities,activity_error,1,src-cfdcc0d76855b19a756e,raw_baseline,1,1,experiments/android_xml_v2_rag/test_v2_1/matrix/frozen_inputs/Amaze-Utilities--activity_error--28a5c8e6,d40228aedf4b5a8dabeb3949fba624a1654f74525721cc47fea3311534864867,569ce9e804a5370279061593ff25c8068c58b364126807e9a38e298d2b354de3,experiments/android_xml_v2_formal/multimodel_v2_3_40app/runs/gpt_5_6_sol/Amaze-Utilities--activity_error--28a5c8e6/raw_baseline
gpt_5_6_sol,gpt-5.6-sol,openai,Amaze-Utilities--fragment_audios_list--ac6174e5,Amaze Utilities,fragment_audios_list,1,src-4c71cf74d2d508b786bd,full_enhanced,1,9,experiments/android_xml_v2_rag/test_v2_1/matrix/frozen_inputs/Amaze-Utilities--fragment_audios_list--ac6174e5,24641ad4b0b02759bc4e4826dbb153ccb78d11284072d3ea671a2b3d27dadde3,3a2b156c6224b948afc604fa18ea42d16d6ef911c996276acd6b800e7b0cdfd7,experiments/android_xml_v2_formal/multimodel_v2_3_40app/runs/gpt_5_6_sol/Amaze-Utilities--fragment_audios_list--ac6174e5/full_enhanced
gpt_5_6_sol,gpt-5.6-sol,openai,Amaze-Utilities--fragment_audios_list--ac6174e5,Amaze Utilities,fragment_audios_list,1,src-4c71cf74d2d508b786bd,raw_baseline,1,1,experiments/android_xml_v2_rag/test_v2_1/matrix/frozen_inputs/Amaze-Utilities--fragment_audios_list--ac6174e5,24641ad4b0b02759bc4e4826dbb153ccb78d11284072d3ea671a2b3d27dadde3,ec5619d854adf395439e6adae04dde7cc4470413b119e291174254119ca5a4e2,experiments/android_xml_v2_formal/multimodel_v2_3_40app/runs/gpt_5_6_sol/Amaze-Utilities--fragment_audios_list--ac6174e5/raw_baseline
gpt_5_6_sol,gpt-5.6-sol,openai,Amaze-Utilities--subtitles_search_view--5a396765,Amaze Utilities,subtitles_search_view,2,src-a92911801c1cb4d4424b;src-bef9be46c861ccdcff1a,raw_baseline,1,1,experiments/android_xml_v2_rag/test_v2_1/matrix/frozen_inputs/Amaze-Utilities--subtitles_search_view--5a396765,97901fbded8152b8887568cef146edd8d31c3790cc4259d0e1e8e04982a2be15,510aad58962f702b0174d1c6670903e477642480f2a6caea2de461d38b3a39e2,experiments/android_xml_v2_formal/multimodel_v2_3_40app/runs/gpt_5_6_sol/Amaze-Utilities--subtitles_search_view--5a396765/raw_baseline
gpt_5_6_sol,gpt-5.6-sol,openai,Amaze-Utilities--subtitles_search_view--5a396765,Amaze Utilities,subtitles_search_view,2,src-a92911801c1cb4d4424b;src-bef9be46c861ccdcff1a,full_enhanced,1,9,experiments/android_xml_v2_rag/test_v2_1/matrix/frozen_inputs/Amaze-Utilities--subtitles_search_view--5a396765,97901fbded8152b8887568cef146edd8d31c3790cc4259d0e1e8e04982a2be15,956dc05cc497156a909b4777eb276904dec4725508788d8a08210d4bcb763837,experiments/android_xml_v2_formal/multimodel_v2_3_40app/runs/gpt_5_6_sol/Amaze-Utilities--subtitles_search_view--5a396765/full_enhanced
gpt_5_6_sol,gpt-5.6-sol,openai,Amaze-Utilities--welcome_permission_privacy_layout--c69fe08c,Amaze Utilities,welcome_permission_privacy_layout,1,src-0d35c5a6f1908f8efccc,raw_baseline,1,1,experiments/android_xml_v2_rag/test_v2_1/matrix/frozen_inputs/Amaze-Utilities--welcome_permission_privacy_layout--c69fe08c,9f1de2f5697ea31d74773a0611dab2ddeffa733026e767c312030ce8e9ed21e5,3f66602e54f4b2333b44a34fc6a54c3247ac61b8ae637b374f29e7752b3afd45,experiments/android_xml_v2_formal/multimodel_v2_3_40app/runs/gpt_5_6_sol/Amaze-Utilities--welcome_permission_privacy_layout--c69fe08c/raw_baseline
gpt_5_6_sol,gpt-5.6-sol,openai,Amaze-Utilities--welcome_permission_privacy_layout--c69fe08c,Amaze Utilities,welcome_permission_privacy_layout,1,src-0d35c5a6f1908f8efccc,full_enhanced,1,9,experiments/android_xml_v2_rag/test_v2_1/matrix/frozen_inputs/Amaze-Utilities--welcome_permission_privacy_layout--c69fe08c,9f1de2f5697ea31d74773a0611dab2ddeffa733026e767c312030ce8e9ed21e5,5565c73a7659e5a38190031c778ef175ef0a436822dd624a6402d7ba00124eea,experiments/android_xml_v2_formal/multimodel_v2_3_40app/runs/gpt_5_6_sol/Amaze-Utilities--welcome_permission_privacy_layout--c69fe08c/full_enhanced
gpt_5_6_sol,gpt-5.6-sol,openai,Android-Password-Store--password_creation_activity--28e7ecfb,Android Password Store,password_creation_activity,1,src-fb6ce2b54906613f7dba,full_enhanced,1,9,experiments/android_xml_v2_rag/test_v2_1/matrix/frozen_inputs/Android-Password-Store--password_creation_activity--28e7ecfb,782458453116848e7f41dfd75d4ec43d581074cf718c8089af641d47b2c6c70e,1ed3f27119d79a146dc9aa81c23a473f67a22b0ffd3c829cc33e12d685fc9ef2,experiments/android_xml_v2_formal/multimodel_v2_3_40app/runs/gpt_5_6_sol/Android-Password-Store--password_creation_activity--28e7ecfb/full_enhanced
gpt_5_6_sol,gpt-5.6-sol,openai,Android-Password-Store--password_creation_activity--28e7ecfb,Android Password Store,password_creation_activity,1,src-fb6ce2b54906613f7dba,raw_baseline,1,1,experiments/android_xml_v2_rag/test_v2_1/matrix/frozen_inputs/Android-Password-Store--password_creation_activity--28e7ecfb,782458453116848e7f41dfd75d4ec43d581074cf718c8089af641d47b2c6c70e,9618c1f9146944d0e412c83b3732dbc1732668c599770b220c6965aad7663f3b,experiments/android_xml_v2_formal/multimodel_v2_3_40app/runs/gpt_5_6_sol/Android-Password-Store--password_creation_activity--28e7ecfb/raw_baseline
gpt_5_6_sol,gpt-5.6-sol,openai,FocusMastodon--compose_poll_option--025a8f7a,FocusMastodon,compose_poll_option,1,src-404ea75ac9efacbe533c,full_enhanced,1,9,experiments/android_xml_v2_rag/test_v2_1/matrix/frozen_inputs/FocusMastodon--compose_poll_option--025a8f7a,c439a267f1e596c04fbe882d7b00824ef45b2d5ad1aed269276b7e2db3f058bf,3d30a53c65e0830bf0e3f0a0baf0bc6805dc237a250966fa49e1493e440ce2dc,experiments/android_xml_v2_formal/multimodel_v2_3_40app/runs/gpt_5_6_sol/FocusMastodon--compose_poll_option--025a8f7a/full_enhanced
gpt_5_6_sol,gpt-5.6-sol,openai,FocusMastodon--compose_poll_option--025a8f7a,FocusMastodon,compose_poll_option,1,src-404ea75ac9efacbe533c,raw_baseline,1,1,experiments/android_xml_v2_rag/test_v2_1/matrix/frozen_inputs/FocusMastodon--compose_poll_option--025a8f7a,c439a267f1e596c04fbe882d7b00824ef45b2d5ad1aed269276b7e2db3f058bf,b763ef743d1dff846cf378918bbe280f1d507d070fa668517634efdc5eea8b36,experiments/android_xml_v2_formal/multimodel_v2_3_40app/runs/gpt_5_6_sol/FocusMastodon--compose_poll_option--025a8f7a/raw_baseline
gpt_5_6_sol,gpt-5.6-sol,openai,FocusMastodon--configuration_page--374bdb8f,FocusMastodon,configuration_page,1,src-ca9cdbbf2edfc4f9af55,full_enhanced,1,9,experiments/android_xml_v2_rag/test_v2_1/matrix/frozen_inputs/FocusMastodon--configuration_page--374bdb8f,3962a4bbcc5fd0dd276cc868ba81a9253030af4f637e9ba8748ba7d1328f92b0,7f9f6b643ceb4f0f48afc0c1b94028611d7606f31d338553fedfaa1ee605aef4,experiments/android_xml_v2_formal/multimodel_v2_3_40app/runs/gpt_5_6_sol/FocusMastodon--configuration_page--374bdb8f/full_enhanced
gpt_5_6_sol,gpt-5.6-sol,openai,FocusMastodon--configuration_page--374bdb8f,FocusMastodon,configuration_page,1,src-ca9cdbbf2edfc4f9af55,raw_baseline,1,1,experiments/android_xml_v2_rag/test_v2_1/matrix/frozen_inputs/FocusMastodon--configuration_page--374bdb8f,3962a4bbcc5fd0dd276cc868ba81a9253030af4f637e9ba8748ba7d1328f92b0,1daecc5ea863ba80c3e8c5c4933a2d128812b8345a9fbd9efc2b6142fc6eb693,experiments/android_xml_v2_formal/multimodel_v2_3_40app/runs/gpt_5_6_sol/FocusMastodon--configuration_page--374bdb8f/raw_baseline
gpt_5_6_sol,gpt-5.6-sol,openai,FocusMastodon--fragment_onboarding_common--1104d579,FocusMastodon,fragment_onboarding_common,1,src-0774e452bebb11eeed97,raw_baseline,1,1,experiments/android_xml_v2_rag/test_v2_1/matrix/frozen_inputs/FocusMastodon--fragment_onboarding_common--1104d579,6e8e2daa61cf7a1b4bcad314f7450b9c83c205b17005a4857bf6310562ac91e6,813c2f47dd10fbb83434e1495be779e10471d2b9d16b3f5bf79a65cfd000eee2,experiments/android_xml_v2_formal/multimodel_v2_3_40app/runs/gpt_5_6_sol/FocusMastodon--fragment_onboarding_common--1104d579/raw_baseline
gpt_5_6_sol,gpt-5.6-sol,openai,FocusMastodon--fragment_onboarding_common--1104d579,FocusMastodon,fragment_onboarding_common,1,src-0774e452bebb11eeed97,full_enhanced,1,9,experiments/android_xml_v2_rag/test_v2_1/matrix/frozen_inputs/FocusMastodon--fragment_onboarding_common--1104d579,6e8e2daa61cf7a1b4bcad314f7450b9c83c205b17005a4857bf6310562ac91e6,176b425ae183e791f9ae0c9634c8e633da0bb31e8a354e26b3e9b978dda0d03a,experiments/android_xml_v2_formal/multimodel_v2_3_40app/runs/gpt_5_6_sol/FocusMastodon--fragment_onboarding_common--1104d579/full_enhanced
gpt_5_6_sol,gpt-5.6-sol,openai,FocusMastodon--item_blocked_user--d8534ce1,FocusMastodon,item_blocked_user,1,src-2798a9011da8004b17dc,raw_baseline,1,1,experiments/android_xml_v2_rag/test_v2_1/matrix/frozen_inputs/FocusMastodon--item_blocked_user--d8534ce1,c9cd01e3274c2db77d96c15f06808d9c94bc01b4fbe4a17f783b08666adac826,a343720cad6d585b93de401a9df48d42e4849578d54f5563465cda5e7b4dd064,experiments/android_xml_v2_formal/multimodel_v2_3_40app/runs/gpt_5_6_sol/FocusMastodon--item_blocked_user--d8534ce1/raw_baseline
gpt_5_6_sol,gpt-5.6-sol,openai,FocusMastodon--item_blocked_user--d8534ce1,FocusMastodon,item_blocked_user,1,src-2798a9011da8004b17dc,full_enhanced,1,9,experiments/android_xml_v2_rag/test_v2_1/matrix/frozen_inputs/FocusMastodon--item_blocked_user--d8534ce1,c9cd01e3274c2db77d96c15f06808d9c94bc01b4fbe4a17f783b08666adac826,c3782c923da5953849f3b606355bdc14042269212eaa9063794495bdfd762422,experiments/android_xml_v2_formal/multimodel_v2_3_40app/runs/gpt_5_6_sol/FocusMastodon--item_blocked_user--d8534ce1/full_enhanced
gpt_5_6_sol,gpt-5.6-sol,openai,FocusMastodon--user_chooser--83ecacd4,FocusMastodon,user_chooser,1,src-a0c41e24db79f36bdfe3,raw_baseline,1,1,experiments/android_xml_v2_rag/test_v2_1/matrix/frozen_inputs/FocusMastodon--user_chooser--83ecacd4,d96819028d86f11fcd9e426614f3aab483149f643dbe9f3eaa90d97b6329bbc0,82035a88950a9dd4a65c4c27d6bf40f637d0e6e8d92e3ab0ca837e201eab46e0,experiments/android_xml_v2_formal/multimodel_v2_3_40app/runs/gpt_5_6_sol/FocusMastodon--user_chooser--83ecacd4/raw_baseline
gpt_5_6_sol,gpt-5.6-sol,openai,FocusMastodon--user_chooser--83ecacd4,FocusMastodon,user_chooser,1,src-a0c41e24db79f36bdfe3,full_enhanced,1,9,experiments/android_xml_v2_rag/test_v2_1/matrix/frozen_inputs/FocusMastodon--user_chooser--83ecacd4,d96819028d86f11fcd9e426614f3aab483149f643dbe9f3eaa90d97b6329bbc0,81ba6ae52a42eb512d01d3e7d4ac8bea81be53eae1cf949155f2b3bbc0a50e58,experiments/android_xml_v2_formal/multimodel_v2_3_40app/runs/gpt_5_6_sol/FocusMastodon--user_chooser--83ecacd4/full_enhanced
gpt_5_6_sol,gpt-5.6-sol,openai,FocusPodcast--edit_tags_dialog_layout--8bcf7035,FocusPodcast,edit_tags_dialog_layout,1,src-c559e9c5e0222ef6408f,raw_baseline,1,1,experiments/android_xml_v2_rag/test_v2_1/matrix/frozen_inputs/FocusPodcast--edit_tags_dialog_layout--8bcf7035,89d0126e6b917bdfcf7e25f041e9f1b947b36b74b50c35cd7addcbe89d66715a,5a1dc7f8850829f02ea8e41d70af1972681ec5334ce76d494fc8632c0e46d98c,experiments/android_xml_v2_formal/multimodel_v2_3_40app/runs/gpt_5_6_sol/FocusPodcast--edit_tags_dialog_layout--8bcf7035/raw_baseline
gpt_5_6_sol,gpt-5.6-sol,openai,FocusPodcast--edit_tags_dialog_layout--8bcf7035,FocusPodcast,edit_tags_dialog_layout,1,src-c559e9c5e0222ef6408f,full_enhanced,1,9,experiments/android_xml_v2_rag/test_v2_1/matrix/frozen_inputs/FocusPodcast--edit_tags_dialog_layout--8bcf7035,89d0126e6b917bdfcf7e25f041e9f1b947b36b74b50c35cd7addcbe89d66715a,d473346355bc9fce1a60e8ed21ff76363bda63bbf2eafdbb51f8b5e870c45ac1,experiments/android_xml_v2_formal/multimodel_v2_3_40app/runs/gpt_5_6_sol/FocusPodcast--edit_tags_dialog_layout--8bcf7035/full_enhanced
gpt_5_6_sol,gpt-5.6-sol,openai,FocusPodcast--edit_text_dialog--c8ae443f,FocusPodcast,edit_text_dialog,1,src-a97ccde8b678cdb83bbc,raw_baseline,1,1,experiments/android_xml_v2_rag/test_v2_1/matrix/frozen_inputs/FocusPodcast--edit_text_dialog--c8ae443f,55cd17ea59770d1e10bf7a43a19e52d8e276cc078501161af322bd0369083ae1,8b401b9098897aa6bc4089402aa64218647e58363830cea3a6581f05c495aa3a,experiments/android_xml_v2_formal/multimodel_v2_3_40app/runs/gpt_5_6_sol/FocusPodcast--edit_text_dialog--c8ae443f/raw_baseline
gpt_5_6_sol,gpt-5.6-sol,openai,FocusPodcast--edit_text_dialog--c8ae443f,FocusPodcast,edit_text_dialog,1,src-a97ccde8b678cdb83bbc,full_enhanced,1,9,experiments/android_xml_v2_rag/test_v2_1/matrix/frozen_inputs/FocusPodcast--edit_text_dialog--c8ae443f,55cd17ea59770d1e10bf7a43a19e52d8e276cc078501161af322bd0369083ae1,6da532df7e4fba9655a3ce16aa69e7be3b3c4008cdbf0d2a5f03c339e23cccc7,experiments/android_xml_v2_formal/multimodel_v2_3_40app/runs/gpt_5_6_sol/FocusPodcast--edit_text_dialog--c8ae443f/full_enhanced
gpt_5_6_sol,gpt-5.6-sol,openai,FocusPodcast--episode_filter_dialog--8c459ee8,FocusPodcast,episode_filter_dialog,2,src-9b33fd06a3d3741a2dcb;src-a8700af9c3a9da6a296b,full_enhanced,1,9,experiments/android_xml_v2_rag/test_v2_1/matrix/frozen_inputs/FocusPodcast--episode_filter_dialog--8c459ee8,5c7bebf2fc9d4c25b03bfdf40e02a2d803da3a521116f5f35fe48d2e44a0de0d,91257abc52391d95438fea72412516792d45937cd0debba856dafa37968f9a99,experiments/android_xml_v2_formal/multimodel_v2_3_40app/runs/gpt_5_6_sol/FocusPodcast--episode_filter_dialog--8c459ee8/full_enhanced
gpt_5_6_sol,gpt-5.6-sol,openai,FocusPodcast--episode_filter_dialog--8c459ee8,FocusPodcast,episode_filter_dialog,2,src-9b33fd06a3d3741a2dcb;src-a8700af9c3a9da6a296b,raw_baseline,1,1,experiments/android_xml_v2_rag/test_v2_1/matrix/frozen_inputs/FocusPodcast--episode_filter_dialog--8c459ee8,5c7bebf2fc9d4c25b03bfdf40e02a2d803da3a521116f5f35fe48d2e44a0de0d,dec2cc2a826906478ebcaea1e8e3ef39310454b001f85271e54b8915e06a4c45,experiments/android_xml_v2_formal/multimodel_v2_3_40app/runs/gpt_5_6_sol/FocusPodcast--episode_filter_dialog--8c459ee8/raw_baseline
gpt_5_6_sol,gpt-5.6-sol,openai,FocusPodcast--filter_dialog_row--aa611f49,FocusPodcast,filter_dialog_row,2,src-35e3fb82ddfd578b0fb4;src-7480247dcf05117babe0,full_enhanced,1,9,experiments/android_xml_v2_rag/test_v2_1/matrix/frozen_inputs/FocusPodcast--filter_dialog_row--aa611f49,f1debd793b30eddfcff114181a3cf09b5f44ece584d54539115892939cfa7ab7,9b72cde22b2702f0fe4abcf0c0ca30af45a71ea92e680f8dc896db5f1cf5a148,experiments/android_xml_v2_formal/multimodel_v2_3_40app/runs/gpt_5_6_sol/FocusPodcast--filter_dialog_row--aa611f49/full_enhanced
gpt_5_6_sol,gpt-5.6-sol,openai,FocusPodcast--filter_dialog_row--aa611f49,FocusPodcast,filter_dialog_row,2,src-35e3fb82ddfd578b0fb4;src-7480247dcf05117babe0,raw_baseline,1,1,experiments/android_xml_v2_rag/test_v2_1/matrix/frozen_inputs/FocusPodcast--filter_dialog_row--aa611f49,f1debd793b30eddfcff114181a3cf09b5f44ece584d54539115892939cfa7ab7,d2897c26a904937d48f510c484e00f6ed549eff7fe46a71b21b747ee66cc6bf7,experiments/android_xml_v2_formal/multimodel_v2_3_40app/runs/gpt_5_6_sol/FocusPodcast--filter_dialog_row--aa611f49/raw_baseline
gpt_5_6_sol,gpt-5.6-sol,openai,FocusPodcast--secondary_action--8fbb09bd,FocusPodcast,secondary_action,1,src-37a2e866c03ba21b568e,full_enhanced,1,9,experiments/android_xml_v2_rag/test_v2_1/matrix/frozen_inputs/FocusPodcast--secondary_action--8fbb09bd,bf747eab5b7ee9b052e66124641c840415891daf20f1f9f86f6e6d42b7de8470,6fc2ae713ecb39a7cfdbd6e185262a51f7310f7cdaec6f9c50adc59b9c09d9ff,experiments/android_xml_v2_formal/multimodel_v2_3_40app/runs/gpt_5_6_sol/FocusPodcast--secondary_action--8fbb09bd/full_enhanced
gpt_5_6_sol,gpt-5.6-sol,openai,FocusPodcast--secondary_action--8fbb09bd,FocusPodcast,secondary_action,1,src-37a2e866c03ba21b568e,raw_baseline,1,1,experiments/android_xml_v2_rag/test_v2_1/matrix/frozen_inputs/FocusPodcast--secondary_action--8fbb09bd,bf747eab5b7ee9b052e66124641c840415891daf20f1f9f86f6e6d42b7de8470,d3c93d76c6abe57d5838ce194b5306d0e074faabcd45f32ed1570694fede5d1a,experiments/android_xml_v2_formal/multimodel_v2_3_40app/runs/gpt_5_6_sol/FocusPodcast--secondary_action--8fbb09bd/raw_baseline
gpt_5_6_sol,gpt-5.6-sol,openai,Pro-Expense--fragment_expense_entry--86101b83,Pro Expense,fragment_expense_entry,1,src-58723f655ec204795151,full_enhanced,1,9,experiments/android_xml_v2_rag/test_v2_1/matrix/frozen_inputs/Pro-Expense--fragment_expense_entry--86101b83,c4f8179df7a845d01877b35eef1695a06e8aa343595b4d550d469c95433805b9,8ba4ba2209035724d1c5c89a03d2ce26e62c5a78add4d393d966a44ccd709aa1,experiments/android_xml_v2_formal/multimodel_v2_3_40app/runs/gpt_5_6_sol/Pro-Expense--fragment_expense_entry--86101b83/full_enhanced
gpt_5_6_sol,gpt-5.6-sol,openai,Pro-Expense--fragment_expense_entry--86101b83,Pro Expense,fragment_expense_entry,1,src-58723f655ec204795151,raw_baseline,1,1,experiments/android_xml_v2_rag/test_v2_1/matrix/frozen_inputs/Pro-Expense--fragment_expense_entry--86101b83,c4f8179df7a845d01877b35eef1695a06e8aa343595b4d550d469c95433805b9,ac6a18a6969587fee3160c153e81faf79b9a3f34ee0c3be96a7af9d40367130c,experiments/android_xml_v2_formal/multimodel_v2_3_40app/runs/gpt_5_6_sol/Pro-Expense--fragment_expense_entry--86101b83/raw_baseline
gpt_5_6_sol,gpt-5.6-sol,openai,Pro-Expense--fragment_feedback--ee989fa3,Pro Expense,fragment_feedback,1,src-1f3b6ed06f390f31491b,full_enhanced,1,9,experiments/android_xml_v2_rag/test_v2_1/matrix/frozen_inputs/Pro-Expense--fragment_feedback--ee989fa3,fc10a4cf20d02f27da9cf9b54475ec11cec584dd67e698124ff9ebaa248c9f9e,a35b922606cd8d32b66d1b91a4746bb8f1ea57619d3480c79ebc7e89cad13540,experiments/android_xml_v2_formal/multimodel_v2_3_40app/runs/gpt_5_6_sol/Pro-Expense--fragment_feedback--ee989fa3/full_enhanced
gpt_5_6_sol,gpt-5.6-sol,openai,Pro-Expense--fragment_feedback--ee989fa3,Pro Expense,fragment_feedback,1,src-1f3b6ed06f390f31491b,raw_baseline,1,1,experiments/android_xml_v2_rag/test_v2_1/matrix/frozen_inputs/Pro-Expense--fragment_feedback--ee989fa3,fc10a4cf20d02f27da9cf9b54475ec11cec584dd67e698124ff9ebaa248c9f9e,f62e3ec9ca860c0f0d7e9403f8566cfa819b1821d57d6979d02ab92a9f8cb819,experiments/android_xml_v2_formal/multimodel_v2_3_40app/runs/gpt_5_6_sol/Pro-Expense--fragment_feedback--ee989fa3/raw_baseline
gpt_5_6_sol,gpt-5.6-sol,openai,Delta-Chat--fragment_view_log--bc50c0a8,Delta Chat,fragment_view_log,1,src-571f73295edf104496a0,raw_baseline,1,1,experiments/android_xml_v2_rag/test_v2_1/matrix/frozen_inputs/Delta-Chat--fragment_view_log--bc50c0a8,f813d0322c21b4bebbe3c25bd0ae6f1c513f79fb855344f78bb6194b11b70a59,946fc02a03ee13e5bab2d980aad5517e0eb118207ab3f5c8aefa49bef70f6dcc,experiments/android_xml_v2_formal/multimodel_v2_3_40app/runs/gpt_5_6_sol/Delta-Chat--fragment_view_log--bc50c0a8/raw_baseline
gpt_5_6_sol,gpt-5.6-sol,openai,Delta-Chat--fragment_view_log--bc50c0a8,Delta Chat,fragment_view_log,1,src-571f73295edf104496a0,full_enhanced,1,9,experiments/android_xml_v2_rag/test_v2_1/matrix/frozen_inputs/Delta-Chat--fragment_view_log--bc50c0a8,f813d0322c21b4bebbe3c25bd0ae6f1c513f79fb855344f78bb6194b11b70a59,6827c0d3a2b8435c86b64e5ccb5777a3d104990b9bcc05056b0ad24a735c202e,experiments/android_xml_v2_formal/multimodel_v2_3_40app/runs/gpt_5_6_sol/Delta-Chat--fragment_view_log--bc50c0a8/full_enhanced
gpt_5_6_sol,gpt-5.6-sol,openai,Delta-Chat--relay_list_item--ab583bad,Delta Chat,relay_list_item,1,src-6a0bd504cc920cfcb3c8,full_enhanced,1,9,experiments/android_xml_v2_rag/test_v2_1/matrix/frozen_inputs/Delta-Chat--relay_list_item--ab583bad,2f7f8f64775562e67fc5d9a3d4dfc96da51953c59c5c99e7397916f1e540999b,cbe0d67e4b9ddbcd5d16e69a3016e95514c57060263a47a5ca0071e95814258e,experiments/android_xml_v2_formal/multimodel_v2_3_40app/runs/gpt_5_6_sol/Delta-Chat--relay_list_item--ab583bad/full_enhanced
gpt_5_6_sol,gpt-5.6-sol,openai,Delta-Chat--relay_list_item--ab583bad,Delta Chat,relay_list_item,1,src-6a0bd504cc920cfcb3c8,raw_baseline,1,1,experiments/android_xml_v2_rag/test_v2_1/matrix/frozen_inputs/Delta-Chat--relay_list_item--ab583bad,2f7f8f64775562e67fc5d9a3d4dfc96da51953c59c5c99e7397916f1e540999b,d84eecd08c2d49aeea9d61c8034114cf3c91766c0415b7d5f944e7c3e2a7511c,experiments/android_xml_v2_formal/multimodel_v2_3_40app/runs/gpt_5_6_sol/Delta-Chat--relay_list_item--ab583bad/raw_baseline
gpt_5_6_sol,gpt-5.6-sol,openai,DuckDuckGo-Privacy-Browser--component_buttons--84110056,DuckDuckGo Privacy Browser,component_buttons,1,src-f58fe4bdd39f4e206b71,full_enhanced,1,9,experiments/android_xml_v2_rag/test_v2_1/matrix/frozen_inputs/DuckDuckGo-Privacy-Browser--component_buttons--84110056,480b8495c8bece1bf758c36f35f638b7618f603fef5635640b8d162413fcb6a0,285d344cba810bc091966661808ab711be9d4f61ee2304cdbe7f428a603d4e96,experiments/android_xml_v2_formal/multimodel_v2_3_40app/runs/gpt_5_6_sol/DuckDuckGo-Privacy-Browser--component_buttons--84110056/full_enhanced
gpt_5_6_sol,gpt-5.6-sol,openai,DuckDuckGo-Privacy-Browser--component_buttons--84110056,DuckDuckGo Privacy Browser,component_buttons,1,src-f58fe4bdd39f4e206b71,raw_baseline,1,1,experiments/android_xml_v2_rag/test_v2_1/matrix/frozen_inputs/DuckDuckGo-Privacy-Browser--component_buttons--84110056,480b8495c8bece1bf758c36f35f638b7618f603fef5635640b8d162413fcb6a0,1d6b8bfc06350db9a93da17b61923a55c8570db82221f7b3a87eed0e691edd72,experiments/android_xml_v2_formal/multimodel_v2_3_40app/runs/gpt_5_6_sol/DuckDuckGo-Privacy-Browser--component_buttons--84110056/raw_baseline
gpt_5_6_sol,gpt-5.6-sol,openai,DuckDuckGo-Privacy-Browser--view_dax_dialog--74273f21,DuckDuckGo Privacy Browser,view_dax_dialog,1,src-5d4ed7848cfe2585debc,raw_baseline,1,1,experiments/android_xml_v2_rag/test_v2_1/matrix/frozen_inputs/DuckDuckGo-Privacy-Browser--view_dax_dialog--74273f21,bedec07a6e0a47653c1be7167eccd83e4b5815de27c9f9cab64a22f70d09673e,7afaf36b22ca5a1dd9a3453610451a74d0d8fc758cec9fbd1a430185ac6ffced,experiments/android_xml_v2_formal/multimodel_v2_3_40app/runs/gpt_5_6_sol/DuckDuckGo-Privacy-Browser--view_dax_dialog--74273f21/raw_baseline
gpt_5_6_sol,gpt-5.6-sol,openai,DuckDuckGo-Privacy-Browser--view_dax_dialog--74273f21,DuckDuckGo Privacy Browser,view_dax_dialog,1,src-5d4ed7848cfe2585debc,full_enhanced,1,9,experiments/android_xml_v2_rag/test_v2_1/matrix/frozen_inputs/DuckDuckGo-Privacy-Browser--view_dax_dialog--74273f21,bedec07a6e0a47653c1be7167eccd83e4b5815de27c9f9cab64a22f70d09673e,b1e2292f8b04634b38ceb94eced4f2c0eadaaefd82059a18d49b34dc6e9d5324,experiments/android_xml_v2_formal/multimodel_v2_3_40app/runs/gpt_5_6_sol/DuckDuckGo-Privacy-Browser--view_dax_dialog--74273f21/full_enhanced
gpt_5_6_sol,gpt-5.6-sol,openai,DuckDuckGo-Privacy-Browser--view_brand_design_address_bar_position_picker--6b929aee,DuckDuckGo Privacy Browser,view_brand_design_address_bar_position_picker,2,src-98f6b50beb992cfca498;src-ca2bc8f709b577774a3b,full_enhanced,1,9,experiments/android_xml_v2_rag/test_v2_1/matrix/frozen_inputs/DuckDuckGo-Privacy-Browser--view_brand_design_address_bar_position_picker--6b929aee,3bcfd6fb90745a4aaa1ecd931067f64a11a1f606c4fcb399f70b7ac9c8524361,7f30d3efea177bd6a05f6ae869b76b0df655d5e5790d2b53f8ea6e1ac07ddb2b,experiments/android_xml_v2_formal/multimodel_v2_3_40app/runs/gpt_5_6_sol/DuckDuckGo-Privacy-Browser--view_brand_design_address_bar_position_picker--6b929aee/full_enhanced
gpt_5_6_sol,gpt-5.6-sol,openai,DuckDuckGo-Privacy-Browser--view_brand_design_address_bar_position_picker--6b929aee,DuckDuckGo Privacy Browser,view_brand_design_address_bar_position_picker,2,src-98f6b50beb992cfca498;src-ca2bc8f709b577774a3b,raw_baseline,1,1,experiments/android_xml_v2_rag/test_v2_1/matrix/frozen_inputs/DuckDuckGo-Privacy-Browser--view_brand_design_address_bar_position_picker--6b929aee,3bcfd6fb90745a4aaa1ecd931067f64a11a1f606c4fcb399f70b7ac9c8524361,f1aac7e9e873029227d17c77e9f26cd41236b3b9ca1640926da42d6163599ff2,experiments/android_xml_v2_formal/multimodel_v2_3_40app/runs/gpt_5_6_sol/DuckDuckGo-Privacy-Browser--view_brand_design_address_bar_position_picker--6b929aee/raw_baseline
gpt_5_6_sol,gpt-5.6-sol,openai,DuckDuckGo-Privacy-Browser--view_site_protections_toggle--06e42e39,DuckDuckGo Privacy Browser,view_site_protections_toggle,1,src-e7e302defd38125cb8f6,full_enhanced,1,9,experiments/android_xml_v2_rag/test_v2_1/matrix/frozen_inputs/DuckDuckGo-Privacy-Browser--view_site_protections_toggle--06e42e39,821610c53d4f86517324113568f81085270ad01db8ef893481276d10835e6153,6c8db7b07b7b53f7670563c2a334d84ca233114727b4246ec322e5274015840e,experiments/android_xml_v2_formal/multimodel_v2_3_40app/runs/gpt_5_6_sol/DuckDuckGo-Privacy-Browser--view_site_protections_toggle--06e42e39/full_enhanced
gpt_5_6_sol,gpt-5.6-sol,openai,DuckDuckGo-Privacy-Browser--view_site_protections_toggle--06e42e39,DuckDuckGo Privacy Browser,view_site_protections_toggle,1,src-e7e302defd38125cb8f6,raw_baseline,1,1,experiments/android_xml_v2_rag/test_v2_1/matrix/frozen_inputs/DuckDuckGo-Privacy-Browser--view_site_protections_toggle--06e42e39,821610c53d4f86517324113568f81085270ad01db8ef893481276d10835e6153,baf16ec8e9db19699aebc186affef2887e32d2f134a8b8fdc675a63177111f51,experiments/android_xml_v2_formal/multimodel_v2_3_40app/runs/gpt_5_6_sol/DuckDuckGo-Privacy-Browser--view_site_protections_toggle--06e42e39/raw_baseline
gpt_5_6_sol,gpt-5.6-sol,openai,RGB-Tool--color_list_row--f178b7fa,RGB Tool,color_list_row,1,tgt-c5ed5814ab3517d6bf0d,full_enhanced,1,9,experiments/android_xml_v2_rag/test_v2_1/matrix/frozen_inputs/RGB-Tool--color_list_row--f178b7fa,6b2ea58259ad960dd56ece6077b749a94744d3cf9d43ed41cc4ef319abf00126,cc777352ce7dce1664c602a0c152b1943688015f22f52f3b438245f430b13059,experiments/android_xml_v2_formal/multimodel_v2_3_40app/runs/gpt_5_6_sol/RGB-Tool--color_list_row--f178b7fa/full_enhanced
gpt_5_6_sol,gpt-5.6-sol,openai,RGB-Tool--color_list_row--f178b7fa,RGB Tool,color_list_row,1,tgt-c5ed5814ab3517d6bf0d,raw_baseline,1,1,experiments/android_xml_v2_rag/test_v2_1/matrix/frozen_inputs/RGB-Tool--color_list_row--f178b7fa,6b2ea58259ad960dd56ece6077b749a94744d3cf9d43ed41cc4ef319abf00126,3221864a7466484bd50ad5be645d2b7ce5864a411b764206e5a9e3ac64e25733,experiments/android_xml_v2_formal/multimodel_v2_3_40app/runs/gpt_5_6_sol/RGB-Tool--color_list_row--f178b7fa/raw_baseline
gpt_5_6_sol,gpt-5.6-sol,openai,XBMC-Remote--remote_xbox--5dfff70d,XBMC Remote,remote_xbox,2,src-1c2bf93ccd3688730f94;src-f0835296969e7aac5bf5,raw_baseline,1,1,experiments/android_xml_v2_rag/test_v2_1/matrix/frozen_inputs/XBMC-Remote--remote_xbox--5dfff70d,98d6c90e56483479fde528562b35065f35be4012a64a91bfff8ce3c9811e62ea,0940fed420d918f58c848bbeb91126351595b7d8f2781cb9b0187ba38d5eb505,experiments/android_xml_v2_formal/multimodel_v2_3_40app/runs/gpt_5_6_sol/XBMC-Remote--remote_xbox--5dfff70d/raw_baseline
gpt_5_6_sol,gpt-5.6-sol,openai,XBMC-Remote--remote_xbox--5dfff70d,XBMC Remote,remote_xbox,2,src-1c2bf93ccd3688730f94;src-f0835296969e7aac5bf5,full_enhanced,1,9,experiments/android_xml_v2_rag/test_v2_1/matrix/frozen_inputs/XBMC-Remote--remote_xbox--5dfff70d,98d6c90e56483479fde528562b35065f35be4012a64a91bfff8ce3c9811e62ea,50bf525f6b69c23d38a8d9966d5a2dbddfc6e1b4e7c44bfa566b8daed9772d0e,experiments/android_xml_v2_formal/multimodel_v2_3_40app/runs/gpt_5_6_sol/XBMC-Remote--remote_xbox--5dfff70d/full_enhanced
gpt_5_6_sol,gpt-5.6-sol,openai,XBMC-Remote--remote_xbox--d9024394,XBMC Remote,remote_xbox,2,src-4e66b107292d2f8b4efd;src-8e85191a236c436185b9,raw_baseline,1,1,experiments/android_xml_v2_rag/test_v2_1/matrix/frozen_inputs/XBMC-Remote--remote_xbox--d9024394,40dabf6a6c4c49ce94ac232e9930c647c7666b02c760f6e8510497b42baed81b,81794383aa641ac2eaa1b0c3c5d35114c2b07dde301c4240306c433dae5ce856,experiments/android_xml_v2_formal/multimodel_v2_3_40app/runs/gpt_5_6_sol/XBMC-Remote--remote_xbox--d9024394/raw_baseline
gpt_5_6_sol,gpt-5.6-sol,openai,XBMC-Remote--remote_xbox--d9024394,XBMC Remote,remote_xbox,2,src-4e66b107292d2f8b4efd;src-8e85191a236c436185b9,full_enhanced,1,9,experiments/android_xml_v2_rag/test_v2_1/matrix/frozen_inputs/XBMC-Remote--remote_xbox--d9024394,40dabf6a6c4c49ce94ac232e9930c647c7666b02c760f6e8510497b42baed81b,b6c06bff048c72b1896bcb20a05c17a8bd9b9bd6e33e1d44ca917ebe05f637d5,experiments/android_xml_v2_formal/multimodel_v2_3_40app/runs/gpt_5_6_sol/XBMC-Remote--remote_xbox--d9024394/full_enhanced
gpt_5_6_sol,gpt-5.6-sol,openai,QuickLyric-old--tutorial_4--658229ba,QuickLyric (old),tutorial_4,1,src-c0aa57bb31b6c2c4394c,raw_baseline,1,1,experiments/android_xml_v2_rag/test_v2_1/matrix/frozen_inputs/QuickLyric-old--tutorial_4--658229ba,a2816bccc810f42f2de5ab2814b589e1a0fa61d9247cf6eff7083a22372f460d,97e2caf9f5f00b048f7446d663b6febf2ec00c01137852fc093d3e2576a70aeb,experiments/android_xml_v2_formal/multimodel_v2_3_40app/runs/gpt_5_6_sol/QuickLyric-old--tutorial_4--658229ba/raw_baseline
gpt_5_6_sol,gpt-5.6-sol,openai,QuickLyric-old--tutorial_4--658229ba,QuickLyric (old),tutorial_4,1,src-c0aa57bb31b6c2c4394c,full_enhanced,1,9,experiments/android_xml_v2_rag/test_v2_1/matrix/frozen_inputs/QuickLyric-old--tutorial_4--658229ba,a2816bccc810f42f2de5ab2814b589e1a0fa61d9247cf6eff7083a22372f460d,81c1893a3fc033c3b73291104064c46e0b777e90d9530c83ca9592e25b38712d,experiments/android_xml_v2_formal/multimodel_v2_3_40app/runs/gpt_5_6_sol/QuickLyric-old--tutorial_4--658229ba/full_enhanced
gpt_5_6_sol,gpt-5.6-sol,openai,FreeOTP-Plus--add--4703c2e2,FreeOTP Plus,add,1,src-c762d03786a160b0d611,raw_baseline,1,1,experiments/android_xml_v2_rag/test_v2_1/matrix/frozen_inputs/FreeOTP-Plus--add--4703c2e2,46457edd73468e8933e59d3423f3619683c079a07454283eceed215f373cc4e3,56e4a761f0092b2567538ec501a0b42eedcdec3a26ffbde2f166d3852562d4cd,experiments/android_xml_v2_formal/multimodel_v2_3_40app/runs/gpt_5_6_sol/FreeOTP-Plus--add--4703c2e2/raw_baseline
gpt_5_6_sol,gpt-5.6-sol,openai,FreeOTP-Plus--add--4703c2e2,FreeOTP Plus,add,1,src-c762d03786a160b0d611,full_enhanced,1,9,experiments/android_xml_v2_rag/test_v2_1/matrix/frozen_inputs/FreeOTP-Plus--add--4703c2e2,46457edd73468e8933e59d3423f3619683c079a07454283eceed215f373cc4e3,2f218de0481d1f3c4ac6152a88d5e7466ca806cd580cdce8af3d38e0a979f73b,experiments/android_xml_v2_formal/multimodel_v2_3_40app/runs/gpt_5_6_sol/FreeOTP-Plus--add--4703c2e2/full_enhanced
gpt_5_6_sol,gpt-5.6-sol,openai,Smartcoins-Wallet--activity_account--1c78a1cf,Smartcoins Wallet,activity_account,2,src-506f753e45c4ba8941c3;src-daa9fba94cb353897b7e,full_enhanced,1,9,experiments/android_xml_v2_rag/test_v2_1/matrix/frozen_inputs/Smartcoins-Wallet--activity_account--1c78a1cf,373bfccbbc6974a03c2072fa6cee13d18dd6f5615ed48a0a41029372d28b3f8b,582e17bbcf5b105aa70969f2516f7ffc1f4b2cfce30233995d93733c8b991a56,experiments/android_xml_v2_formal/multimodel_v2_3_40app/runs/gpt_5_6_sol/Smartcoins-Wallet--activity_account--1c78a1cf/full_enhanced
gpt_5_6_sol,gpt-5.6-sol,openai,Smartcoins-Wallet--activity_account--1c78a1cf,Smartcoins Wallet,activity_account,2,src-506f753e45c4ba8941c3;src-daa9fba94cb353897b7e,raw_baseline,1,1,experiments/android_xml_v2_rag/test_v2_1/matrix/frozen_inputs/Smartcoins-Wallet--activity_account--1c78a1cf,373bfccbbc6974a03c2072fa6cee13d18dd6f5615ed48a0a41029372d28b3f8b,b4b684407e2d034993b8a24a78a360bdb753fac1a8c3f8b2a8958244bae5ce4a,experiments/android_xml_v2_formal/multimodel_v2_3_40app/runs/gpt_5_6_sol/Smartcoins-Wallet--activity_account--1c78a1cf/raw_baseline
gpt_5_6_sol,gpt-5.6-sol,openai,Smartcoins-Wallet--activity_backup_brainkey--cf93ad40,Smartcoins Wallet,activity_backup_brainkey,1,src-d0c0bc0a1184312329a2,raw_baseline,1,1,experiments/android_xml_v2_rag/test_v2_1/matrix/frozen_inputs/Smartcoins-Wallet--activity_backup_brainkey--cf93ad40,c8ec83a2e2a249e403a79ac12f686646fb48abf57ca10e455dcd2e462c04df58,cf49706d7e04d861e5d05fa9c862ce7eddaff2b790333a427748985bd33d5b69,experiments/android_xml_v2_formal/multimodel_v2_3_40app/runs/gpt_5_6_sol/Smartcoins-Wallet--activity_backup_brainkey--cf93ad40/raw_baseline
gpt_5_6_sol,gpt-5.6-sol,openai,Smartcoins-Wallet--activity_backup_brainkey--cf93ad40,Smartcoins Wallet,activity_backup_brainkey,1,src-d0c0bc0a1184312329a2,full_enhanced,1,9,experiments/android_xml_v2_rag/test_v2_1/matrix/frozen_inputs/Smartcoins-Wallet--activity_backup_brainkey--cf93ad40,c8ec83a2e2a249e403a79ac12f686646fb48abf57ca10e455dcd2e462c04df58,1d799c8dd9763c7f2b959ed7ab0dc02dd2d08bc3a4f50ff262dc13e219bae650,experiments/android_xml_v2_formal/multimodel_v2_3_40app/runs/gpt_5_6_sol/Smartcoins-Wallet--activity_backup_brainkey--cf93ad40/full_enhanced
gpt_5_6_sol,gpt-5.6-sol,openai,Smartcoins-Wallet--add_contacts--f5704558,Smartcoins Wallet,add_contacts,1,src-32afa7827d519dec01c9,full_enhanced,1,9,experiments/android_xml_v2_rag/test_v2_1/matrix/frozen_inputs/Smartcoins-Wallet--add_contacts--f5704558,e3a9be3463a16b94d5431bfaaf2821868b1f6fe0e351fdaeb25886bd02c35e4e,6ad5dad07ab8514f51b10f53487dc5aa2dd8413e31e91a71bc6e5f03fae17069,experiments/android_xml_v2_formal/multimodel_v2_3_40app/runs/gpt_5_6_sol/Smartcoins-Wallet--add_contacts--f5704558/full_enhanced
gpt_5_6_sol,gpt-5.6-sol,openai,Smartcoins-Wallet--add_contacts--f5704558,Smartcoins Wallet,add_contacts,1,src-32afa7827d519dec01c9,raw_baseline,1,1,experiments/android_xml_v2_rag/test_v2_1/matrix/frozen_inputs/Smartcoins-Wallet--add_contacts--f5704558,e3a9be3463a16b94d5431bfaaf2821868b1f6fe0e351fdaeb25886bd02c35e4e,3f586cbb4ff283349943ac5379e3af598b98023ef1d84b507d8aee2722d7d794,experiments/android_xml_v2_formal/multimodel_v2_3_40app/runs/gpt_5_6_sol/Smartcoins-Wallet--add_contacts--f5704558/raw_baseline
gpt_5_6_sol,gpt-5.6-sol,openai,Smartcoins-Wallet--content_setting--3b80baa2,Smartcoins Wallet,content_setting,2,src-665cf5c55637058d0158;src-d6237db8b5b1dc4626bd,raw_baseline,1,1,experiments/android_xml_v2_rag/test_v2_1/matrix/frozen_inputs/Smartcoins-Wallet--content_setting--3b80baa2,c47e813a8a2f5da56140092cb8502dba4aaaafab8500674acc68f48711ba991f,92c08f15ec8f0527b29f9405500b505c5a3ec6f28ca3c2b6b255d08487013127,experiments/android_xml_v2_formal/multimodel_v2_3_40app/runs/gpt_5_6_sol/Smartcoins-Wallet--content_setting--3b80baa2/raw_baseline
gpt_5_6_sol,gpt-5.6-sol,openai,Smartcoins-Wallet--content_setting--3b80baa2,Smartcoins Wallet,content_setting,2,src-665cf5c55637058d0158;src-d6237db8b5b1dc4626bd,full_enhanced,1,9,experiments/android_xml_v2_rag/test_v2_1/matrix/frozen_inputs/Smartcoins-Wallet--content_setting--3b80baa2,c47e813a8a2f5da56140092cb8502dba4aaaafab8500674acc68f48711ba991f,2b8246378b850ef6f60cc211836a1994258f3cd18287c83dbb5a4ee295db0437,experiments/android_xml_v2_formal/multimodel_v2_3_40app/runs/gpt_5_6_sol/Smartcoins-Wallet--content_setting--3b80baa2/full_enhanced
gpt_5_6_sol,gpt-5.6-sol,openai,MyExpenses--calculator--9f8c6427,MyExpenses,calculator,2,src-391e412506f3d385b5f8;src-57b5a6f5e62e6d25f5d8,raw_baseline,1,1,experiments/android_xml_v2_rag/test_v2_1/matrix/frozen_inputs/MyExpenses--calculator--9f8c6427,49eb2e0527434946ba1d0b1ed3b8f2909e43c806323f3286e64100d566f84fc8,a8d450d1fa19ecc0b766b32a13b9e96ffb02aa34ff8793cdb247695edd01df93,experiments/android_xml_v2_formal/multimodel_v2_3_40app/runs/gpt_5_6_sol/MyExpenses--calculator--9f8c6427/raw_baseline
gpt_5_6_sol,gpt-5.6-sol,openai,MyExpenses--calculator--9f8c6427,MyExpenses,calculator,2,src-391e412506f3d385b5f8;src-57b5a6f5e62e6d25f5d8,full_enhanced,1,9,experiments/android_xml_v2_rag/test_v2_1/matrix/frozen_inputs/MyExpenses--calculator--9f8c6427,49eb2e0527434946ba1d0b1ed3b8f2909e43c806323f3286e64100d566f84fc8,c16752c8f93e0b5bf8fb785e0befc29ed5a0063601728adc6e2f83dfd47661bd,experiments/android_xml_v2_formal/multimodel_v2_3_40app/runs/gpt_5_6_sol/MyExpenses--calculator--9f8c6427/full_enhanced
gpt_5_6_sol,gpt-5.6-sol,openai,MyExpenses--amount_edittext--cba24c96,MyExpenses,amount_edittext,1,src-2b9b18c2cd3ebea1904c,raw_baseline,1,1,experiments/android_xml_v2_rag/test_v2_1/matrix/frozen_inputs/MyExpenses--amount_edittext--cba24c96,6efad988d65389c85c4d3c05ec87678c550ea22a34d5c33a062a526aa930348b,db903b81d27495505962593ef251a25f302da64208d39deb219f94be20cd4cf4,experiments/android_xml_v2_formal/multimodel_v2_3_40app/runs/gpt_5_6_sol/MyExpenses--amount_edittext--cba24c96/raw_baseline
gpt_5_6_sol,gpt-5.6-sol,openai,MyExpenses--amount_edittext--cba24c96,MyExpenses,amount_edittext,1,src-2b9b18c2cd3ebea1904c,full_enhanced,1,9,experiments/android_xml_v2_rag/test_v2_1/matrix/frozen_inputs/MyExpenses--amount_edittext--cba24c96,6efad988d65389c85c4d3c05ec87678c550ea22a34d5c33a062a526aa930348b,593938784f5c0c3c5d5a0e6d0ac65962d17b026c355993e2bf9a8f271a3849a3,experiments/android_xml_v2_formal/multimodel_v2_3_40app/runs/gpt_5_6_sol/MyExpenses--amount_edittext--cba24c96/full_enhanced
gpt_5_6_sol,gpt-5.6-sol,openai,MyExpenses--contrib_dialog--9e244564,MyExpenses,contrib_dialog,1,src-5f4f37669f951565b390,raw_baseline,1,1,experiments/android_xml_v2_rag/test_v2_1/matrix/frozen_inputs/MyExpenses--contrib_dialog--9e244564,4a91995d626aa9973e85ec211352ee05e20c5eca0723db565f4dc68793e70479,ef634add6d8df8e5c115216ad732570bbe31f78f642df9d5b68bfabcfde1bd60,experiments/android_xml_v2_formal/multimodel_v2_3_40app/runs/gpt_5_6_sol/MyExpenses--contrib_dialog--9e244564/raw_baseline
gpt_5_6_sol,gpt-5.6-sol,openai,MyExpenses--contrib_dialog--9e244564,MyExpenses,contrib_dialog,1,src-5f4f37669f951565b390,full_enhanced,1,9,experiments/android_xml_v2_rag/test_v2_1/matrix/frozen_inputs/MyExpenses--contrib_dialog--9e244564,4a91995d626aa9973e85ec211352ee05e20c5eca0723db565f4dc68793e70479,a1b3af93a3e2086a20b2f68c4769c0a6d488b5ff2b4e7ee6a107df8de1b1e805,experiments/android_xml_v2_formal/multimodel_v2_3_40app/runs/gpt_5_6_sol/MyExpenses--contrib_dialog--9e244564/full_enhanced
gpt_5_6_sol,gpt-5.6-sol,openai,MyExpenses--date_format--11db5eda,MyExpenses,date_format,1,src-c28a14146817e04cff8f,raw_baseline,1,1,experiments/android_xml_v2_rag/test_v2_1/matrix/frozen_inputs/MyExpenses--date_format--11db5eda,e83bf2b6b5a1a1d01b9662220317d576fb0af22f3508bf7741739e8fca6191eb,e5ff74b1f8b4964ead8db2b18135a6c1e4512f1ec3a195ce1f056a8b48a3b1a7,experiments/android_xml_v2_formal/multimodel_v2_3_40app/runs/gpt_5_6_sol/MyExpenses--date_format--11db5eda/raw_baseline
gpt_5_6_sol,gpt-5.6-sol,openai,MyExpenses--date_format--11db5eda,MyExpenses,date_format,1,src-c28a14146817e04cff8f,full_enhanced,1,9,experiments/android_xml_v2_rag/test_v2_1/matrix/frozen_inputs/MyExpenses--date_format--11db5eda,e83bf2b6b5a1a1d01b9662220317d576fb0af22f3508bf7741739e8fca6191eb,fea6944cfe370d1675d9075def2f09252e094b3192b4e978291eb5849dbdbc20,experiments/android_xml_v2_formal/multimodel_v2_3_40app/runs/gpt_5_6_sol/MyExpenses--date_format--11db5eda/full_enhanced
gpt_5_6_sol,gpt-5.6-sol,openai,MyExpenses--method_row--2255ba38,MyExpenses,method_row,1,src-1fe915443e0b76465f83,raw_baseline,1,1,experiments/android_xml_v2_rag/test_v2_1/matrix/frozen_inputs/MyExpenses--method_row--2255ba38,9a2a872fe9af7388708398be23f680bf29057b24089ace27d580834d3b4020c2,76ce09814da1fe3e81c757ffde656223fa9ed2d9f27b246a6476a85096433541,experiments/android_xml_v2_formal/multimodel_v2_3_40app/runs/gpt_5_6_sol/MyExpenses--method_row--2255ba38/raw_baseline
gpt_5_6_sol,gpt-5.6-sol,openai,MyExpenses--method_row--2255ba38,MyExpenses,method_row,1,src-1fe915443e0b76465f83,full_enhanced,1,9,experiments/android_xml_v2_rag/test_v2_1/matrix/frozen_inputs/MyExpenses--method_row--2255ba38,9a2a872fe9af7388708398be23f680bf29057b24089ace27d580834d3b4020c2,40c850dbff214330cbedeb5f8b78593bc2eed91d3e477805bb200fb71e169837,experiments/android_xml_v2_formal/multimodel_v2_3_40app/runs/gpt_5_6_sol/MyExpenses--method_row--2255ba38/full_enhanced
gpt_5_6_sol,gpt-5.6-sol,openai,MyExpenses--onboarding_wizzard_ui--3939db99,MyExpenses,onboarding_wizzard_ui,1,src-7ad473722e798a917f7f,full_enhanced,1,9,experiments/android_xml_v2_rag/test_v2_1/matrix/frozen_inputs/MyExpenses--onboarding_wizzard_ui--3939db99,bb89d093418abecd77cce539f65e9e992f828946c5a346cd092e1ced8b371864,68e5245ea7f026f508cf8284aa4d0b4ce42c0cb5ca20252879931a5790409105,experiments/android_xml_v2_formal/multimodel_v2_3_40app/runs/gpt_5_6_sol/MyExpenses--onboarding_wizzard_ui--3939db99/full_enhanced
gpt_5_6_sol,gpt-5.6-sol,openai,MyExpenses--onboarding_wizzard_ui--3939db99,MyExpenses,onboarding_wizzard_ui,1,src-7ad473722e798a917f7f,raw_baseline,1,1,experiments/android_xml_v2_rag/test_v2_1/matrix/frozen_inputs/MyExpenses--onboarding_wizzard_ui--3939db99,bb89d093418abecd77cce539f65e9e992f828946c5a346cd092e1ced8b371864,cbe5358855e326853a2ecf2ecd40d2e73da5c5c69e01656c6beed1cd6ecdc19d,experiments/android_xml_v2_formal/multimodel_v2_3_40app/runs/gpt_5_6_sol/MyExpenses--onboarding_wizzard_ui--3939db99/raw_baseline
gpt_5_6_sol,gpt-5.6-sol,openai,MyExpenses--one_account--b31188a1,MyExpenses,one_account,1,src-ed9d17d2b0a353916b69,raw_baseline,1,1,experiments/android_xml_v2_rag/test_v2_1/matrix/frozen_inputs/MyExpenses--one_account--b31188a1,cd3e38a921c5632dbf85ad17988d68d2587fa334f453b4e4e9566fef09b70e3a,5f4b42966c7edfc31560f783a5aeac7566075d4106f54bc190efa5119eb85b7c,experiments/android_xml_v2_formal/multimodel_v2_3_40app/runs/gpt_5_6_sol/MyExpenses--one_account--b31188a1/raw_baseline
gpt_5_6_sol,gpt-5.6-sol,openai,MyExpenses--one_account--b31188a1,MyExpenses,one_account,1,src-ed9d17d2b0a353916b69,full_enhanced,1,9,experiments/android_xml_v2_rag/test_v2_1/matrix/frozen_inputs/MyExpenses--one_account--b31188a1,cd3e38a921c5632dbf85ad17988d68d2587fa334f453b4e4e9566fef09b70e3a,8c5ea0df1d3ed2d5b8af361d3f694abe5c8c5a1128b53c26ffe7db766f52b7c8,experiments/android_xml_v2_formal/multimodel_v2_3_40app/runs/gpt_5_6_sol/MyExpenses--one_account--b31188a1/full_enhanced
gpt_5_6_sol,gpt-5.6-sol,openai,MyExpenses--package_container--a84ce06a,MyExpenses,package_container,1,src-8ac5c82640115056fb76,raw_baseline,1,1,experiments/android_xml_v2_rag/test_v2_1/matrix/frozen_inputs/MyExpenses--package_container--a84ce06a,5a404c51f467cbbc9277491a1f9bf3074e3af74e4984c07e9f01ab76a91d2ae1,5bdf64b218eb2c70a7773f880136230686ee1ce93ae7f469efe0c7c0ba16ed8b,experiments/android_xml_v2_formal/multimodel_v2_3_40app/runs/gpt_5_6_sol/MyExpenses--package_container--a84ce06a/raw_baseline
gpt_5_6_sol,gpt-5.6-sol,openai,MyExpenses--package_container--a84ce06a,MyExpenses,package_container,1,src-8ac5c82640115056fb76,full_enhanced,1,9,experiments/android_xml_v2_rag/test_v2_1/matrix/frozen_inputs/MyExpenses--package_container--a84ce06a,5a404c51f467cbbc9277491a1f9bf3074e3af74e4984c07e9f01ab76a91d2ae1,fcca0281aadbfb35fbcd53c18d24bf108d63b91d9da92c376e0fb9c829690d2c,experiments/android_xml_v2_formal/multimodel_v2_3_40app/runs/gpt_5_6_sol/MyExpenses--package_container--a84ce06a/full_enhanced
gpt_5_6_sol,gpt-5.6-sol,openai,Session--activity_appearance_settings--eaff7c46,Session,activity_appearance_settings,2,src-9f91394382d708c124e6;src-bb53f766e21438488b82,full_enhanced,1,9,experiments/android_xml_v2_rag/test_v2_1/matrix/frozen_inputs/Session--activity_appearance_settings--eaff7c46,cb250c8bcb72649fcf245c3bf26f8440598f2494616d27c03e23e2a992077759,09b426b194f893217e9fb87c4fef699bcc6628d1a718cc0707099195069905f2,experiments/android_xml_v2_formal/multimodel_v2_3_40app/runs/gpt_5_6_sol/Session--activity_appearance_settings--eaff7c46/full_enhanced
gpt_5_6_sol,gpt-5.6-sol,openai,Session--activity_appearance_settings--eaff7c46,Session,activity_appearance_settings,2,src-9f91394382d708c124e6;src-bb53f766e21438488b82,raw_baseline,1,1,experiments/android_xml_v2_rag/test_v2_1/matrix/frozen_inputs/Session--activity_appearance_settings--eaff7c46,cb250c8bcb72649fcf245c3bf26f8440598f2494616d27c03e23e2a992077759,9ed3e28269df6c0f78a4f8e5e27752cbc8f356f711686eeef1ee413cd625146e,experiments/android_xml_v2_formal/multimodel_v2_3_40app/runs/gpt_5_6_sol/Session--activity_appearance_settings--eaff7c46/raw_baseline
gpt_5_6_sol,gpt-5.6-sol,openai,Authorizer--activity_otp_add--15f9cf7f,Authorizer,activity_otp_add,1,src-4dd685ae893ba377435d,full_enhanced,1,9,experiments/android_xml_v2_rag/test_v2_1/matrix/frozen_inputs/Authorizer--activity_otp_add--15f9cf7f,525d71993d7646f8fb112a561beefcc5fef0270d951526f60e030f99e48ad375,9cb80181e25c7dd475e004285d3537a222705558f73023cc96ab12538e972a4a,experiments/android_xml_v2_formal/multimodel_v2_3_40app/runs/gpt_5_6_sol/Authorizer--activity_otp_add--15f9cf7f/full_enhanced
gpt_5_6_sol,gpt-5.6-sol,openai,Authorizer--activity_otp_add--15f9cf7f,Authorizer,activity_otp_add,1,src-4dd685ae893ba377435d,raw_baseline,1,1,experiments/android_xml_v2_rag/test_v2_1/matrix/frozen_inputs/Authorizer--activity_otp_add--15f9cf7f,525d71993d7646f8fb112a561beefcc5fef0270d951526f60e030f99e48ad375,f93c939956087beb1d657e09ce15f6d77fc231532ceb76d4ae3cc19091109ebd,experiments/android_xml_v2_formal/multimodel_v2_3_40app/runs/gpt_5_6_sol/Authorizer--activity_otp_add--15f9cf7f/raw_baseline
gpt_5_6_sol,gpt-5.6-sol,openai,Authorizer--fragment_bluetooth--8c622489,Authorizer,fragment_bluetooth,2,src-449d769b894491cf1fe1;src-aaf4ba9e46c3e931a272,raw_baseline,1,1,experiments/android_xml_v2_rag/test_v2_1/matrix/frozen_inputs/Authorizer--fragment_bluetooth--8c622489,0ce5aac45de2fe565199ae1ffca5ae371d087f6375022f2ba657f150420561d9,3883de964c655272b2085e93df2c4b3ab868aaf877728001cd85c7781be3fc4c,experiments/android_xml_v2_formal/multimodel_v2_3_40app/runs/gpt_5_6_sol/Authorizer--fragment_bluetooth--8c622489/raw_baseline
gpt_5_6_sol,gpt-5.6-sol,openai,Authorizer--fragment_bluetooth--8c622489,Authorizer,fragment_bluetooth,2,src-449d769b894491cf1fe1;src-aaf4ba9e46c3e931a272,full_enhanced,1,9,experiments/android_xml_v2_rag/test_v2_1/matrix/frozen_inputs/Authorizer--fragment_bluetooth--8c622489,0ce5aac45de2fe565199ae1ffca5ae371d087f6375022f2ba657f150420561d9,a0188d3780d9dd97ca1a389c6897c3b3d487b7e957762cf2e79a9a14e3d271dc,experiments/android_xml_v2_formal/multimodel_v2_3_40app/runs/gpt_5_6_sol/Authorizer--fragment_bluetooth--8c622489/full_enhanced
gpt_5_6_sol,gpt-5.6-sol,openai,ch.threema.app.libre--activity_notifications--b109b57d,ch.threema.app.libre,activity_notifications,1,src-3f04d2cf94c52c8f5398,full_enhanced,1,9,experiments/android_xml_v2_rag/test_v2_1/matrix/frozen_inputs/ch.threema.app.libre--activity_notifications--b109b57d,b851ea49d81e4916504e704a4839edcb7c7676113d8a776ebfdafb722d8e33bb,74819c1c47ef665f8ca820d94b60f1cc1051fcfeab71389630f24d118e070ed9,experiments/android_xml_v2_formal/multimodel_v2_3_40app/runs/gpt_5_6_sol/ch.threema.app.libre--activity_notifications--b109b57d/full_enhanced
gpt_5_6_sol,gpt-5.6-sol,openai,ch.threema.app.libre--activity_notifications--b109b57d,ch.threema.app.libre,activity_notifications,1,src-3f04d2cf94c52c8f5398,raw_baseline,1,1,experiments/android_xml_v2_rag/test_v2_1/matrix/frozen_inputs/ch.threema.app.libre--activity_notifications--b109b57d,b851ea49d81e4916504e704a4839edcb7c7676113d8a776ebfdafb722d8e33bb,4c6ce343f8c9994a316b77269540922aac0bf4e28de48a4a75f80528127270ae,experiments/android_xml_v2_formal/multimodel_v2_3_40app/runs/gpt_5_6_sol/ch.threema.app.libre--activity_notifications--b109b57d/raw_baseline
gpt_5_6_sol,gpt-5.6-sol,openai,ch.threema.app.libre--activity_sessions_intro--e6a3b705,ch.threema.app.libre,activity_sessions_intro,1,src-9601d3bc7f5d10aaa891,raw_baseline,1,1,experiments/android_xml_v2_rag/test_v2_1/matrix/frozen_inputs/ch.threema.app.libre--activity_sessions_intro--e6a3b705,b888e84da94e80635bbd7f9dcb256bd8350b094cd35a996dc3b45bc216ccaf10,68226088fbc5c0e3ccbcf413e012f876d4887744036b9c3306e6794bd8e3a336,experiments/android_xml_v2_formal/multimodel_v2_3_40app/runs/gpt_5_6_sol/ch.threema.app.libre--activity_sessions_intro--e6a3b705/raw_baseline
gpt_5_6_sol,gpt-5.6-sol,openai,ch.threema.app.libre--activity_sessions_intro--e6a3b705,ch.threema.app.libre,activity_sessions_intro,1,src-9601d3bc7f5d10aaa891,full_enhanced,1,9,experiments/android_xml_v2_rag/test_v2_1/matrix/frozen_inputs/ch.threema.app.libre--activity_sessions_intro--e6a3b705,b888e84da94e80635bbd7f9dcb256bd8350b094cd35a996dc3b45bc216ccaf10,b8bbcd311b3c5ce6e59d42751a05a491b9509f016a50ce66f6a0a68887a80118,experiments/android_xml_v2_formal/multimodel_v2_3_40app/runs/gpt_5_6_sol/ch.threema.app.libre--activity_sessions_intro--e6a3b705/full_enhanced
gpt_5_6_sol,gpt-5.6-sol,openai,ch.threema.app.libre--activity_wizard_restore_id--5ee0f5bc,ch.threema.app.libre,activity_wizard_restore_id,1,src-f129415c5d1fd0b762c5,full_enhanced,1,9,experiments/android_xml_v2_rag/test_v2_1/matrix/frozen_inputs/ch.threema.app.libre--activity_wizard_restore_id--5ee0f5bc,cd1b21ca6e98ebaeb98337a0bc48eaa2676066445584a2349d895e5957b5b404,c03847ba5ff1fce14d800257f94b48ae3050b9388bddec9313f7fc8837482f7a,experiments/android_xml_v2_formal/multimodel_v2_3_40app/runs/gpt_5_6_sol/ch.threema.app.libre--activity_wizard_restore_id--5ee0f5bc/full_enhanced
gpt_5_6_sol,gpt-5.6-sol,openai,ch.threema.app.libre--activity_wizard_restore_id--5ee0f5bc,ch.threema.app.libre,activity_wizard_restore_id,1,src-f129415c5d1fd0b762c5,raw_baseline,1,1,experiments/android_xml_v2_rag/test_v2_1/matrix/frozen_inputs/ch.threema.app.libre--activity_wizard_restore_id--5ee0f5bc,cd1b21ca6e98ebaeb98337a0bc48eaa2676066445584a2349d895e5957b5b404,6a494941cade7b66905d8d7ac8b04e1bac0c66734e5842378f5227ea0f1dc6f0,experiments/android_xml_v2_formal/multimodel_v2_3_40app/runs/gpt_5_6_sol/ch.threema.app.libre--activity_wizard_restore_id--5ee0f5bc/raw_baseline
gpt_5_6_sol,gpt-5.6-sol,openai,ch.threema.app.libre--dialog_new_contact--7b8bd4fe,ch.threema.app.libre,dialog_new_contact,1,src-d1c25b418a1f7ed45e0d,raw_baseline,1,1,experiments/android_xml_v2_rag/test_v2_1/matrix/frozen_inputs/ch.threema.app.libre--dialog_new_contact--7b8bd4fe,72f99b4859bd4cea72668f5c8cbc75c47d21704ad7008600815f3747d2298c05,09a6522b64ab92751fc92680c4f126e36448cdc2b565468afc2e79ba2a7004dd,experiments/android_xml_v2_formal/multimodel_v2_3_40app/runs/gpt_5_6_sol/ch.threema.app.libre--dialog_new_contact--7b8bd4fe/raw_baseline
gpt_5_6_sol,gpt-5.6-sol,openai,ch.threema.app.libre--dialog_new_contact--7b8bd4fe,ch.threema.app.libre,dialog_new_contact,1,src-d1c25b418a1f7ed45e0d,full_enhanced,1,9,experiments/android_xml_v2_rag/test_v2_1/matrix/frozen_inputs/ch.threema.app.libre--dialog_new_contact--7b8bd4fe,72f99b4859bd4cea72668f5c8cbc75c47d21704ad7008600815f3747d2298c05,bd44f09df281ba466975ec51e53109a6f7e93de53897d9906af1060bd42a7788,experiments/android_xml_v2_formal/multimodel_v2_3_40app/runs/gpt_5_6_sol/ch.threema.app.libre--dialog_new_contact--7b8bd4fe/full_enhanced
gpt_5_6_sol,gpt-5.6-sol,openai,ch.threema.app.libre--fragment_wizard3--e03056b4,ch.threema.app.libre,fragment_wizard3,1,src-07f8989c0bc39001ddb7,raw_baseline,1,1,experiments/android_xml_v2_rag/test_v2_1/matrix/frozen_inputs/ch.threema.app.libre--fragment_wizard3--e03056b4,2d2973c73dceb8e0e04582e4ec42f0821bbd7adbc4a2775812e1e42feeb4c8b4,246708cfd37c6b4f36106f22a63059fb900bce8fb23a80efd42e913b1bb3d786,experiments/android_xml_v2_formal/multimodel_v2_3_40app/runs/gpt_5_6_sol/ch.threema.app.libre--fragment_wizard3--e03056b4/raw_baseline
gpt_5_6_sol,gpt-5.6-sol,openai,ch.threema.app.libre--fragment_wizard3--e03056b4,ch.threema.app.libre,fragment_wizard3,1,src-07f8989c0bc39001ddb7,full_enhanced,1,9,experiments/android_xml_v2_rag/test_v2_1/matrix/frozen_inputs/ch.threema.app.libre--fragment_wizard3--e03056b4,2d2973c73dceb8e0e04582e4ec42f0821bbd7adbc4a2775812e1e42feeb4c8b4,12b41d3c440857680bbf10a9042e5caa9ca204bf80982c7c4ee98d72f6ba862d,experiments/android_xml_v2_formal/multimodel_v2_3_40app/runs/gpt_5_6_sol/ch.threema.app.libre--fragment_wizard3--e03056b4/full_enhanced
gpt_5_6_sol,gpt-5.6-sol,openai,Simple-sms-remote--content_module_settings_grant_phone_remotely--75ead28b,Simple sms remote,content_module_settings_grant_phone_remotely,2,src-4bc126a67079b7fac6ba;src-c241a18305d43969568c,full_enhanced,1,9,experiments/android_xml_v2_rag/test_v2_1/matrix/frozen_inputs/Simple-sms-remote--content_module_settings_grant_phone_remotely--75ead28b,7b02f978bc51d04ddcb2ed36681b585a826385d101625aa7eb11950816e0cb91,e8642f2a4072ce9ffc1a3454c117ff020e1a82c40c25c128c9a1c3091313ebcc,experiments/android_xml_v2_formal/multimodel_v2_3_40app/runs/gpt_5_6_sol/Simple-sms-remote--content_module_settings_grant_phone_remotely--75ead28b/full_enhanced
gpt_5_6_sol,gpt-5.6-sol,openai,Simple-sms-remote--content_module_settings_grant_phone_remotely--75ead28b,Simple sms remote,content_module_settings_grant_phone_remotely,2,src-4bc126a67079b7fac6ba;src-c241a18305d43969568c,raw_baseline,1,1,experiments/android_xml_v2_rag/test_v2_1/matrix/frozen_inputs/Simple-sms-remote--content_module_settings_grant_phone_remotely--75ead28b,7b02f978bc51d04ddcb2ed36681b585a826385d101625aa7eb11950816e0cb91,23bae46a6dfa80c8942bb7a246df6f7d34e2ad257291802cfb5b06a5f42c8b43,experiments/android_xml_v2_formal/multimodel_v2_3_40app/runs/gpt_5_6_sol/Simple-sms-remote--content_module_settings_grant_phone_remotely--75ead28b/raw_baseline
gpt_5_6_sol,gpt-5.6-sol,openai,Gear-Shift--replace_tracker_dialog--230bc8b7,Gear Shift,replace_tracker_dialog,1,src-124763fee7a0cbf2b09e,raw_baseline,1,1,experiments/android_xml_v2_rag/test_v2_1/matrix/frozen_inputs/Gear-Shift--replace_tracker_dialog--230bc8b7,8ea4119ce1c7bb036387a1825d7f5a7de6c47f3fc6332e905b1c12df357c0add,6d4186afcc62ddca9f895d81b5fce2bb86d9287ef1b72d4e1f70d1c4da3808a0,experiments/android_xml_v2_formal/multimodel_v2_3_40app/runs/gpt_5_6_sol/Gear-Shift--replace_tracker_dialog--230bc8b7/raw_baseline
gpt_5_6_sol,gpt-5.6-sol,openai,Gear-Shift--replace_tracker_dialog--230bc8b7,Gear Shift,replace_tracker_dialog,1,src-124763fee7a0cbf2b09e,full_enhanced,1,9,experiments/android_xml_v2_rag/test_v2_1/matrix/frozen_inputs/Gear-Shift--replace_tracker_dialog--230bc8b7,8ea4119ce1c7bb036387a1825d7f5a7de6c47f3fc6332e905b1c12df357c0add,3cfab9f1052c60a71220aca8f26835afb2b5ddbd0073786f1ae2544e5decbec9,experiments/android_xml_v2_formal/multimodel_v2_3_40app/runs/gpt_5_6_sol/Gear-Shift--replace_tracker_dialog--230bc8b7/full_enhanced
gpt_5_6_sol,gpt-5.6-sol,openai,Gear-Shift--transmission_session_bandwidth--623a6cc9,Gear Shift,transmission_session_bandwidth,2,src-02e88f1b6a134336a6f2;src-fb6a216031d5a3c31e86,full_enhanced,1,9,experiments/android_xml_v2_rag/test_v2_1/matrix/frozen_inputs/Gear-Shift--transmission_session_bandwidth--623a6cc9,cc7d91002aaaf66d9a6f667977ca5a2eb6417c035695cc765ac0563bee4df330,bbbb5b5eab408db4d36d1c1e01aebda71f32f2a95c075782d46bbd7f05f7df62,experiments/android_xml_v2_formal/multimodel_v2_3_40app/runs/gpt_5_6_sol/Gear-Shift--transmission_session_bandwidth--623a6cc9/full_enhanced
gpt_5_6_sol,gpt-5.6-sol,openai,Gear-Shift--transmission_session_bandwidth--623a6cc9,Gear Shift,transmission_session_bandwidth,2,src-02e88f1b6a134336a6f2;src-fb6a216031d5a3c31e86,raw_baseline,1,1,experiments/android_xml_v2_rag/test_v2_1/matrix/frozen_inputs/Gear-Shift--transmission_session_bandwidth--623a6cc9,cc7d91002aaaf66d9a6f667977ca5a2eb6417c035695cc765ac0563bee4df330,7fefaa83183103ea6ff0947bb6e4c8e8942d0c2723df99731bcfa445e54e9edb,experiments/android_xml_v2_formal/multimodel_v2_3_40app/runs/gpt_5_6_sol/Gear-Shift--transmission_session_bandwidth--623a6cc9/raw_baseline
gpt_5_6_sol,gpt-5.6-sol,openai,Gear-Shift--transmission_session_connections--bd5be400,Gear Shift,transmission_session_connections,1,src-28435fae69ea5e480fe6,raw_baseline,1,1,experiments/android_xml_v2_rag/test_v2_1/matrix/frozen_inputs/Gear-Shift--transmission_session_connections--bd5be400,5eb209d8fe42bfaac79d0f682d1f1dec5069bea4d7781394c3deb6a548f9e8c4,7777f00c0fc68db34463ece3771067dce6281e7a55ae04c7bdce0d7e3ede653f,experiments/android_xml_v2_formal/multimodel_v2_3_40app/runs/gpt_5_6_sol/Gear-Shift--transmission_session_connections--bd5be400/raw_baseline
gpt_5_6_sol,gpt-5.6-sol,openai,Gear-Shift--transmission_session_connections--bd5be400,Gear Shift,transmission_session_connections,1,src-28435fae69ea5e480fe6,full_enhanced,1,9,experiments/android_xml_v2_rag/test_v2_1/matrix/frozen_inputs/Gear-Shift--transmission_session_connections--bd5be400,5eb209d8fe42bfaac79d0f682d1f1dec5069bea4d7781394c3deb6a548f9e8c4,f69da403062be6245deb3b62504bcdb7955535abed20b607f093c14470a666f3,experiments/android_xml_v2_formal/multimodel_v2_3_40app/runs/gpt_5_6_sol/Gear-Shift--transmission_session_connections--bd5be400/full_enhanced
gpt_5_6_sol,gpt-5.6-sol,openai,Mindfulness-Meditation--list_item_downloadable--1ff893ab,Mindfulness Meditation,list_item_downloadable,1,src-6f73c3e24a552437ec4c,full_enhanced,1,9,experiments/android_xml_v2_rag/test_v2_1/matrix/frozen_inputs/Mindfulness-Meditation--list_item_downloadable--1ff893ab,d43503305fc30a0129fd8b258338431680a60a105caf8169eb6233f338dae602,938dcc1704da3053d3be835cafc8bb0767d7bd438e3632acff2898d833059d5d,experiments/android_xml_v2_formal/multimodel_v2_3_40app/runs/gpt_5_6_sol/Mindfulness-Meditation--list_item_downloadable--1ff893ab/full_enhanced
gpt_5_6_sol,gpt-5.6-sol,openai,Mindfulness-Meditation--list_item_downloadable--1ff893ab,Mindfulness Meditation,list_item_downloadable,1,src-6f73c3e24a552437ec4c,raw_baseline,1,1,experiments/android_xml_v2_rag/test_v2_1/matrix/frozen_inputs/Mindfulness-Meditation--list_item_downloadable--1ff893ab,d43503305fc30a0129fd8b258338431680a60a105caf8169eb6233f338dae602,d01a9e345f60647ae4f5e0772c49948340a7666b1a71879e032226b4104990ad,experiments/android_xml_v2_formal/multimodel_v2_3_40app/runs/gpt_5_6_sol/Mindfulness-Meditation--list_item_downloadable--1ff893ab/raw_baseline
gpt_5_6_sol,gpt-5.6-sol,openai,Dumbphone-Assistant--list_item_phone--c55e51fc,Dumbphone Assistant,list_item_phone,1,src-09818963a65a75c517f4,raw_baseline,1,1,experiments/android_xml_v2_rag/test_v2_1/matrix/frozen_inputs/Dumbphone-Assistant--list_item_phone--c55e51fc,d233e4e7617685d3cd9f9eda44621627a4bca66bacc1d79e89b93ad4fdada6fe,b6131ca0d137f54cc66f246b7b5eea75abab5bcbd2d51439b5fdc32186d07ef9,experiments/android_xml_v2_formal/multimodel_v2_3_40app/runs/gpt_5_6_sol/Dumbphone-Assistant--list_item_phone--c55e51fc/raw_baseline
gpt_5_6_sol,gpt-5.6-sol,openai,Dumbphone-Assistant--list_item_phone--c55e51fc,Dumbphone Assistant,list_item_phone,1,src-09818963a65a75c517f4,full_enhanced,1,9,experiments/android_xml_v2_rag/test_v2_1/matrix/frozen_inputs/Dumbphone-Assistant--list_item_phone--c55e51fc,d233e4e7617685d3cd9f9eda44621627a4bca66bacc1d79e89b93ad4fdada6fe,0342940535a53870f2a7ba3522cf6de1f84a07f720ea0ca36449ae063af6fb98,experiments/android_xml_v2_formal/multimodel_v2_3_40app/runs/gpt_5_6_sol/Dumbphone-Assistant--list_item_phone--c55e51fc/full_enhanced
gpt_5_6_sol,gpt-5.6-sol,openai,Dumbphone-Assistant--list_item_sim--af628d2e,Dumbphone Assistant,list_item_sim,1,src-51dd0a5d52cd5f535116,full_enhanced,1,9,experiments/android_xml_v2_rag/test_v2_1/matrix/frozen_inputs/Dumbphone-Assistant--list_item_sim--af628d2e,da55341c81f2873fc6f2d1b16f957bf7062caf52bbc54f72f056e67b79bfa7eb,7358c89669cb3fdcf4efe92ea26417f654ddf650b348378a5be145b4c1798e17,experiments/android_xml_v2_formal/multimodel_v2_3_40app/runs/gpt_5_6_sol/Dumbphone-Assistant--list_item_sim--af628d2e/full_enhanced
gpt_5_6_sol,gpt-5.6-sol,openai,Dumbphone-Assistant--list_item_sim--af628d2e,Dumbphone Assistant,list_item_sim,1,src-51dd0a5d52cd5f535116,raw_baseline,1,1,experiments/android_xml_v2_rag/test_v2_1/matrix/frozen_inputs/Dumbphone-Assistant--list_item_sim--af628d2e,da55341c81f2873fc6f2d1b16f957bf7062caf52bbc54f72f056e67b79bfa7eb,279cdf33e438ede279ba3360ac8ebd8a2ad3100f6385d09010346f40d76ca447,experiments/android_xml_v2_formal/multimodel_v2_3_40app/runs/gpt_5_6_sol/Dumbphone-Assistant--list_item_sim--af628d2e/raw_baseline
gpt_5_6_sol,gpt-5.6-sol,openai,Crescent--advanced_settings--607de884,Crescent,advanced_settings,2,src-6447fbc68cd1f6a6b3e5;src-a72f23fd21956f4735db,full_enhanced,1,9,experiments/android_xml_v2_rag/test_v2_1/matrix/frozen_inputs/Crescent--advanced_settings--607de884,38cdb0cef49f44b4d0def05d13d02c4fcc49c5c63546ce9ad31ba2fa03837f8e,0ec9d3c203bbcb52f13953d81db5121e82ace698d5e0f06d30021194046a28bd,experiments/android_xml_v2_formal/multimodel_v2_3_40app/runs/gpt_5_6_sol/Crescent--advanced_settings--607de884/full_enhanced
gpt_5_6_sol,gpt-5.6-sol,openai,Crescent--advanced_settings--607de884,Crescent,advanced_settings,2,src-6447fbc68cd1f6a6b3e5;src-a72f23fd21956f4735db,raw_baseline,1,1,experiments/android_xml_v2_rag/test_v2_1/matrix/frozen_inputs/Crescent--advanced_settings--607de884,38cdb0cef49f44b4d0def05d13d02c4fcc49c5c63546ce9ad31ba2fa03837f8e,b6d557baeb952c4d6f15cd5f8f947fd34baaad14d2d647ba17474cc4e5775666,experiments/android_xml_v2_formal/multimodel_v2_3_40app/runs/gpt_5_6_sol/Crescent--advanced_settings--607de884/raw_baseline
gpt_5_6_sol,gpt-5.6-sol,openai,Crescent--send--ce777c1d,Crescent,send,2,src-3635028749703dfa5ea6;src-46a638db57774b73e1d9,raw_baseline,1,1,experiments/android_xml_v2_rag/test_v2_1/matrix/frozen_inputs/Crescent--send--ce777c1d,55d0ff696fd9bf0d9a5c65c1cbcc7d3670eae60e2a629bec14c79275e4d70ba2,15e45eba5f37bd2fcf9adb3f4e1ce06f55f921fe70ea3feba85b92b43de9b07d,experiments/android_xml_v2_formal/multimodel_v2_3_40app/runs/gpt_5_6_sol/Crescent--send--ce777c1d/raw_baseline
gpt_5_6_sol,gpt-5.6-sol,openai,Crescent--send--ce777c1d,Crescent,send,2,src-3635028749703dfa5ea6;src-46a638db57774b73e1d9,full_enhanced,1,9,experiments/android_xml_v2_rag/test_v2_1/matrix/frozen_inputs/Crescent--send--ce777c1d,55d0ff696fd9bf0d9a5c65c1cbcc7d3670eae60e2a629bec14c79275e4d70ba2,24a21325e626d583fdf00f8104a22e3aa6b40d396d743fab269abf0096af0888,experiments/android_xml_v2_formal/multimodel_v2_3_40app/runs/gpt_5_6_sol/Crescent--send--ce777c1d/full_enhanced
gpt_5_6_sol,gpt-5.6-sol,openai,Crescent--send_slp--479cb8b6,Crescent,send_slp,1,src-a4361c3c309d71d4ace0,full_enhanced,1,9,experiments/android_xml_v2_rag/test_v2_1/matrix/frozen_inputs/Crescent--send_slp--479cb8b6,91048195c504789f996b93f67f5a61224f37e30737ec7b656357f512270c81fd,ac847ab0d7421314c257660df0f48485e5e66c2b6dbeb824b58fa4e00f0eec17,experiments/android_xml_v2_formal/multimodel_v2_3_40app/runs/gpt_5_6_sol/Crescent--send_slp--479cb8b6/full_enhanced
gpt_5_6_sol,gpt-5.6-sol,openai,Crescent--send_slp--479cb8b6,Crescent,send_slp,1,src-a4361c3c309d71d4ace0,raw_baseline,1,1,experiments/android_xml_v2_rag/test_v2_1/matrix/frozen_inputs/Crescent--send_slp--479cb8b6,91048195c504789f996b93f67f5a61224f37e30737ec7b656357f512270c81fd,bda8816cd2f2ae9e8bd227affb7bc7efbb3154c0d7b05d552ab72a66e60e7ff7,experiments/android_xml_v2_formal/multimodel_v2_3_40app/runs/gpt_5_6_sol/Crescent--send_slp--479cb8b6/raw_baseline
gpt_5_6_sol,gpt-5.6-sol,openai,CryptoPass--bookmarks--9f1c370e,CryptoPass,bookmarks,1,src-ad9cae65196a340dd185,full_enhanced,1,9,experiments/android_xml_v2_external_extension/top2_matrix/frozen_inputs/CryptoPass--bookmarks--9f1c370e,7644320189de81b23fecba93f39f630242294cd065c03c20aea94e6f0239c35a,5d2cd5dde67af109466d502a6b10c9d4c94312c0abd8b89127997c78b37cc32d,experiments/android_xml_v2_formal/multimodel_v2_3_40app/runs/gpt_5_6_sol/CryptoPass--bookmarks--9f1c370e/full_enhanced
gpt_5_6_sol,gpt-5.6-sol,openai,CryptoPass--bookmarks--9f1c370e,CryptoPass,bookmarks,1,src-ad9cae65196a340dd185,raw_baseline,1,1,experiments/android_xml_v2_external_extension/top2_matrix/frozen_inputs/CryptoPass--bookmarks--9f1c370e,7644320189de81b23fecba93f39f630242294cd065c03c20aea94e6f0239c35a,30ba2f9e999d596b829f11e306ae16bb536288bc70357908472fba9eb1de5a61,experiments/android_xml_v2_formal/multimodel_v2_3_40app/runs/gpt_5_6_sol/CryptoPass--bookmarks--9f1c370e/raw_baseline
gpt_5_6_sol,gpt-5.6-sol,openai,CryptoPass--main--3254f2d6,CryptoPass,main,1,src-1a49f951d18cab117df9,full_enhanced,1,9,experiments/android_xml_v2_external_extension/top2_matrix/frozen_inputs/CryptoPass--main--3254f2d6,d90b1b3d6e03325f4993212d6ea48293df0222a24087b791ae6c34e62dbcd649,c201a02b189ae8b19d96a3d1b509b23f961abd1e53f6be563d2db91d8ff090ba,experiments/android_xml_v2_formal/multimodel_v2_3_40app/runs/gpt_5_6_sol/CryptoPass--main--3254f2d6/full_enhanced
gpt_5_6_sol,gpt-5.6-sol,openai,CryptoPass--main--3254f2d6,CryptoPass,main,1,src-1a49f951d18cab117df9,raw_baseline,1,1,experiments/android_xml_v2_external_extension/top2_matrix/frozen_inputs/CryptoPass--main--3254f2d6,d90b1b3d6e03325f4993212d6ea48293df0222a24087b791ae6c34e62dbcd649,65d419fdb2d9aa49bae965e4ded9d8340de5cea46548a91e2f18ed815172601e,experiments/android_xml_v2_formal/multimodel_v2_3_40app/runs/gpt_5_6_sol/CryptoPass--main--3254f2d6/raw_baseline
gpt_5_6_sol,gpt-5.6-sol,openai,Emerald-Dialer--dialog_clean_number_log--344adcd8,Emerald Dialer,dialog_clean_number_log,1,src-aa8559f451da50b9cfab,full_enhanced,1,9,experiments/android_xml_v2_external_extension/top2_matrix/frozen_inputs/Emerald-Dialer--dialog_clean_number_log--344adcd8,08d5c5761e27ceba4a299a0ec71afdab384c54a231c54d83dd630219ccbc8542,784b75e34b87f5d3a8d8be5c0552d4aef8e1606fe4ab68ec0fa6d39d9e82aeb0,experiments/android_xml_v2_formal/multimodel_v2_3_40app/runs/gpt_5_6_sol/Emerald-Dialer--dialog_clean_number_log--344adcd8/full_enhanced
gpt_5_6_sol,gpt-5.6-sol,openai,Emerald-Dialer--dialog_clean_number_log--344adcd8,Emerald Dialer,dialog_clean_number_log,1,src-aa8559f451da50b9cfab,raw_baseline,1,1,experiments/android_xml_v2_external_extension/top2_matrix/frozen_inputs/Emerald-Dialer--dialog_clean_number_log--344adcd8,08d5c5761e27ceba4a299a0ec71afdab384c54a231c54d83dd630219ccbc8542,f2efb07093f39aa6bdc3e158bc5385874d6598a4ab4fa791a0a72896a6b7ef5e,experiments/android_xml_v2_formal/multimodel_v2_3_40app/runs/gpt_5_6_sol/Emerald-Dialer--dialog_clean_number_log--344adcd8/raw_baseline
gpt_5_6_sol,gpt-5.6-sol,openai,Emerald-Dialer--main--4153d1b4,Emerald Dialer,main,1,src-08268676c1fbaac6650b,raw_baseline,1,1,experiments/android_xml_v2_external_extension/top2_matrix/frozen_inputs/Emerald-Dialer--main--4153d1b4,ca152b958837e096b8d51c590ea05e714ee8e07c9ebd0ae09be53c503a1abe4c,7b0d7a00f892ddc0700c904688d37392c057a22700957aa307c0349f3e16e784,experiments/android_xml_v2_formal/multimodel_v2_3_40app/runs/gpt_5_6_sol/Emerald-Dialer--main--4153d1b4/raw_baseline
gpt_5_6_sol,gpt-5.6-sol,openai,Emerald-Dialer--main--4153d1b4,Emerald Dialer,main,1,src-08268676c1fbaac6650b,full_enhanced,1,9,experiments/android_xml_v2_external_extension/top2_matrix/frozen_inputs/Emerald-Dialer--main--4153d1b4,ca152b958837e096b8d51c590ea05e714ee8e07c9ebd0ae09be53c503a1abe4c,d14b0fafc3fbe10b4266fab12eb12068d976d92a07743a17f947fd264025e487,experiments/android_xml_v2_formal/multimodel_v2_3_40app/runs/gpt_5_6_sol/Emerald-Dialer--main--4153d1b4/full_enhanced
gpt_5_6_sol,gpt-5.6-sol,openai,Emerald-Dialer--speed_dial_pref_dialog--c63dfdb0,Emerald Dialer,speed_dial_pref_dialog,1,src-71065606d1c41520cf58,full_enhanced,1,9,experiments/android_xml_v2_external_extension/top2_matrix/frozen_inputs/Emerald-Dialer--speed_dial_pref_dialog--c63dfdb0,f26cbd7fb2d3083a695da9a427d47cc17585a8965d134b05639ba4864ea841a3,c0895cfcb8bf025d062c7396c1020fc6a9f9cdb20545e11722ac98ba7b3cc9e6,experiments/android_xml_v2_formal/multimodel_v2_3_40app/runs/gpt_5_6_sol/Emerald-Dialer--speed_dial_pref_dialog--c63dfdb0/full_enhanced
gpt_5_6_sol,gpt-5.6-sol,openai,Emerald-Dialer--speed_dial_pref_dialog--c63dfdb0,Emerald Dialer,speed_dial_pref_dialog,1,src-71065606d1c41520cf58,raw_baseline,1,1,experiments/android_xml_v2_external_extension/top2_matrix/frozen_inputs/Emerald-Dialer--speed_dial_pref_dialog--c63dfdb0,f26cbd7fb2d3083a695da9a427d47cc17585a8965d134b05639ba4864ea841a3,7277ed14a85c036c64cabed8191cadc97844a594a3578999acc19b2d98425af4,experiments/android_xml_v2_formal/multimodel_v2_3_40app/runs/gpt_5_6_sol/Emerald-Dialer--speed_dial_pref_dialog--c63dfdb0/raw_baseline
gpt_5_6_sol,gpt-5.6-sol,openai,Puff--activity_add_account--ac3f1413,Puff,activity_add_account,1,src-6d103a6d158571b30df5,full_enhanced,1,9,experiments/android_xml_v2_external_extension/top2_matrix/frozen_inputs/Puff--activity_add_account--ac3f1413,278b35d4c491250b944b5bed9354c81688891841d65569954b99b8b39e1ee292,bc69e8f7ec67be58067190b1ee6f1b2f61be6603d9c6150c37a577e19914a98e,experiments/android_xml_v2_formal/multimodel_v2_3_40app/runs/gpt_5_6_sol/Puff--activity_add_account--ac3f1413/full_enhanced
gpt_5_6_sol,gpt-5.6-sol,openai,Puff--activity_add_account--ac3f1413,Puff,activity_add_account,1,src-6d103a6d158571b30df5,raw_baseline,1,1,experiments/android_xml_v2_external_extension/top2_matrix/frozen_inputs/Puff--activity_add_account--ac3f1413,278b35d4c491250b944b5bed9354c81688891841d65569954b99b8b39e1ee292,6957234c557de426646f74241d1e5f3de2b55a149882aca58462910905b52a63,experiments/android_xml_v2_formal/multimodel_v2_3_40app/runs/gpt_5_6_sol/Puff--activity_add_account--ac3f1413/raw_baseline
gpt_5_6_sol,gpt-5.6-sol,openai,Puff--activity_add_type_dialog--e4e5601f,Puff,activity_add_type_dialog,1,src-154466109b40f1ce1302,full_enhanced,1,9,experiments/android_xml_v2_external_extension/top2_matrix/frozen_inputs/Puff--activity_add_type_dialog--e4e5601f,fb92f87bd156b7bf41207052afdde62d69d20caa434cb69352e0828ec97c5fd3,78ff8142d350e7f167f8588fb2e25557237c06e3cd459441dddbea684b8b93ee,experiments/android_xml_v2_formal/multimodel_v2_3_40app/runs/gpt_5_6_sol/Puff--activity_add_type_dialog--e4e5601f/full_enhanced
gpt_5_6_sol,gpt-5.6-sol,openai,Puff--activity_add_type_dialog--e4e5601f,Puff,activity_add_type_dialog,1,src-154466109b40f1ce1302,raw_baseline,1,1,experiments/android_xml_v2_external_extension/top2_matrix/frozen_inputs/Puff--activity_add_type_dialog--e4e5601f,fb92f87bd156b7bf41207052afdde62d69d20caa434cb69352e0828ec97c5fd3,7e125007b7a3e3cde618bf5d09f97d11a5e4ebb39dcf786ee94962203e411ea2,experiments/android_xml_v2_formal/multimodel_v2_3_40app/runs/gpt_5_6_sol/Puff--activity_add_type_dialog--e4e5601f/raw_baseline
gpt_5_6_sol,gpt-5.6-sol,openai,Puff--fragment_step_intro--23cf7af6,Puff,fragment_step_intro,1,src-5e13e7e77096c77a3121,full_enhanced,1,9,experiments/android_xml_v2_external_extension/top2_matrix/frozen_inputs/Puff--fragment_step_intro--23cf7af6,004f8227c6652221976bbff68745e57f84154c5d234bceb6479e7fbb63ee2149,ec321cff1ed3bf384098fa1c6be42ed1ee9fe4f2d5c103d70f501bae3c12289c,experiments/android_xml_v2_formal/multimodel_v2_3_40app/runs/gpt_5_6_sol/Puff--fragment_step_intro--23cf7af6/full_enhanced
gpt_5_6_sol,gpt-5.6-sol,openai,Puff--fragment_step_intro--23cf7af6,Puff,fragment_step_intro,1,src-5e13e7e77096c77a3121,raw_baseline,1,1,experiments/android_xml_v2_external_extension/top2_matrix/frozen_inputs/Puff--fragment_step_intro--23cf7af6,004f8227c6652221976bbff68745e57f84154c5d234bceb6479e7fbb63ee2149,88f1116e10d619bbaeb5b0eb17b38e37f9233efe87fae747a95e85e1333faa3e,experiments/android_xml_v2_formal/multimodel_v2_3_40app/runs/gpt_5_6_sol/Puff--fragment_step_intro--23cf7af6/raw_baseline
gpt_5_6_sol,gpt-5.6-sol,openai,Boilr--list_preference_row--ed45fd03,Boilr,list_preference_row,1,src-5a2d4560d6135b384a99,raw_baseline,1,1,experiments/android_xml_v2_external_extension/top2_matrix/frozen_inputs/Boilr--list_preference_row--ed45fd03,31ebf8c734e154d04745825780ec4b87f0729c07e8f2070094a99b617c23bab6,9943ba341b7b46f0f5d0950b209d7340277e98bea715306b5c45588fccc55616,experiments/android_xml_v2_formal/multimodel_v2_3_40app/runs/gpt_5_6_sol/Boilr--list_preference_row--ed45fd03/raw_baseline
gpt_5_6_sol,gpt-5.6-sol,openai,Boilr--list_preference_row--ed45fd03,Boilr,list_preference_row,1,src-5a2d4560d6135b384a99,full_enhanced,1,9,experiments/android_xml_v2_external_extension/top2_matrix/frozen_inputs/Boilr--list_preference_row--ed45fd03,31ebf8c734e154d04745825780ec4b87f0729c07e8f2070094a99b617c23bab6,d9850cd4ce43407f1f4b93433fa87a63b3129d23c3d44364c6019ef659a39eb0,experiments/android_xml_v2_formal/multimodel_v2_3_40app/runs/gpt_5_6_sol/Boilr--list_preference_row--ed45fd03/full_enhanced
gpt_5_6_sol,gpt-5.6-sol,openai,Boilr--list_preference_search--75ddbbbd,Boilr,list_preference_search,3,src-3056b2bfe56729e434e5;src-88fd5cc4d3827443255e;src-f0d6cc85090d070a8333,full_enhanced,1,9,experiments/android_xml_v2_external_extension/top2_matrix/frozen_inputs/Boilr--list_preference_search--75ddbbbd,dc9f174952e27e89836f9db96c20ad76ce823225f09cbd30aef982d4f7f54f68,19ce2e0d86290600f03f27447497fbce375fbbae2cd4bb45606411b7e340c78a,experiments/android_xml_v2_formal/multimodel_v2_3_40app/runs/gpt_5_6_sol/Boilr--list_preference_search--75ddbbbd/full_enhanced
gpt_5_6_sol,gpt-5.6-sol,openai,Boilr--list_preference_search--75ddbbbd,Boilr,list_preference_search,3,src-3056b2bfe56729e434e5;src-88fd5cc4d3827443255e;src-f0d6cc85090d070a8333,raw_baseline,1,1,experiments/android_xml_v2_external_extension/top2_matrix/frozen_inputs/Boilr--list_preference_search--75ddbbbd,dc9f174952e27e89836f9db96c20ad76ce823225f09cbd30aef982d4f7f54f68,40368330ad3de58aed6f94bc0a37fb6133972dd99e3b4c18e59b68a56a5c98db,experiments/android_xml_v2_formal/multimodel_v2_3_40app/runs/gpt_5_6_sol/Boilr--list_preference_search--75ddbbbd/raw_baseline
gpt_5_6_sol,gpt-5.6-sol,openai,HeaterRC--gpstracker--7a7f9c10,HeaterRC,gpstracker,1,src-baa9976c087180f60de6,full_enhanced,1,9,experiments/android_xml_v2_external_extension/top2_matrix/frozen_inputs/HeaterRC--gpstracker--7a7f9c10,5472199d23e041c76adbab6f8316b6fb573b07155dd8e6e9beacd34d02da086f,77430b4d2f657c695d570366c9ca6683631c2fd43c2964e3c61dba43e9c904ef,experiments/android_xml_v2_formal/multimodel_v2_3_40app/runs/gpt_5_6_sol/HeaterRC--gpstracker--7a7f9c10/full_enhanced
gpt_5_6_sol,gpt-5.6-sol,openai,HeaterRC--gpstracker--7a7f9c10,HeaterRC,gpstracker,1,src-baa9976c087180f60de6,raw_baseline,1,1,experiments/android_xml_v2_external_extension/top2_matrix/frozen_inputs/HeaterRC--gpstracker--7a7f9c10,5472199d23e041c76adbab6f8316b6fb573b07155dd8e6e9beacd34d02da086f,07608ba2635995bcbfd6227fd320460861ad4700d472e1a2e55119dfd5f2510e,experiments/android_xml_v2_formal/multimodel_v2_3_40app/runs/gpt_5_6_sol/HeaterRC--gpstracker--7a7f9c10/raw_baseline
gpt_5_6_sol,gpt-5.6-sol,openai,HeaterRC--program--6c74c60c,HeaterRC,program,1,src-6a33c915bdc2d04920b5,full_enhanced,1,9,experiments/android_xml_v2_external_extension/top2_matrix/frozen_inputs/HeaterRC--program--6c74c60c,2ecf326065390cf69529ac8360cb896373d75856108b8d4185187de700d0076b,036494828d2112319392ca5f69ade16716b6460dcfea5998bf224facf5374d53,experiments/android_xml_v2_formal/multimodel_v2_3_40app/runs/gpt_5_6_sol/HeaterRC--program--6c74c60c/full_enhanced
gpt_5_6_sol,gpt-5.6-sol,openai,HeaterRC--program--6c74c60c,HeaterRC,program,1,src-6a33c915bdc2d04920b5,raw_baseline,1,1,experiments/android_xml_v2_external_extension/top2_matrix/frozen_inputs/HeaterRC--program--6c74c60c,2ecf326065390cf69529ac8360cb896373d75856108b8d4185187de700d0076b,d51ccfd98ba05d534ed2d1b48655683dab17c533bac317114f617f3a078ada8b,experiments/android_xml_v2_formal/multimodel_v2_3_40app/runs/gpt_5_6_sol/HeaterRC--program--6c74c60c/raw_baseline
gpt_5_6_sol,gpt-5.6-sol,openai,RasPi-Check--activity_raspi_edit--7f2e9887,RasPi Check,activity_raspi_edit,1,src-bf8f7c2f6e32a91edf50,full_enhanced,1,9,experiments/android_xml_v2_external_extension/top2_matrix/frozen_inputs/RasPi-Check--activity_raspi_edit--7f2e9887,bf9e8cbadf22ee5f546822c8454221864221f07c4d3c15c01ed8d374922c04db,099221a717dc87b775ad5918f3acc158514fc8bd560002c0c004e5935ebde4a5,experiments/android_xml_v2_formal/multimodel_v2_3_40app/runs/gpt_5_6_sol/RasPi-Check--activity_raspi_edit--7f2e9887/full_enhanced
gpt_5_6_sol,gpt-5.6-sol,openai,RasPi-Check--activity_raspi_edit--7f2e9887,RasPi Check,activity_raspi_edit,1,src-bf8f7c2f6e32a91edf50,raw_baseline,1,1,experiments/android_xml_v2_external_extension/top2_matrix/frozen_inputs/RasPi-Check--activity_raspi_edit--7f2e9887,bf9e8cbadf22ee5f546822c8454221864221f07c4d3c15c01ed8d374922c04db,1c29944d8638f885219e1ea22b9e0d8cc0e52ace5a5bad732da5fcc09db473d4,experiments/android_xml_v2_formal/multimodel_v2_3_40app/runs/gpt_5_6_sol/RasPi-Check--activity_raspi_edit--7f2e9887/raw_baseline
gpt_5_6_sol,gpt-5.6-sol,openai,RasPi-Check--activity_raspi_new_auth--733f4637,RasPi Check,activity_raspi_new_auth,1,src-16e6ddf45f2eaa7cc34e,raw_baseline,1,1,experiments/android_xml_v2_external_extension/top2_matrix/frozen_inputs/RasPi-Check--activity_raspi_new_auth--733f4637,83b84cdd13fe20943cc94480b3b51120d3728fa8dba50f95f0533cb8a2e9c719,b4950882056fc2652248fbf795b5e0700d2127647afd105e14a2e6e76e28fac9,experiments/android_xml_v2_formal/multimodel_v2_3_40app/runs/gpt_5_6_sol/RasPi-Check--activity_raspi_new_auth--733f4637/raw_baseline
gpt_5_6_sol,gpt-5.6-sol,openai,RasPi-Check--activity_raspi_new_auth--733f4637,RasPi Check,activity_raspi_new_auth,1,src-16e6ddf45f2eaa7cc34e,full_enhanced,1,9,experiments/android_xml_v2_external_extension/top2_matrix/frozen_inputs/RasPi-Check--activity_raspi_new_auth--733f4637,83b84cdd13fe20943cc94480b3b51120d3728fa8dba50f95f0533cb8a2e9c719,0e4e569872fb147ddb47d37dec3b06d5f2645c3704b19b8b98f2b9f33d14e114,experiments/android_xml_v2_formal/multimodel_v2_3_40app/runs/gpt_5_6_sol/RasPi-Check--activity_raspi_new_auth--733f4637/full_enhanced
gpt_5_6_sol,gpt-5.6-sol,openai,RasPi-Check--command_placeholder_row--22c31be9,RasPi Check,command_placeholder_row,1,src-9ccae380f800356a6f9a,raw_baseline,1,1,experiments/android_xml_v2_external_extension/top2_matrix/frozen_inputs/RasPi-Check--command_placeholder_row--22c31be9,a719ed3127f6b00d6c4abb909cbb44ab90eedffbd489163d62dd526a9310b78b,b7d3fe754d40f13be8f9d587196c489bd95c0dbb4ab5fa69f26af6655d11f7c6,experiments/android_xml_v2_formal/multimodel_v2_3_40app/runs/gpt_5_6_sol/RasPi-Check--command_placeholder_row--22c31be9/raw_baseline
gpt_5_6_sol,gpt-5.6-sol,openai,RasPi-Check--command_placeholder_row--22c31be9,RasPi Check,command_placeholder_row,1,src-9ccae380f800356a6f9a,full_enhanced,1,9,experiments/android_xml_v2_external_extension/top2_matrix/frozen_inputs/RasPi-Check--command_placeholder_row--22c31be9,a719ed3127f6b00d6c4abb909cbb44ab90eedffbd489163d62dd526a9310b78b,07e33e745a9a13b051361e733b15263bf004a8981c452b9bf413ba1d97e06c66,experiments/android_xml_v2_formal/multimodel_v2_3_40app/runs/gpt_5_6_sol/RasPi-Check--command_placeholder_row--22c31be9/full_enhanced
gpt_5_6_sol,gpt-5.6-sol,openai,Ministocks--widget_1x2--47c20d3e,Ministocks,widget_1x2,1,src-faf4fbb03b68b133a7e9,full_enhanced,1,9,experiments/android_xml_v2_external_extension/top2_matrix/frozen_inputs/Ministocks--widget_1x2--47c20d3e,f4fe01589b6b06ee6f97bcc66f1cd35e50f48e6a7e353eda256e892169e02354,766c3c4ac3bb95545bf372431679978e8ce850bd4b37a1c213b17430c19f044f,experiments/android_xml_v2_formal/multimodel_v2_3_40app/runs/gpt_5_6_sol/Ministocks--widget_1x2--47c20d3e/full_enhanced
gpt_5_6_sol,gpt-5.6-sol,openai,Ministocks--widget_1x2--47c20d3e,Ministocks,widget_1x2,1,src-faf4fbb03b68b133a7e9,raw_baseline,1,1,experiments/android_xml_v2_external_extension/top2_matrix/frozen_inputs/Ministocks--widget_1x2--47c20d3e,f4fe01589b6b06ee6f97bcc66f1cd35e50f48e6a7e353eda256e892169e02354,575161afd76d13e6135aef2937f339b6ab472f0802aa1f96d8960326d0012f06,experiments/android_xml_v2_formal/multimodel_v2_3_40app/runs/gpt_5_6_sol/Ministocks--widget_1x2--47c20d3e/raw_baseline
gpt_5_6_sol,gpt-5.6-sol,openai,Ministocks--widget_1x4--fc2db1d6,Ministocks,widget_1x4,1,src-eadf68a10161c40a1eb1,raw_baseline,1,1,experiments/android_xml_v2_external_extension/top2_matrix/frozen_inputs/Ministocks--widget_1x4--fc2db1d6,25ef4c2035769e90354587da4297a2fc082b7be77ce51d02e19cfcef4ef8a08a,3ff528b64591e3ce62771d9560599e71a5e2ccc611b917ec90451e37e0348594,experiments/android_xml_v2_formal/multimodel_v2_3_40app/runs/gpt_5_6_sol/Ministocks--widget_1x4--fc2db1d6/raw_baseline
gpt_5_6_sol,gpt-5.6-sol,openai,Ministocks--widget_1x4--fc2db1d6,Ministocks,widget_1x4,1,src-eadf68a10161c40a1eb1,full_enhanced,1,9,experiments/android_xml_v2_external_extension/top2_matrix/frozen_inputs/Ministocks--widget_1x4--fc2db1d6,25ef4c2035769e90354587da4297a2fc082b7be77ce51d02e19cfcef4ef8a08a,4e9fa4ce092bc1ca0f784b72995c5ba226930773c954f6e080887bbc2abc0741,experiments/android_xml_v2_formal/multimodel_v2_3_40app/runs/gpt_5_6_sol/Ministocks--widget_1x4--fc2db1d6/full_enhanced
gpt_5_6_sol,gpt-5.6-sol,openai,Ministocks--widget_1x4_large--c1bb402a,Ministocks,widget_1x4_large,1,src-62d7eeb0723ca9a93536,full_enhanced,1,9,experiments/android_xml_v2_external_extension/top2_matrix/frozen_inputs/Ministocks--widget_1x4_large--c1bb402a,a4bec56e45c73950f983dcdbeb7b27749bd339958307dafe81f94cf531214de6,b360fde7c535df3cf6ef5bb1e26ee53b0425aa55a203083e6d18a3c399fe7c90,experiments/android_xml_v2_formal/multimodel_v2_3_40app/runs/gpt_5_6_sol/Ministocks--widget_1x4_large--c1bb402a/full_enhanced
gpt_5_6_sol,gpt-5.6-sol,openai,Ministocks--widget_1x4_large--c1bb402a,Ministocks,widget_1x4_large,1,src-62d7eeb0723ca9a93536,raw_baseline,1,1,experiments/android_xml_v2_external_extension/top2_matrix/frozen_inputs/Ministocks--widget_1x4_large--c1bb402a,a4bec56e45c73950f983dcdbeb7b27749bd339958307dafe81f94cf531214de6,9659b78302c66da2650308603571a701dd968c98661ca2c5b1a26636e1d8473e,experiments/android_xml_v2_formal/multimodel_v2_3_40app/runs/gpt_5_6_sol/Ministocks--widget_1x4_large--c1bb402a/raw_baseline
gpt_5_6_sol,gpt-5.6-sol,openai,PalmCalc-2019--about_fragment--68a45f11,PalmCalc 2019+,about_fragment,1,src-7aa53d8223ab67641897,raw_baseline,1,1,experiments/android_xml_v2_external_extension/top2_matrix/frozen_inputs/PalmCalc-2019--about_fragment--68a45f11,ae9f15661198cf8ad3b44f5a40736bb7774f363d233ac265cf06fba578fb279e,d728f6154e45ae38946c001f44c942e4cdc0399d7bb56a4893a9a838b0525d2b,experiments/android_xml_v2_formal/multimodel_v2_3_40app/runs/gpt_5_6_sol/PalmCalc-2019--about_fragment--68a45f11/raw_baseline
gpt_5_6_sol,gpt-5.6-sol,openai,PalmCalc-2019--about_fragment--68a45f11,PalmCalc 2019+,about_fragment,1,src-7aa53d8223ab67641897,full_enhanced,1,9,experiments/android_xml_v2_external_extension/top2_matrix/frozen_inputs/PalmCalc-2019--about_fragment--68a45f11,ae9f15661198cf8ad3b44f5a40736bb7774f363d233ac265cf06fba578fb279e,292d3d9295fe34f46f05b37e377a3d9182aab70913634eb9cb1b942f2c3a6e74,experiments/android_xml_v2_formal/multimodel_v2_3_40app/runs/gpt_5_6_sol/PalmCalc-2019--about_fragment--68a45f11/full_enhanced
gpt_5_6_sol,gpt-5.6-sol,openai,PalmCalc-2019--activity_scientific--cfd80143,PalmCalc 2019+,activity_scientific,2,src-a0f0fdb10c3bf5e96386;src-a8c8379b7563f8636b8b,raw_baseline,1,1,experiments/android_xml_v2_external_extension/top2_matrix/frozen_inputs/PalmCalc-2019--activity_scientific--cfd80143,b25484dfb4e2a15bc23aab812fb60e3f45dba3ffa2cc2d7b98cf2f90225d8bca,1da37d3b782e757df3952f18c8b7b26565a4f949c936cb71b4f2e04354839c3b,experiments/android_xml_v2_formal/multimodel_v2_3_40app/runs/gpt_5_6_sol/PalmCalc-2019--activity_scientific--cfd80143/raw_baseline
gpt_5_6_sol,gpt-5.6-sol,openai,PalmCalc-2019--activity_scientific--cfd80143,PalmCalc 2019+,activity_scientific,2,src-a0f0fdb10c3bf5e96386;src-a8c8379b7563f8636b8b,full_enhanced,1,9,experiments/android_xml_v2_external_extension/top2_matrix/frozen_inputs/PalmCalc-2019--activity_scientific--cfd80143,b25484dfb4e2a15bc23aab812fb60e3f45dba3ffa2cc2d7b98cf2f90225d8bca,588d66ce288f29c85a490902fb8a714452287ec0ff1d12effb6541df1cc950d2,experiments/android_xml_v2_formal/multimodel_v2_3_40app/runs/gpt_5_6_sol/PalmCalc-2019--activity_scientific--cfd80143/full_enhanced
gpt_5_6_sol,gpt-5.6-sol,openai,PalmCalc-2019--basic_final--30deba57,PalmCalc 2019+,basic_final,1,src-fc66155f2064a079c3c0,raw_baseline,1,1,experiments/android_xml_v2_external_extension/top2_matrix/frozen_inputs/PalmCalc-2019--basic_final--30deba57,d16151b6bfa5e484784b8782480ac410399c3c35ecc56a7b1d1fa305f3262069,ab4626f9a1af17c9817c10f36e65cebe3c4b86314fdba0bb6d50bb4e9d63b5cb,experiments/android_xml_v2_formal/multimodel_v2_3_40app/runs/gpt_5_6_sol/PalmCalc-2019--basic_final--30deba57/raw_baseline
gpt_5_6_sol,gpt-5.6-sol,openai,PalmCalc-2019--basic_final--30deba57,PalmCalc 2019+,basic_final,1,src-fc66155f2064a079c3c0,full_enhanced,1,9,experiments/android_xml_v2_external_extension/top2_matrix/frozen_inputs/PalmCalc-2019--basic_final--30deba57,d16151b6bfa5e484784b8782480ac410399c3c35ecc56a7b1d1fa305f3262069,3974ff8055821d5d02f21de719bb9fae1a67c68ed0fab69f68aee55c7105bbd9,experiments/android_xml_v2_formal/multimodel_v2_3_40app/runs/gpt_5_6_sol/PalmCalc-2019--basic_final--30deba57/full_enhanced
gpt_5_6_sol,gpt-5.6-sol,openai,mythmote--fragment_mythmote_interactivetv--e349e4fe,mythmote,fragment_mythmote_interactivetv,2,src-54a04fa5357dd24a3f11;src-c497b8eabbf924647729,raw_baseline,1,1,experiments/android_xml_v2_external_extension/top2_matrix/frozen_inputs/mythmote--fragment_mythmote_interactivetv--e349e4fe,5e662db6331d1ed0590ae5048fd4018b03f9a3516ba64ec93d7f239f96772833,92105e2ab5e480962a8d4f1e6d7d02ffa40dbc7551c2301ce71498f6d8fa966f,experiments/android_xml_v2_formal/multimodel_v2_3_40app/runs/gpt_5_6_sol/mythmote--fragment_mythmote_interactivetv--e349e4fe/raw_baseline
gpt_5_6_sol,gpt-5.6-sol,openai,mythmote--fragment_mythmote_interactivetv--e349e4fe,mythmote,fragment_mythmote_interactivetv,2,src-54a04fa5357dd24a3f11;src-c497b8eabbf924647729,full_enhanced,1,9,experiments/android_xml_v2_external_extension/top2_matrix/frozen_inputs/mythmote--fragment_mythmote_interactivetv--e349e4fe,5e662db6331d1ed0590ae5048fd4018b03f9a3516ba64ec93d7f239f96772833,f55fa91459adf520f2109a0d2119433e2d155c66913b65b30ae100f7d2204f17,experiments/android_xml_v2_formal/multimodel_v2_3_40app/runs/gpt_5_6_sol/mythmote--fragment_mythmote_interactivetv--e349e4fe/full_enhanced
gpt_5_6_sol,gpt-5.6-sol,openai,mythmote--dialog_rename--a2763b42,mythmote,dialog_rename,1,src-8ac9bf8928102fe419dc,full_enhanced,1,9,experiments/android_xml_v2_external_extension/top2_matrix/frozen_inputs/mythmote--dialog_rename--a2763b42,d25b276edd2d11d5785ff2c4f4c230f34f1cb617971596125d13210c3fd98d4b,6e8ce5bc588cde26d6813a907cfc91c6f0e2691aeb6deee678e2e3a3d90f86ae,experiments/android_xml_v2_formal/multimodel_v2_3_40app/runs/gpt_5_6_sol/mythmote--dialog_rename--a2763b42/full_enhanced
gpt_5_6_sol,gpt-5.6-sol,openai,mythmote--dialog_rename--a2763b42,mythmote,dialog_rename,1,src-8ac9bf8928102fe419dc,raw_baseline,1,1,experiments/android_xml_v2_external_extension/top2_matrix/frozen_inputs/mythmote--dialog_rename--a2763b42,d25b276edd2d11d5785ff2c4f4c230f34f1cb617971596125d13210c3fd98d4b,7aa24ebabfd21f2c9f4725220dd7b1382f6ed970c3f9c3fc96390044ae22dfaf,experiments/android_xml_v2_formal/multimodel_v2_3_40app/runs/gpt_5_6_sol/mythmote--dialog_rename--a2763b42/raw_baseline
gpt_5_6_sol,gpt-5.6-sol,openai,mythmote--fragment_mythmote_keyboardinput--09580f28,mythmote,fragment_mythmote_keyboardinput,1,src-c6601df1b022a1c415ca,full_enhanced,1,9,experiments/android_xml_v2_external_extension/top2_matrix/frozen_inputs/mythmote--fragment_mythmote_keyboardinput--09580f28,e3b5509a1b359ad725975ab1d4276bfd95fe5e51a2c9a075dc8ccc86154b195b,3453bbabe2b0d8b19491366c9bd989aff0646b419b9ce702137bff2b3b74ceda,experiments/android_xml_v2_formal/multimodel_v2_3_40app/runs/gpt_5_6_sol/mythmote--fragment_mythmote_keyboardinput--09580f28/full_enhanced
gpt_5_6_sol,gpt-5.6-sol,openai,mythmote--fragment_mythmote_keyboardinput--09580f28,mythmote,fragment_mythmote_keyboardinput,1,src-c6601df1b022a1c415ca,raw_baseline,1,1,experiments/android_xml_v2_external_extension/top2_matrix/frozen_inputs/mythmote--fragment_mythmote_keyboardinput--09580f28,e3b5509a1b359ad725975ab1d4276bfd95fe5e51a2c9a075dc8ccc86154b195b,891be9e7d5963d105b69a53d68ae7d3a3474fa9ff8cb742f64519b175e95654d,experiments/android_xml_v2_formal/multimodel_v2_3_40app/runs/gpt_5_6_sol/mythmote--fragment_mythmote_keyboardinput--09580f28/raw_baseline
gpt_5_6_sol,gpt-5.6-sol,openai,Money-Tracker--activity_add_exchange_rate--4b806068,Money Tracker,activity_add_exchange_rate,1,src-4eb1e92e81f006faf885,full_enhanced,1,9,experiments/android_xml_v2_external_extension/top2_matrix/frozen_inputs/Money-Tracker--activity_add_exchange_rate--4b806068,f7e60a112d9a1871f5ccdf0691ff9a4c029dc8869faed761adfbde4bcba9b4ee,33e9dd091a34807ed6a33aa82c4fef74715e194667bc7dcdc9222d97eb7954b5,experiments/android_xml_v2_formal/multimodel_v2_3_40app/runs/gpt_5_6_sol/Money-Tracker--activity_add_exchange_rate--4b806068/full_enhanced
gpt_5_6_sol,gpt-5.6-sol,openai,Money-Tracker--activity_add_exchange_rate--4b806068,Money Tracker,activity_add_exchange_rate,1,src-4eb1e92e81f006faf885,raw_baseline,1,1,experiments/android_xml_v2_external_extension/top2_matrix/frozen_inputs/Money-Tracker--activity_add_exchange_rate--4b806068,f7e60a112d9a1871f5ccdf0691ff9a4c029dc8869faed761adfbde4bcba9b4ee,827701afc49a574de4e05e1ab70590ad15dbdd7ca2154ba857e56b688c49bffd,experiments/android_xml_v2_formal/multimodel_v2_3_40app/runs/gpt_5_6_sol/Money-Tracker--activity_add_exchange_rate--4b806068/raw_baseline
gpt_5_6_sol,gpt-5.6-sol,openai,Money-Tracker--activity_add_record--768fe3ed,Money Tracker,activity_add_record,2,src-07f958ac3899bbfae7fe;src-89ddeb6e1dcee1f34e69,raw_baseline,1,1,experiments/android_xml_v2_external_extension/top2_matrix/frozen_inputs/Money-Tracker--activity_add_record--768fe3ed,07c04f4eac0671c61807db30d179102f38433e0a999d31931743ffa1a93787b4,d8e73383367e7b202fb5a038752ae671047915ae7e0f4b07f7af24753e191ad0,experiments/android_xml_v2_formal/multimodel_v2_3_40app/runs/gpt_5_6_sol/Money-Tracker--activity_add_record--768fe3ed/raw_baseline
gpt_5_6_sol,gpt-5.6-sol,openai,Money-Tracker--activity_add_record--768fe3ed,Money Tracker,activity_add_record,2,src-07f958ac3899bbfae7fe;src-89ddeb6e1dcee1f34e69,full_enhanced,1,9,experiments/android_xml_v2_external_extension/top2_matrix/frozen_inputs/Money-Tracker--activity_add_record--768fe3ed,07c04f4eac0671c61807db30d179102f38433e0a999d31931743ffa1a93787b4,3e9f247fd9dd0569da5de9f4e97f4c40ae7875e659fc25a47d3f4cd2d8053723,experiments/android_xml_v2_formal/multimodel_v2_3_40app/runs/gpt_5_6_sol/Money-Tracker--activity_add_record--768fe3ed/full_enhanced
gpt_5_6_sol,gpt-5.6-sol,openai,Money-Tracker--activity_import_export--77882190,Money Tracker,activity_import_export,1,src-9fc9ea4b465c64070dc8,full_enhanced,1,9,experiments/android_xml_v2_external_extension/top2_matrix/frozen_inputs/Money-Tracker--activity_import_export--77882190,9746f8e18abe8c24aeffdcfe6789c37c5f37ecfe74b900886ccf16ad3e4c83f2,c8ddfe524f700b3d06543b0ec53e11f17361304c2e3f30b05b87bf5f65a29d5c,experiments/android_xml_v2_formal/multimodel_v2_3_40app/runs/gpt_5_6_sol/Money-Tracker--activity_import_export--77882190/full_enhanced
gpt_5_6_sol,gpt-5.6-sol,openai,Money-Tracker--activity_import_export--77882190,Money Tracker,activity_import_export,1,src-9fc9ea4b465c64070dc8,raw_baseline,1,1,experiments/android_xml_v2_external_extension/top2_matrix/frozen_inputs/Money-Tracker--activity_import_export--77882190,9746f8e18abe8c24aeffdcfe6789c37c5f37ecfe74b900886ccf16ad3e4c83f2,9fa9b1888d9a0e71042539bc67f593e6e8d2f6fd33704764588b12410414e4db,experiments/android_xml_v2_formal/multimodel_v2_3_40app/runs/gpt_5_6_sol/Money-Tracker--activity_import_export--77882190/raw_baseline
gpt_5_6_sol,gpt-5.6-sol,openai,Trivia-You--dialog_download--fb56f16a,Trivia You,dialog_download,1,src-4bdb38bd6efbcfb0df7d,raw_baseline,1,1,experiments/android_xml_v2_external_extension/top2_matrix/frozen_inputs/Trivia-You--dialog_download--fb56f16a,d4aa2ad943b7b6ddb59c9bf59fa06b7ba2e873b7f124ba08c10b32eb725a6187,1540f0e6fe2aa2106f89185bb862d8f1d830682b5bc7eaa491da6dcc7be764dd,experiments/android_xml_v2_formal/multimodel_v2_3_40app/runs/gpt_5_6_sol/Trivia-You--dialog_download--fb56f16a/raw_baseline
gpt_5_6_sol,gpt-5.6-sol,openai,Trivia-You--dialog_download--fb56f16a,Trivia You,dialog_download,1,src-4bdb38bd6efbcfb0df7d,full_enhanced,1,9,experiments/android_xml_v2_external_extension/top2_matrix/frozen_inputs/Trivia-You--dialog_download--fb56f16a,d4aa2ad943b7b6ddb59c9bf59fa06b7ba2e873b7f124ba08c10b32eb725a6187,7fad00b9c022e5a75c6a53c9510bdc5cf7ffcd215595df575c293b6d6a9d4683,experiments/android_xml_v2_formal/multimodel_v2_3_40app/runs/gpt_5_6_sol/Trivia-You--dialog_download--fb56f16a/full_enhanced
gpt_5_6_sol,gpt-5.6-sol,openai,Trivia-You--dialog_edit_text--68e304c1,Trivia You,dialog_edit_text,1,src-57280572d3e05d5a2981,full_enhanced,1,9,experiments/android_xml_v2_external_extension/top2_matrix/frozen_inputs/Trivia-You--dialog_edit_text--68e304c1,1c8b07daa18e071b3cba9cb2f36aa0cb7739eb53c62210fe3d1016599035a35a,10f469e7bb2811a8602caf7cf092bbb530e59dfaa6cca2807d8f03f1e8e3f8d6,experiments/android_xml_v2_formal/multimodel_v2_3_40app/runs/gpt_5_6_sol/Trivia-You--dialog_edit_text--68e304c1/full_enhanced
gpt_5_6_sol,gpt-5.6-sol,openai,Trivia-You--dialog_edit_text--68e304c1,Trivia You,dialog_edit_text,1,src-57280572d3e05d5a2981,raw_baseline,1,1,experiments/android_xml_v2_external_extension/top2_matrix/frozen_inputs/Trivia-You--dialog_edit_text--68e304c1,1c8b07daa18e071b3cba9cb2f36aa0cb7739eb53c62210fe3d1016599035a35a,955b599a2a766bdd5f5d1e833017cd790bb746f681f7b052bea4c8719a6c41ce,experiments/android_xml_v2_formal/multimodel_v2_3_40app/runs/gpt_5_6_sol/Trivia-You--dialog_edit_text--68e304c1/raw_baseline
gpt_5_6_sol,gpt-5.6-sol,openai,Trivia-You--fragment_create_quiz--e9ee6c16,Trivia You,fragment_create_quiz,2,src-5864d64e5a9e080814f5;src-78aead24089d4ea00aaa,raw_baseline,1,1,experiments/android_xml_v2_external_extension/top2_matrix/frozen_inputs/Trivia-You--fragment_create_quiz--e9ee6c16,1e48c1c1a71b9aca27422b80a1e18c031dd28c276c396b03975296a98b94e2e6,93820d9305b534a211b714bf994a54676d1e5f44cc82e19d1e28357b73d5f8e5,experiments/android_xml_v2_formal/multimodel_v2_3_40app/runs/gpt_5_6_sol/Trivia-You--fragment_create_quiz--e9ee6c16/raw_baseline
gpt_5_6_sol,gpt-5.6-sol,openai,Trivia-You--fragment_create_quiz--e9ee6c16,Trivia You,fragment_create_quiz,2,src-5864d64e5a9e080814f5;src-78aead24089d4ea00aaa,full_enhanced,1,9,experiments/android_xml_v2_external_extension/top2_matrix/frozen_inputs/Trivia-You--fragment_create_quiz--e9ee6c16,1e48c1c1a71b9aca27422b80a1e18c031dd28c276c396b03975296a98b94e2e6,6ec9972c3b694f83f209f66a41f1fbeec1ddfd11f420de1724991e66257e5762,experiments/android_xml_v2_formal/multimodel_v2_3_40app/runs/gpt_5_6_sol/Trivia-You--fragment_create_quiz--e9ee6c16/full_enhanced
gpt_5_6_sol,gpt-5.6-sol,openai,Glucosio--activity_a1_calculator--461917ba,Glucosio,activity_a1_calculator,1,src-6a0ba2aa16916a288223,full_enhanced,1,9,experiments/android_xml_v2_external_extension/top2_matrix/frozen_inputs/Glucosio--activity_a1_calculator--461917ba,ec347353beeed4b79e608c6386677dba0f69a7edf84d0bc9c472f50c914c944a,25d1f01477b22256a8603a1efd9b4730994806dd9cf0b0b0d73b4da5bc25d340,experiments/android_xml_v2_formal/multimodel_v2_3_40app/runs/gpt_5_6_sol/Glucosio--activity_a1_calculator--461917ba/full_enhanced
gpt_5_6_sol,gpt-5.6-sol,openai,Glucosio--activity_a1_calculator--461917ba,Glucosio,activity_a1_calculator,1,src-6a0ba2aa16916a288223,raw_baseline,1,1,experiments/android_xml_v2_external_extension/top2_matrix/frozen_inputs/Glucosio--activity_a1_calculator--461917ba,ec347353beeed4b79e608c6386677dba0f69a7edf84d0bc9c472f50c914c944a,d9a7fbdf59360bc8d46fbbce9b9d8abae60f5fd8fdbd04097a0c0ea0ba0c25d5,experiments/android_xml_v2_formal/multimodel_v2_3_40app/runs/gpt_5_6_sol/Glucosio--activity_a1_calculator--461917ba/raw_baseline
gpt_5_6_sol,gpt-5.6-sol,openai,Glucosio--fragment_assistant--c8a9c95d,Glucosio,fragment_assistant,1,src-15dcbf378a83c4358cd0,full_enhanced,1,9,experiments/android_xml_v2_external_extension/top2_matrix/frozen_inputs/Glucosio--fragment_assistant--c8a9c95d,803d831b752d3328f88a9e2936f73a423b724641beecf61dada6047558cfea1e,b1b2fc75cbc0a9a0a1f6b21a97b602b06a3fb21cfe01b3a724024e0d6e648797,experiments/android_xml_v2_formal/multimodel_v2_3_40app/runs/gpt_5_6_sol/Glucosio--fragment_assistant--c8a9c95d/full_enhanced
gpt_5_6_sol,gpt-5.6-sol,openai,Glucosio--fragment_assistant--c8a9c95d,Glucosio,fragment_assistant,1,src-15dcbf378a83c4358cd0,raw_baseline,1,1,experiments/android_xml_v2_external_extension/top2_matrix/frozen_inputs/Glucosio--fragment_assistant--c8a9c95d,803d831b752d3328f88a9e2936f73a423b724641beecf61dada6047558cfea1e,c38bc4810c876e29090652c5efd8f81703e7ae53c7e22950b1cb39f7291ba89a,experiments/android_xml_v2_formal/multimodel_v2_3_40app/runs/gpt_5_6_sol/Glucosio--fragment_assistant--c8a9c95d/raw_baseline
gpt_5_6_sol,gpt-5.6-sol,openai,Glucosio--fragment_history--5ff7a2b4,Glucosio,fragment_history,1,src-97e9f0b1fb61a2bc257b,full_enhanced,1,9,experiments/android_xml_v2_external_extension/top2_matrix/frozen_inputs/Glucosio--fragment_history--5ff7a2b4,3076bd1753ebac203cde5f4858364f84fea16bb43ccb6c6c0d9f11d841dd43eb,8e02616529f9b355b8c31e4e24d4d76124897ce9d93e8f2a93aa507320c82efd,experiments/android_xml_v2_formal/multimodel_v2_3_40app/runs/gpt_5_6_sol/Glucosio--fragment_history--5ff7a2b4/full_enhanced
gpt_5_6_sol,gpt-5.6-sol,openai,Glucosio--fragment_history--5ff7a2b4,Glucosio,fragment_history,1,src-97e9f0b1fb61a2bc257b,raw_baseline,1,1,experiments/android_xml_v2_external_extension/top2_matrix/frozen_inputs/Glucosio--fragment_history--5ff7a2b4,3076bd1753ebac203cde5f4858364f84fea16bb43ccb6c6c0d9f11d841dd43eb,29da5ef560c70c14c0e9e29e74cef146c5236c70643ed98015c4e822018e8982,experiments/android_xml_v2_formal/multimodel_v2_3_40app/runs/gpt_5_6_sol/Glucosio--fragment_history--5ff7a2b4/raw_baseline
gpt_5_6_sol,gpt-5.6-sol,openai,sesam--activity_myprofile--4a0f917e,sesam,activity_myprofile,1,src-55ec2a17c837a72bce61,full_enhanced,1,9,experiments/android_xml_v2_external_extension/top2_matrix/frozen_inputs/sesam--activity_myprofile--4a0f917e,c9cf0904c9c9c4668edc22a105a8b082b6d2962cce01da5ceb7dec2eb71cc963,892aab0768a857218a2c0f587ef86a5bca76b2358137f66121d40291943b19a9,experiments/android_xml_v2_formal/multimodel_v2_3_40app/runs/gpt_5_6_sol/sesam--activity_myprofile--4a0f917e/full_enhanced
gpt_5_6_sol,gpt-5.6-sol,openai,sesam--activity_myprofile--4a0f917e,sesam,activity_myprofile,1,src-55ec2a17c837a72bce61,raw_baseline,1,1,experiments/android_xml_v2_external_extension/top2_matrix/frozen_inputs/sesam--activity_myprofile--4a0f917e,c9cf0904c9c9c4668edc22a105a8b082b6d2962cce01da5ceb7dec2eb71cc963,c0915c3a12378857b8bd1ab9207a4d67bedf0d8e5b440eb9d7f0b1e5cff3f532,experiments/android_xml_v2_formal/multimodel_v2_3_40app/runs/gpt_5_6_sol/sesam--activity_myprofile--4a0f917e/raw_baseline
gpt_5_6_sol,gpt-5.6-sol,openai,sesam--dialog_domain--557028e9,sesam,dialog_domain,1,src-0b263714361b4bf9dc69,raw_baseline,1,1,experiments/android_xml_v2_external_extension/top2_matrix/frozen_inputs/sesam--dialog_domain--557028e9,2198bf840f58d20a7d737f55d5879be02d125c9a1f1ec03d6e8d61e1f6f08502,8a7fcb37c176a8fa8ae9a0e3ac664e1d90684543b6da80ab2f800ea6a10e2349,experiments/android_xml_v2_formal/multimodel_v2_3_40app/runs/gpt_5_6_sol/sesam--dialog_domain--557028e9/raw_baseline
gpt_5_6_sol,gpt-5.6-sol,openai,sesam--dialog_domain--557028e9,sesam,dialog_domain,1,src-0b263714361b4bf9dc69,full_enhanced,1,9,experiments/android_xml_v2_external_extension/top2_matrix/frozen_inputs/sesam--dialog_domain--557028e9,2198bf840f58d20a7d737f55d5879be02d125c9a1f1ec03d6e8d61e1f6f08502,9de28f180fbb4a43b4456e8e83b210959f010ae34b86328d7d80d90b18d2dbf6,experiments/android_xml_v2_formal/multimodel_v2_3_40app/runs/gpt_5_6_sol/sesam--dialog_domain--557028e9/full_enhanced
gpt_5_6_sol,gpt-5.6-sol,openai,sesam--dialog_profile--b0db8e89,sesam,dialog_profile,2,src-8f03acce56778fdbe56f;src-edc90e398eb7dc817f46,full_enhanced,1,9,experiments/android_xml_v2_external_extension/top2_matrix/frozen_inputs/sesam--dialog_profile--b0db8e89,e6009f7835a624a07f0c846f4f9a0af59b40224bcc008cb509a696ca43fd6b37,4fcb5c915fd5894557a3bac21e3b0722856e28f90e00f73dc4b460324a655b5e,experiments/android_xml_v2_formal/multimodel_v2_3_40app/runs/gpt_5_6_sol/sesam--dialog_profile--b0db8e89/full_enhanced
gpt_5_6_sol,gpt-5.6-sol,openai,sesam--dialog_profile--b0db8e89,sesam,dialog_profile,2,src-8f03acce56778fdbe56f;src-edc90e398eb7dc817f46,raw_baseline,1,1,experiments/android_xml_v2_external_extension/top2_matrix/frozen_inputs/sesam--dialog_profile--b0db8e89,e6009f7835a624a07f0c846f4f9a0af59b40224bcc008cb509a696ca43fd6b37,4e78e61974aff04fe30737abca5c1f374eed280641009db069e5662dfe9db9af,experiments/android_xml_v2_formal/multimodel_v2_3_40app/runs/gpt_5_6_sol/sesam--dialog_profile--b0db8e89/raw_baseline
claude_opus_4_8,claude-opus-4-8,anthropic,Prav--actionview_search--c4f4fbe0,Prav,actionview_search,1,src-a930b758db8b23d1d866,raw_baseline,1,1,experiments/android_xml_v2_rag/test_v2_1/matrix/frozen_inputs/Prav--actionview_search--c4f4fbe0,24da4775a8ef6d6a8440c19819133edac02f38c55bf89435439712e8fbeded21,f3d957328e7a884a4c68604371ee0727386862182ab81ac69534f5dc273e094a,experiments/android_xml_v2_formal/multimodel_v2_3_40app/runs/claude_opus_4_8/Prav--actionview_search--c4f4fbe0/raw_baseline
claude_opus_4_8,claude-opus-4-8,anthropic,Prav--actionview_search--c4f4fbe0,Prav,actionview_search,1,src-a930b758db8b23d1d866,full_enhanced,1,9,experiments/android_xml_v2_rag/test_v2_1/matrix/frozen_inputs/Prav--actionview_search--c4f4fbe0,24da4775a8ef6d6a8440c19819133edac02f38c55bf89435439712e8fbeded21,005b593e6e11a2010e94168bc5f95e02cdbc4c9e911a038d196d5380eb5c5f2a,experiments/android_xml_v2_formal/multimodel_v2_3_40app/runs/claude_opus_4_8/Prav--actionview_search--c4f4fbe0/full_enhanced
claude_opus_4_8,claude-opus-4-8,anthropic,Prav--dialog_quickedit--585924ff,Prav,dialog_quickedit,1,src-abd32317fd9b602b362d,full_enhanced,1,9,experiments/android_xml_v2_rag/test_v2_1/matrix/frozen_inputs/Prav--dialog_quickedit--585924ff,6a7272f2a539f96e43a3520b9d68c498bfb304a1700e6a78ab28c46b4a23ce4b,47f987065731a7f907e9a41ddd03bfbaa7edd3f686f9c9fadf86130abdb444bd,experiments/android_xml_v2_formal/multimodel_v2_3_40app/runs/claude_opus_4_8/Prav--dialog_quickedit--585924ff/full_enhanced
claude_opus_4_8,claude-opus-4-8,anthropic,Prav--dialog_quickedit--585924ff,Prav,dialog_quickedit,1,src-abd32317fd9b602b362d,raw_baseline,1,1,experiments/android_xml_v2_rag/test_v2_1/matrix/frozen_inputs/Prav--dialog_quickedit--585924ff,6a7272f2a539f96e43a3520b9d68c498bfb304a1700e6a78ab28c46b4a23ce4b,ad052468bfdcb1cf676a4a3310f6fe32a54237240255d33d4e211406acdd7e16,experiments/android_xml_v2_formal/multimodel_v2_3_40app/runs/claude_opus_4_8/Prav--dialog_quickedit--585924ff/raw_baseline
claude_opus_4_8,claude-opus-4-8,anthropic,Prav--item_account--91f3f68c,Prav,item_account,1,src-43583afaca5d9b10eecd,full_enhanced,1,9,experiments/android_xml_v2_rag/test_v2_1/matrix/frozen_inputs/Prav--item_account--91f3f68c,53bd2562f4d329454b5b1a82c60e2a4a4195c455d697844d995ec894c6750f05,a3f305324944feb6a7d609b72c67a23637048dee547b57607055501c46b18e0c,experiments/android_xml_v2_formal/multimodel_v2_3_40app/runs/claude_opus_4_8/Prav--item_account--91f3f68c/full_enhanced
claude_opus_4_8,claude-opus-4-8,anthropic,Prav--item_account--91f3f68c,Prav,item_account,1,src-43583afaca5d9b10eecd,raw_baseline,1,1,experiments/android_xml_v2_rag/test_v2_1/matrix/frozen_inputs/Prav--item_account--91f3f68c,53bd2562f4d329454b5b1a82c60e2a4a4195c455d697844d995ec894c6750f05,a987843dafade1c288d8aee9d1f1c9c7a48f1d2023d23c6b02db12b54b1db36b,experiments/android_xml_v2_formal/multimodel_v2_3_40app/runs/claude_opus_4_8/Prav--item_account--91f3f68c/raw_baseline
claude_opus_4_8,claude-opus-4-8,anthropic,Prav--item_device_fingerprint--c2a4f706,Prav,item_device_fingerprint,1,src-248a2284bfbcf701d37c,raw_baseline,1,1,experiments/android_xml_v2_rag/test_v2_1/matrix/frozen_inputs/Prav--item_device_fingerprint--c2a4f706,c85f363f34c57571f5da5c80e0d6bdc95d57614c4753b78baa8a2ec2ae06300c,22e81ef3f23934bc5631b7b725c44700026986ad3aec3aa23bde26b128db1ab7,experiments/android_xml_v2_formal/multimodel_v2_3_40app/runs/claude_opus_4_8/Prav--item_device_fingerprint--c2a4f706/raw_baseline
claude_opus_4_8,claude-opus-4-8,anthropic,Prav--item_device_fingerprint--c2a4f706,Prav,item_device_fingerprint,1,src-248a2284bfbcf701d37c,full_enhanced,1,9,experiments/android_xml_v2_rag/test_v2_1/matrix/frozen_inputs/Prav--item_device_fingerprint--c2a4f706,c85f363f34c57571f5da5c80e0d6bdc95d57614c4753b78baa8a2ec2ae06300c,6295e92a44c03f443d7174cc77ec6f4852a3c85481392ea3104dc0ed5506101b,experiments/android_xml_v2_formal/multimodel_v2_3_40app/runs/claude_opus_4_8/Prav--item_device_fingerprint--c2a4f706/full_enhanced
claude_opus_4_8,claude-opus-4-8,anthropic,Prav--activity_enter_number--9be435a5,Prav,activity_enter_number,1,src-34b679a204750456af75,raw_baseline,1,1,experiments/android_xml_v2_rag/test_v2_1/matrix/frozen_inputs/Prav--activity_enter_number--9be435a5,40c3ebc660c8a117c2ed11f8f05531d8e44a2b4ff71697424bb2aeee391f604b,978bfb87e8bd8385b05bf304bb287539c876742b50f9942b23019659a54a0403,experiments/android_xml_v2_formal/multimodel_v2_3_40app/runs/claude_opus_4_8/Prav--activity_enter_number--9be435a5/raw_baseline
claude_opus_4_8,claude-opus-4-8,anthropic,Prav--activity_enter_number--9be435a5,Prav,activity_enter_number,1,src-34b679a204750456af75,full_enhanced,1,9,experiments/android_xml_v2_rag/test_v2_1/matrix/frozen_inputs/Prav--activity_enter_number--9be435a5,40c3ebc660c8a117c2ed11f8f05531d8e44a2b4ff71697424bb2aeee391f604b,111b4f725f90642ca220d6ee40a7bdb6c6cb3f6fa6c0b28408ee4b9db731a0b0,experiments/android_xml_v2_formal/multimodel_v2_3_40app/runs/claude_opus_4_8/Prav--activity_enter_number--9be435a5/full_enhanced
claude_opus_4_8,claude-opus-4-8,anthropic,MoneyWallet--dialog_recurrence_setting_picker--af878423,MoneyWallet,dialog_recurrence_setting_picker,3,src-32b6c07c9bc47145c7c9;src-36c68a8280e18d6fc2c2;src-769ea8922935c71fb529,raw_baseline,1,1,experiments/android_xml_v2_rag/test_v2_1/matrix/frozen_inputs/MoneyWallet--dialog_recurrence_setting_picker--af878423,31ca534bcefbdd53a12fbf0f8b27826db629d5c11f34cb675a8b90c3e448a8bf,35d92ec841f677fdc1f8742cbae7d11342851c8b3265c609b77e0a4b66ec788e,experiments/android_xml_v2_formal/multimodel_v2_3_40app/runs/claude_opus_4_8/MoneyWallet--dialog_recurrence_setting_picker--af878423/raw_baseline
claude_opus_4_8,claude-opus-4-8,anthropic,MoneyWallet--dialog_recurrence_setting_picker--af878423,MoneyWallet,dialog_recurrence_setting_picker,3,src-32b6c07c9bc47145c7c9;src-36c68a8280e18d6fc2c2;src-769ea8922935c71fb529,full_enhanced,1,9,experiments/android_xml_v2_rag/test_v2_1/matrix/frozen_inputs/MoneyWallet--dialog_recurrence_setting_picker--af878423,31ca534bcefbdd53a12fbf0f8b27826db629d5c11f34cb675a8b90c3e448a8bf,dfd1f70855b8f3856b5804c3b60497642216169cbbea5cd11bba43894e7caebf,experiments/android_xml_v2_formal/multimodel_v2_3_40app/runs/claude_opus_4_8/MoneyWallet--dialog_recurrence_setting_picker--af878423/full_enhanced
claude_opus_4_8,claude-opus-4-8,anthropic,Clock--desk_clock--df970726,Clock,desk_clock,1,src-b4c0503349e542bb863f,raw_baseline,1,1,experiments/android_xml_v2_rag/test_v2_1/matrix/frozen_inputs/Clock--desk_clock--df970726,09baa90093cc520af874414d170385fe07f0104baf0f077aad3a4034dec5ee4c,1cb723ef521d94bd3009fbb7510d522b73e38b0109b77fbba3c8a107e2bdca18,experiments/android_xml_v2_formal/multimodel_v2_3_40app/runs/claude_opus_4_8/Clock--desk_clock--df970726/raw_baseline
claude_opus_4_8,claude-opus-4-8,anthropic,Clock--desk_clock--df970726,Clock,desk_clock,1,src-b4c0503349e542bb863f,full_enhanced,1,9,experiments/android_xml_v2_rag/test_v2_1/matrix/frozen_inputs/Clock--desk_clock--df970726,09baa90093cc520af874414d170385fe07f0104baf0f077aad3a4034dec5ee4c,9b3f10123f064e3e6f0055e068fb5440f555b3993f14d0fbcba97364b043bdac,experiments/android_xml_v2_formal/multimodel_v2_3_40app/runs/claude_opus_4_8/Clock--desk_clock--df970726/full_enhanced
claude_opus_4_8,claude-opus-4-8,anthropic,Clock--ringtone_add_button--f909f73c,Clock,ringtone_add_button,1,src-133c4a52a261becfeba6,full_enhanced,1,9,experiments/android_xml_v2_rag/test_v2_1/matrix/frozen_inputs/Clock--ringtone_add_button--f909f73c,4f0b355fdd90bcc7ae35628ebfced09322e93579d687430a003ccdb19d1b5463,2700abb2bed3e5201bd378057fcb966dd628a12d6df4760aa00df1e5512ccfdc,experiments/android_xml_v2_formal/multimodel_v2_3_40app/runs/claude_opus_4_8/Clock--ringtone_add_button--f909f73c/full_enhanced
claude_opus_4_8,claude-opus-4-8,anthropic,Clock--ringtone_add_button--f909f73c,Clock,ringtone_add_button,1,src-133c4a52a261becfeba6,raw_baseline,1,1,experiments/android_xml_v2_rag/test_v2_1/matrix/frozen_inputs/Clock--ringtone_add_button--f909f73c,4f0b355fdd90bcc7ae35628ebfced09322e93579d687430a003ccdb19d1b5463,83d21b2433a7e2dc43b15a4de88b6f2439864237d35878b30afd1344707bcc17,experiments/android_xml_v2_formal/multimodel_v2_3_40app/runs/claude_opus_4_8/Clock--ringtone_add_button--f909f73c/raw_baseline
claude_opus_4_8,claude-opus-4-8,anthropic,Infomaniak-Mail--fragment_ai_prompt--d0d44de2,Infomaniak Mail,fragment_ai_prompt,2,src-7d867e731de1255ddb58;src-971edf2ff00b7357431a,full_enhanced,1,9,experiments/android_xml_v2_rag/test_v2_1/matrix/frozen_inputs/Infomaniak-Mail--fragment_ai_prompt--d0d44de2,6032830be38611ab1a807e7bc672e0161f6a4725a99c97ec6589318f55e1743c,7ecedf93d284390879e72d9837a8311a29b8a5cc9bdb2405515185847369d89d,experiments/android_xml_v2_formal/multimodel_v2_3_40app/runs/claude_opus_4_8/Infomaniak-Mail--fragment_ai_prompt--d0d44de2/full_enhanced
claude_opus_4_8,claude-opus-4-8,anthropic,Infomaniak-Mail--fragment_ai_prompt--d0d44de2,Infomaniak Mail,fragment_ai_prompt,2,src-7d867e731de1255ddb58;src-971edf2ff00b7357431a,raw_baseline,1,1,experiments/android_xml_v2_rag/test_v2_1/matrix/frozen_inputs/Infomaniak-Mail--fragment_ai_prompt--d0d44de2,6032830be38611ab1a807e7bc672e0161f6a4725a99c97ec6589318f55e1743c,78625a31f4b13eca75ec45375dc16476a1dc75a6e447b9809d938e0e963979c9,experiments/android_xml_v2_formal/multimodel_v2_3_40app/runs/claude_opus_4_8/Infomaniak-Mail--fragment_ai_prompt--d0d44de2/raw_baseline
claude_opus_4_8,claude-opus-4-8,anthropic,Infomaniak-Mail--fragment_encryption_password--a69f0e12,Infomaniak Mail,fragment_encryption_password,1,src-424aca9b7bf3aae66658,raw_baseline,1,1,experiments/android_xml_v2_rag/test_v2_1/matrix/frozen_inputs/Infomaniak-Mail--fragment_encryption_password--a69f0e12,119bffbc77804fefd4f0a2fc8856eb59ccb8340d81b8eb4cb43b97f1b39b11e0,a1664aa321bc715ceeb7ff06f8e61f7bd87c1219fa863f5c0da522626403eb6c,experiments/android_xml_v2_formal/multimodel_v2_3_40app/runs/claude_opus_4_8/Infomaniak-Mail--fragment_encryption_password--a69f0e12/raw_baseline
claude_opus_4_8,claude-opus-4-8,anthropic,Infomaniak-Mail--fragment_encryption_password--a69f0e12,Infomaniak Mail,fragment_encryption_password,1,src-424aca9b7bf3aae66658,full_enhanced,1,9,experiments/android_xml_v2_rag/test_v2_1/matrix/frozen_inputs/Infomaniak-Mail--fragment_encryption_password--a69f0e12,119bffbc77804fefd4f0a2fc8856eb59ccb8340d81b8eb4cb43b97f1b39b11e0,e2bd1b1637fc54d290b20f63998d2db5f4881b11152fd1517219358b99af8236,experiments/android_xml_v2_formal/multimodel_v2_3_40app/runs/claude_opus_4_8/Infomaniak-Mail--fragment_encryption_password--a69f0e12/full_enhanced
claude_opus_4_8,claude-opus-4-8,anthropic,Infomaniak-Mail--fragment_search--3e5f60f4,Infomaniak Mail,fragment_search,1,src-f014be08b31cfd156303,full_enhanced,1,9,experiments/android_xml_v2_rag/test_v2_1/matrix/frozen_inputs/Infomaniak-Mail--fragment_search--3e5f60f4,ef9eeb2d6a2bae479c44a6dbf0468d609b78d7cfaa25be92ae46e365f4fc9ed0,85bc1f023137c10bbadfad5ddb156209dfe1675ab5b79309f3e4ef8278f135b3,experiments/android_xml_v2_formal/multimodel_v2_3_40app/runs/claude_opus_4_8/Infomaniak-Mail--fragment_search--3e5f60f4/full_enhanced
claude_opus_4_8,claude-opus-4-8,anthropic,Infomaniak-Mail--fragment_search--3e5f60f4,Infomaniak Mail,fragment_search,1,src-f014be08b31cfd156303,raw_baseline,1,1,experiments/android_xml_v2_rag/test_v2_1/matrix/frozen_inputs/Infomaniak-Mail--fragment_search--3e5f60f4,ef9eeb2d6a2bae479c44a6dbf0468d609b78d7cfaa25be92ae46e365f4fc9ed0,c7a070b6f8e6a54fc134497213716e70c238b0e96c202e3f3d4b52da1b0b4a9a,experiments/android_xml_v2_formal/multimodel_v2_3_40app/runs/claude_opus_4_8/Infomaniak-Mail--fragment_search--3e5f60f4/raw_baseline
claude_opus_4_8,claude-opus-4-8,anthropic,Infomaniak-Mail--fragment_thread_list--0366d8fe,Infomaniak Mail,fragment_thread_list,1,src-06cae7b934e486c57aff,raw_baseline,1,1,experiments/android_xml_v2_rag/test_v2_1/matrix/frozen_inputs/Infomaniak-Mail--fragment_thread_list--0366d8fe,cc6de3a672a681478492294f7e852e48842318fa2fc2203d0d0abb1dc8dacbfa,98153742f65dc96697c7bf3ab3bf4fe937e3e36b86165bacfe072c93d76253d4,experiments/android_xml_v2_formal/multimodel_v2_3_40app/runs/claude_opus_4_8/Infomaniak-Mail--fragment_thread_list--0366d8fe/raw_baseline
claude_opus_4_8,claude-opus-4-8,anthropic,Infomaniak-Mail--fragment_thread_list--0366d8fe,Infomaniak Mail,fragment_thread_list,1,src-06cae7b934e486c57aff,full_enhanced,1,9,experiments/android_xml_v2_rag/test_v2_1/matrix/frozen_inputs/Infomaniak-Mail--fragment_thread_list--0366d8fe,cc6de3a672a681478492294f7e852e48842318fa2fc2203d0d0abb1dc8dacbfa,0db37ac91f105ebdc9d60ed26fe1530b28b96bac983509a7250808a4d8e08723,experiments/android_xml_v2_formal/multimodel_v2_3_40app/runs/claude_opus_4_8/Infomaniak-Mail--fragment_thread_list--0366d8fe/full_enhanced
claude_opus_4_8,claude-opus-4-8,anthropic,Motion-Eye--activity_main--483cc539,Motion Eye,activity_main,2,src-bf9ba939c2feb1550cb5;src-da2276a99b6c98ff0235,full_enhanced,1,9,experiments/android_xml_v2_rag/test_v2_1/matrix/frozen_inputs/Motion-Eye--activity_main--483cc539,0e6fe34beb502d9744925a3cfd1db95abc882107d451e0e1a6b92e67192a2bf1,7b582538133b1532da2742698ed5f65412f79ad44fd8fe11f8e47ccddd5efe1a,experiments/android_xml_v2_formal/multimodel_v2_3_40app/runs/claude_opus_4_8/Motion-Eye--activity_main--483cc539/full_enhanced
claude_opus_4_8,claude-opus-4-8,anthropic,Motion-Eye--activity_main--483cc539,Motion Eye,activity_main,2,src-bf9ba939c2feb1550cb5;src-da2276a99b6c98ff0235,raw_baseline,1,1,experiments/android_xml_v2_rag/test_v2_1/matrix/frozen_inputs/Motion-Eye--activity_main--483cc539,0e6fe34beb502d9744925a3cfd1db95abc882107d451e0e1a6b92e67192a2bf1,6926b5aa05ee6cfb3b483048a659be3b35a8748d42e64760cce9a00d4cbbf29e,experiments/android_xml_v2_formal/multimodel_v2_3_40app/runs/claude_opus_4_8/Motion-Eye--activity_main--483cc539/raw_baseline
claude_opus_4_8,claude-opus-4-8,anthropic,app.dumdum--layout_edit_group--607bfb40,app.dumdum,layout_edit_group,1,src-1f7da6f85210bfc111b4,raw_baseline,1,1,experiments/android_xml_v2_rag/test_v2_1/matrix/frozen_inputs/app.dumdum--layout_edit_group--607bfb40,2cefe1414b352c469c40a0f1c986bfda3bd23b96db68efb56880474d57cf38b0,e96b9375e5128ca915c1cf371c662a6e2982f9d82d4cd59d29ff9791953f6362,experiments/android_xml_v2_formal/multimodel_v2_3_40app/runs/claude_opus_4_8/app.dumdum--layout_edit_group--607bfb40/raw_baseline
claude_opus_4_8,claude-opus-4-8,anthropic,app.dumdum--layout_edit_group--607bfb40,app.dumdum,layout_edit_group,1,src-1f7da6f85210bfc111b4,full_enhanced,1,9,experiments/android_xml_v2_rag/test_v2_1/matrix/frozen_inputs/app.dumdum--layout_edit_group--607bfb40,2cefe1414b352c469c40a0f1c986bfda3bd23b96db68efb56880474d57cf38b0,f9870ffa668485681bbdd3648a9174e1761733868b2603f01e768f3536b517b3,experiments/android_xml_v2_formal/multimodel_v2_3_40app/runs/claude_opus_4_8/app.dumdum--layout_edit_group--607bfb40/full_enhanced
claude_opus_4_8,claude-opus-4-8,anthropic,app.dumdum--layout_group_item--9dd42fb6,app.dumdum,layout_group_item,1,src-29de1dc6143dee36de13,full_enhanced,1,9,experiments/android_xml_v2_rag/test_v2_1/matrix/frozen_inputs/app.dumdum--layout_group_item--9dd42fb6,7cb8f7e7f03ad878cf876a3ad373f5b39829644dc3584d5adb9ed71713e07f7b,c9173b3369edfe03ab5515a2aba6ce5d043569f48564f67646f4f7178ba2018c,experiments/android_xml_v2_formal/multimodel_v2_3_40app/runs/claude_opus_4_8/app.dumdum--layout_group_item--9dd42fb6/full_enhanced
claude_opus_4_8,claude-opus-4-8,anthropic,app.dumdum--layout_group_item--9dd42fb6,app.dumdum,layout_group_item,1,src-29de1dc6143dee36de13,raw_baseline,1,1,experiments/android_xml_v2_rag/test_v2_1/matrix/frozen_inputs/app.dumdum--layout_group_item--9dd42fb6,7cb8f7e7f03ad878cf876a3ad373f5b39829644dc3584d5adb9ed71713e07f7b,65961367a92ceb096e9e11da22731dc8fca4dcd99b8381dc7bcd589dc2915a13,experiments/android_xml_v2_formal/multimodel_v2_3_40app/runs/claude_opus_4_8/app.dumdum--layout_group_item--9dd42fb6/raw_baseline
claude_opus_4_8,claude-opus-4-8,anthropic,app.dumdum--layout_password_dialog--29af31e0,app.dumdum,layout_password_dialog,1,src-b4f6c0e5b4a001b39ed1,raw_baseline,1,1,experiments/android_xml_v2_rag/test_v2_1/matrix/frozen_inputs/app.dumdum--layout_password_dialog--29af31e0,3a44c2ec32e35e11d5630ee46a1017970cf4f8b3bced24d5d12197538045876c,5990c07d7ddd36802d1924eb9aedefec1bbf1eb545db29cb30a0fe71e605c5b2,experiments/android_xml_v2_formal/multimodel_v2_3_40app/runs/claude_opus_4_8/app.dumdum--layout_password_dialog--29af31e0/raw_baseline
claude_opus_4_8,claude-opus-4-8,anthropic,app.dumdum--layout_password_dialog--29af31e0,app.dumdum,layout_password_dialog,1,src-b4f6c0e5b4a001b39ed1,full_enhanced,1,9,experiments/android_xml_v2_rag/test_v2_1/matrix/frozen_inputs/app.dumdum--layout_password_dialog--29af31e0,3a44c2ec32e35e11d5630ee46a1017970cf4f8b3bced24d5d12197538045876c,90a6c13c266409d0a5ca7bea29d300121b4c7264dae6d8000eb9939718723f32,experiments/android_xml_v2_formal/multimodel_v2_3_40app/runs/claude_opus_4_8/app.dumdum--layout_password_dialog--29af31e0/full_enhanced
claude_opus_4_8,claude-opus-4-8,anthropic,Amaze-Utilities--activity_error--28a5c8e6,Amaze Utilities,activity_error,1,src-cfdcc0d76855b19a756e,full_enhanced,1,9,experiments/android_xml_v2_rag/test_v2_1/matrix/frozen_inputs/Amaze-Utilities--activity_error--28a5c8e6,d40228aedf4b5a8dabeb3949fba624a1654f74525721cc47fea3311534864867,becf38227ebdc9cc98b39c8678062a5aa5d123ee6037abe74e0fa9885d9f52c8,experiments/android_xml_v2_formal/multimodel_v2_3_40app/runs/claude_opus_4_8/Amaze-Utilities--activity_error--28a5c8e6/full_enhanced
claude_opus_4_8,claude-opus-4-8,anthropic,Amaze-Utilities--activity_error--28a5c8e6,Amaze Utilities,activity_error,1,src-cfdcc0d76855b19a756e,raw_baseline,1,1,experiments/android_xml_v2_rag/test_v2_1/matrix/frozen_inputs/Amaze-Utilities--activity_error--28a5c8e6,d40228aedf4b5a8dabeb3949fba624a1654f74525721cc47fea3311534864867,569ce9e804a5370279061593ff25c8068c58b364126807e9a38e298d2b354de3,experiments/android_xml_v2_formal/multimodel_v2_3_40app/runs/claude_opus_4_8/Amaze-Utilities--activity_error--28a5c8e6/raw_baseline
claude_opus_4_8,claude-opus-4-8,anthropic,Amaze-Utilities--fragment_audios_list--ac6174e5,Amaze Utilities,fragment_audios_list,1,src-4c71cf74d2d508b786bd,full_enhanced,1,9,experiments/android_xml_v2_rag/test_v2_1/matrix/frozen_inputs/Amaze-Utilities--fragment_audios_list--ac6174e5,24641ad4b0b02759bc4e4826dbb153ccb78d11284072d3ea671a2b3d27dadde3,3a2b156c6224b948afc604fa18ea42d16d6ef911c996276acd6b800e7b0cdfd7,experiments/android_xml_v2_formal/multimodel_v2_3_40app/runs/claude_opus_4_8/Amaze-Utilities--fragment_audios_list--ac6174e5/full_enhanced
claude_opus_4_8,claude-opus-4-8,anthropic,Amaze-Utilities--fragment_audios_list--ac6174e5,Amaze Utilities,fragment_audios_list,1,src-4c71cf74d2d508b786bd,raw_baseline,1,1,experiments/android_xml_v2_rag/test_v2_1/matrix/frozen_inputs/Amaze-Utilities--fragment_audios_list--ac6174e5,24641ad4b0b02759bc4e4826dbb153ccb78d11284072d3ea671a2b3d27dadde3,ec5619d854adf395439e6adae04dde7cc4470413b119e291174254119ca5a4e2,experiments/android_xml_v2_formal/multimodel_v2_3_40app/runs/claude_opus_4_8/Amaze-Utilities--fragment_audios_list--ac6174e5/raw_baseline
claude_opus_4_8,claude-opus-4-8,anthropic,Amaze-Utilities--subtitles_search_view--5a396765,Amaze Utilities,subtitles_search_view,2,src-a92911801c1cb4d4424b;src-bef9be46c861ccdcff1a,raw_baseline,1,1,experiments/android_xml_v2_rag/test_v2_1/matrix/frozen_inputs/Amaze-Utilities--subtitles_search_view--5a396765,97901fbded8152b8887568cef146edd8d31c3790cc4259d0e1e8e04982a2be15,510aad58962f702b0174d1c6670903e477642480f2a6caea2de461d38b3a39e2,experiments/android_xml_v2_formal/multimodel_v2_3_40app/runs/claude_opus_4_8/Amaze-Utilities--subtitles_search_view--5a396765/raw_baseline
claude_opus_4_8,claude-opus-4-8,anthropic,Amaze-Utilities--subtitles_search_view--5a396765,Amaze Utilities,subtitles_search_view,2,src-a92911801c1cb4d4424b;src-bef9be46c861ccdcff1a,full_enhanced,1,9,experiments/android_xml_v2_rag/test_v2_1/matrix/frozen_inputs/Amaze-Utilities--subtitles_search_view--5a396765,97901fbded8152b8887568cef146edd8d31c3790cc4259d0e1e8e04982a2be15,956dc05cc497156a909b4777eb276904dec4725508788d8a08210d4bcb763837,experiments/android_xml_v2_formal/multimodel_v2_3_40app/runs/claude_opus_4_8/Amaze-Utilities--subtitles_search_view--5a396765/full_enhanced
claude_opus_4_8,claude-opus-4-8,anthropic,Amaze-Utilities--welcome_permission_privacy_layout--c69fe08c,Amaze Utilities,welcome_permission_privacy_layout,1,src-0d35c5a6f1908f8efccc,full_enhanced,1,9,experiments/android_xml_v2_rag/test_v2_1/matrix/frozen_inputs/Amaze-Utilities--welcome_permission_privacy_layout--c69fe08c,9f1de2f5697ea31d74773a0611dab2ddeffa733026e767c312030ce8e9ed21e5,5565c73a7659e5a38190031c778ef175ef0a436822dd624a6402d7ba00124eea,experiments/android_xml_v2_formal/multimodel_v2_3_40app/runs/claude_opus_4_8/Amaze-Utilities--welcome_permission_privacy_layout--c69fe08c/full_enhanced
claude_opus_4_8,claude-opus-4-8,anthropic,Amaze-Utilities--welcome_permission_privacy_layout--c69fe08c,Amaze Utilities,welcome_permission_privacy_layout,1,src-0d35c5a6f1908f8efccc,raw_baseline,1,1,experiments/android_xml_v2_rag/test_v2_1/matrix/frozen_inputs/Amaze-Utilities--welcome_permission_privacy_layout--c69fe08c,9f1de2f5697ea31d74773a0611dab2ddeffa733026e767c312030ce8e9ed21e5,3f66602e54f4b2333b44a34fc6a54c3247ac61b8ae637b374f29e7752b3afd45,experiments/android_xml_v2_formal/multimodel_v2_3_40app/runs/claude_opus_4_8/Amaze-Utilities--welcome_permission_privacy_layout--c69fe08c/raw_baseline
claude_opus_4_8,claude-opus-4-8,anthropic,Android-Password-Store--password_creation_activity--28e7ecfb,Android Password Store,password_creation_activity,1,src-fb6ce2b54906613f7dba,full_enhanced,1,9,experiments/android_xml_v2_rag/test_v2_1/matrix/frozen_inputs/Android-Password-Store--password_creation_activity--28e7ecfb,782458453116848e7f41dfd75d4ec43d581074cf718c8089af641d47b2c6c70e,1ed3f27119d79a146dc9aa81c23a473f67a22b0ffd3c829cc33e12d685fc9ef2,experiments/android_xml_v2_formal/multimodel_v2_3_40app/runs/claude_opus_4_8/Android-Password-Store--password_creation_activity--28e7ecfb/full_enhanced
claude_opus_4_8,claude-opus-4-8,anthropic,Android-Password-Store--password_creation_activity--28e7ecfb,Android Password Store,password_creation_activity,1,src-fb6ce2b54906613f7dba,raw_baseline,1,1,experiments/android_xml_v2_rag/test_v2_1/matrix/frozen_inputs/Android-Password-Store--password_creation_activity--28e7ecfb,782458453116848e7f41dfd75d4ec43d581074cf718c8089af641d47b2c6c70e,9618c1f9146944d0e412c83b3732dbc1732668c599770b220c6965aad7663f3b,experiments/android_xml_v2_formal/multimodel_v2_3_40app/runs/claude_opus_4_8/Android-Password-Store--password_creation_activity--28e7ecfb/raw_baseline
claude_opus_4_8,claude-opus-4-8,anthropic,FocusMastodon--compose_poll_option--025a8f7a,FocusMastodon,compose_poll_option,1,src-404ea75ac9efacbe533c,full_enhanced,1,9,experiments/android_xml_v2_rag/test_v2_1/matrix/frozen_inputs/FocusMastodon--compose_poll_option--025a8f7a,c439a267f1e596c04fbe882d7b00824ef45b2d5ad1aed269276b7e2db3f058bf,3d30a53c65e0830bf0e3f0a0baf0bc6805dc237a250966fa49e1493e440ce2dc,experiments/android_xml_v2_formal/multimodel_v2_3_40app/runs/claude_opus_4_8/FocusMastodon--compose_poll_option--025a8f7a/full_enhanced
claude_opus_4_8,claude-opus-4-8,anthropic,FocusMastodon--compose_poll_option--025a8f7a,FocusMastodon,compose_poll_option,1,src-404ea75ac9efacbe533c,raw_baseline,1,1,experiments/android_xml_v2_rag/test_v2_1/matrix/frozen_inputs/FocusMastodon--compose_poll_option--025a8f7a,c439a267f1e596c04fbe882d7b00824ef45b2d5ad1aed269276b7e2db3f058bf,b763ef743d1dff846cf378918bbe280f1d507d070fa668517634efdc5eea8b36,experiments/android_xml_v2_formal/multimodel_v2_3_40app/runs/claude_opus_4_8/FocusMastodon--compose_poll_option--025a8f7a/raw_baseline
claude_opus_4_8,claude-opus-4-8,anthropic,FocusMastodon--configuration_page--374bdb8f,FocusMastodon,configuration_page,1,src-ca9cdbbf2edfc4f9af55,raw_baseline,1,1,experiments/android_xml_v2_rag/test_v2_1/matrix/frozen_inputs/FocusMastodon--configuration_page--374bdb8f,3962a4bbcc5fd0dd276cc868ba81a9253030af4f637e9ba8748ba7d1328f92b0,1daecc5ea863ba80c3e8c5c4933a2d128812b8345a9fbd9efc2b6142fc6eb693,experiments/android_xml_v2_formal/multimodel_v2_3_40app/runs/claude_opus_4_8/FocusMastodon--configuration_page--374bdb8f/raw_baseline
claude_opus_4_8,claude-opus-4-8,anthropic,FocusMastodon--configuration_page--374bdb8f,FocusMastodon,configuration_page,1,src-ca9cdbbf2edfc4f9af55,full_enhanced,1,9,experiments/android_xml_v2_rag/test_v2_1/matrix/frozen_inputs/FocusMastodon--configuration_page--374bdb8f,3962a4bbcc5fd0dd276cc868ba81a9253030af4f637e9ba8748ba7d1328f92b0,7f9f6b643ceb4f0f48afc0c1b94028611d7606f31d338553fedfaa1ee605aef4,experiments/android_xml_v2_formal/multimodel_v2_3_40app/runs/claude_opus_4_8/FocusMastodon--configuration_page--374bdb8f/full_enhanced
claude_opus_4_8,claude-opus-4-8,anthropic,FocusMastodon--fragment_onboarding_common--1104d579,FocusMastodon,fragment_onboarding_common,1,src-0774e452bebb11eeed97,raw_baseline,1,1,experiments/android_xml_v2_rag/test_v2_1/matrix/frozen_inputs/FocusMastodon--fragment_onboarding_common--1104d579,6e8e2daa61cf7a1b4bcad314f7450b9c83c205b17005a4857bf6310562ac91e6,813c2f47dd10fbb83434e1495be779e10471d2b9d16b3f5bf79a65cfd000eee2,experiments/android_xml_v2_formal/multimodel_v2_3_40app/runs/claude_opus_4_8/FocusMastodon--fragment_onboarding_common--1104d579/raw_baseline
claude_opus_4_8,claude-opus-4-8,anthropic,FocusMastodon--fragment_onboarding_common--1104d579,FocusMastodon,fragment_onboarding_common,1,src-0774e452bebb11eeed97,full_enhanced,1,9,experiments/android_xml_v2_rag/test_v2_1/matrix/frozen_inputs/FocusMastodon--fragment_onboarding_common--1104d579,6e8e2daa61cf7a1b4bcad314f7450b9c83c205b17005a4857bf6310562ac91e6,176b425ae183e791f9ae0c9634c8e633da0bb31e8a354e26b3e9b978dda0d03a,experiments/android_xml_v2_formal/multimodel_v2_3_40app/runs/claude_opus_4_8/FocusMastodon--fragment_onboarding_common--1104d579/full_enhanced
claude_opus_4_8,claude-opus-4-8,anthropic,FocusMastodon--item_blocked_user--d8534ce1,FocusMastodon,item_blocked_user,1,src-2798a9011da8004b17dc,raw_baseline,1,1,experiments/android_xml_v2_rag/test_v2_1/matrix/frozen_inputs/FocusMastodon--item_blocked_user--d8534ce1,c9cd01e3274c2db77d96c15f06808d9c94bc01b4fbe4a17f783b08666adac826,a343720cad6d585b93de401a9df48d42e4849578d54f5563465cda5e7b4dd064,experiments/android_xml_v2_formal/multimodel_v2_3_40app/runs/claude_opus_4_8/FocusMastodon--item_blocked_user--d8534ce1/raw_baseline
claude_opus_4_8,claude-opus-4-8,anthropic,FocusMastodon--item_blocked_user--d8534ce1,FocusMastodon,item_blocked_user,1,src-2798a9011da8004b17dc,full_enhanced,1,9,experiments/android_xml_v2_rag/test_v2_1/matrix/frozen_inputs/FocusMastodon--item_blocked_user--d8534ce1,c9cd01e3274c2db77d96c15f06808d9c94bc01b4fbe4a17f783b08666adac826,c3782c923da5953849f3b606355bdc14042269212eaa9063794495bdfd762422,experiments/android_xml_v2_formal/multimodel_v2_3_40app/runs/claude_opus_4_8/FocusMastodon--item_blocked_user--d8534ce1/full_enhanced
claude_opus_4_8,claude-opus-4-8,anthropic,FocusMastodon--user_chooser--83ecacd4,FocusMastodon,user_chooser,1,src-a0c41e24db79f36bdfe3,raw_baseline,1,1,experiments/android_xml_v2_rag/test_v2_1/matrix/frozen_inputs/FocusMastodon--user_chooser--83ecacd4,d96819028d86f11fcd9e426614f3aab483149f643dbe9f3eaa90d97b6329bbc0,82035a88950a9dd4a65c4c27d6bf40f637d0e6e8d92e3ab0ca837e201eab46e0,experiments/android_xml_v2_formal/multimodel_v2_3_40app/runs/claude_opus_4_8/FocusMastodon--user_chooser--83ecacd4/raw_baseline
claude_opus_4_8,claude-opus-4-8,anthropic,FocusMastodon--user_chooser--83ecacd4,FocusMastodon,user_chooser,1,src-a0c41e24db79f36bdfe3,full_enhanced,1,9,experiments/android_xml_v2_rag/test_v2_1/matrix/frozen_inputs/FocusMastodon--user_chooser--83ecacd4,d96819028d86f11fcd9e426614f3aab483149f643dbe9f3eaa90d97b6329bbc0,81ba6ae52a42eb512d01d3e7d4ac8bea81be53eae1cf949155f2b3bbc0a50e58,experiments/android_xml_v2_formal/multimodel_v2_3_40app/runs/claude_opus_4_8/FocusMastodon--user_chooser--83ecacd4/full_enhanced
claude_opus_4_8,claude-opus-4-8,anthropic,FocusPodcast--edit_tags_dialog_layout--8bcf7035,FocusPodcast,edit_tags_dialog_layout,1,src-c559e9c5e0222ef6408f,raw_baseline,1,1,experiments/android_xml_v2_rag/test_v2_1/matrix/frozen_inputs/FocusPodcast--edit_tags_dialog_layout--8bcf7035,89d0126e6b917bdfcf7e25f041e9f1b947b36b74b50c35cd7addcbe89d66715a,5a1dc7f8850829f02ea8e41d70af1972681ec5334ce76d494fc8632c0e46d98c,experiments/android_xml_v2_formal/multimodel_v2_3_40app/runs/claude_opus_4_8/FocusPodcast--edit_tags_dialog_layout--8bcf7035/raw_baseline
claude_opus_4_8,claude-opus-4-8,anthropic,FocusPodcast--edit_tags_dialog_layout--8bcf7035,FocusPodcast,edit_tags_dialog_layout,1,src-c559e9c5e0222ef6408f,full_enhanced,1,9,experiments/android_xml_v2_rag/test_v2_1/matrix/frozen_inputs/FocusPodcast--edit_tags_dialog_layout--8bcf7035,89d0126e6b917bdfcf7e25f041e9f1b947b36b74b50c35cd7addcbe89d66715a,d473346355bc9fce1a60e8ed21ff76363bda63bbf2eafdbb51f8b5e870c45ac1,experiments/android_xml_v2_formal/multimodel_v2_3_40app/runs/claude_opus_4_8/FocusPodcast--edit_tags_dialog_layout--8bcf7035/full_enhanced
claude_opus_4_8,claude-opus-4-8,anthropic,FocusPodcast--edit_text_dialog--c8ae443f,FocusPodcast,edit_text_dialog,1,src-a97ccde8b678cdb83bbc,full_enhanced,1,9,experiments/android_xml_v2_rag/test_v2_1/matrix/frozen_inputs/FocusPodcast--edit_text_dialog--c8ae443f,55cd17ea59770d1e10bf7a43a19e52d8e276cc078501161af322bd0369083ae1,6da532df7e4fba9655a3ce16aa69e7be3b3c4008cdbf0d2a5f03c339e23cccc7,experiments/android_xml_v2_formal/multimodel_v2_3_40app/runs/claude_opus_4_8/FocusPodcast--edit_text_dialog--c8ae443f/full_enhanced
claude_opus_4_8,claude-opus-4-8,anthropic,FocusPodcast--edit_text_dialog--c8ae443f,FocusPodcast,edit_text_dialog,1,src-a97ccde8b678cdb83bbc,raw_baseline,1,1,experiments/android_xml_v2_rag/test_v2_1/matrix/frozen_inputs/FocusPodcast--edit_text_dialog--c8ae443f,55cd17ea59770d1e10bf7a43a19e52d8e276cc078501161af322bd0369083ae1,8b401b9098897aa6bc4089402aa64218647e58363830cea3a6581f05c495aa3a,experiments/android_xml_v2_formal/multimodel_v2_3_40app/runs/claude_opus_4_8/FocusPodcast--edit_text_dialog--c8ae443f/raw_baseline
claude_opus_4_8,claude-opus-4-8,anthropic,FocusPodcast--episode_filter_dialog--8c459ee8,FocusPodcast,episode_filter_dialog,2,src-9b33fd06a3d3741a2dcb;src-a8700af9c3a9da6a296b,raw_baseline,1,1,experiments/android_xml_v2_rag/test_v2_1/matrix/frozen_inputs/FocusPodcast--episode_filter_dialog--8c459ee8,5c7bebf2fc9d4c25b03bfdf40e02a2d803da3a521116f5f35fe48d2e44a0de0d,dec2cc2a826906478ebcaea1e8e3ef39310454b001f85271e54b8915e06a4c45,experiments/android_xml_v2_formal/multimodel_v2_3_40app/runs/claude_opus_4_8/FocusPodcast--episode_filter_dialog--8c459ee8/raw_baseline
claude_opus_4_8,claude-opus-4-8,anthropic,FocusPodcast--episode_filter_dialog--8c459ee8,FocusPodcast,episode_filter_dialog,2,src-9b33fd06a3d3741a2dcb;src-a8700af9c3a9da6a296b,full_enhanced,1,9,experiments/android_xml_v2_rag/test_v2_1/matrix/frozen_inputs/FocusPodcast--episode_filter_dialog--8c459ee8,5c7bebf2fc9d4c25b03bfdf40e02a2d803da3a521116f5f35fe48d2e44a0de0d,91257abc52391d95438fea72412516792d45937cd0debba856dafa37968f9a99,experiments/android_xml_v2_formal/multimodel_v2_3_40app/runs/claude_opus_4_8/FocusPodcast--episode_filter_dialog--8c459ee8/full_enhanced
claude_opus_4_8,claude-opus-4-8,anthropic,FocusPodcast--filter_dialog_row--aa611f49,FocusPodcast,filter_dialog_row,2,src-35e3fb82ddfd578b0fb4;src-7480247dcf05117babe0,full_enhanced,1,9,experiments/android_xml_v2_rag/test_v2_1/matrix/frozen_inputs/FocusPodcast--filter_dialog_row--aa611f49,f1debd793b30eddfcff114181a3cf09b5f44ece584d54539115892939cfa7ab7,9b72cde22b2702f0fe4abcf0c0ca30af45a71ea92e680f8dc896db5f1cf5a148,experiments/android_xml_v2_formal/multimodel_v2_3_40app/runs/claude_opus_4_8/FocusPodcast--filter_dialog_row--aa611f49/full_enhanced
claude_opus_4_8,claude-opus-4-8,anthropic,FocusPodcast--filter_dialog_row--aa611f49,FocusPodcast,filter_dialog_row,2,src-35e3fb82ddfd578b0fb4;src-7480247dcf05117babe0,raw_baseline,1,1,experiments/android_xml_v2_rag/test_v2_1/matrix/frozen_inputs/FocusPodcast--filter_dialog_row--aa611f49,f1debd793b30eddfcff114181a3cf09b5f44ece584d54539115892939cfa7ab7,d2897c26a904937d48f510c484e00f6ed549eff7fe46a71b21b747ee66cc6bf7,experiments/android_xml_v2_formal/multimodel_v2_3_40app/runs/claude_opus_4_8/FocusPodcast--filter_dialog_row--aa611f49/raw_baseline
claude_opus_4_8,claude-opus-4-8,anthropic,FocusPodcast--secondary_action--8fbb09bd,FocusPodcast,secondary_action,1,src-37a2e866c03ba21b568e,full_enhanced,1,9,experiments/android_xml_v2_rag/test_v2_1/matrix/frozen_inputs/FocusPodcast--secondary_action--8fbb09bd,bf747eab5b7ee9b052e66124641c840415891daf20f1f9f86f6e6d42b7de8470,6fc2ae713ecb39a7cfdbd6e185262a51f7310f7cdaec6f9c50adc59b9c09d9ff,experiments/android_xml_v2_formal/multimodel_v2_3_40app/runs/claude_opus_4_8/FocusPodcast--secondary_action--8fbb09bd/full_enhanced
claude_opus_4_8,claude-opus-4-8,anthropic,FocusPodcast--secondary_action--8fbb09bd,FocusPodcast,secondary_action,1,src-37a2e866c03ba21b568e,raw_baseline,1,1,experiments/android_xml_v2_rag/test_v2_1/matrix/frozen_inputs/FocusPodcast--secondary_action--8fbb09bd,bf747eab5b7ee9b052e66124641c840415891daf20f1f9f86f6e6d42b7de8470,d3c93d76c6abe57d5838ce194b5306d0e074faabcd45f32ed1570694fede5d1a,experiments/android_xml_v2_formal/multimodel_v2_3_40app/runs/claude_opus_4_8/FocusPodcast--secondary_action--8fbb09bd/raw_baseline
claude_opus_4_8,claude-opus-4-8,anthropic,Pro-Expense--fragment_expense_entry--86101b83,Pro Expense,fragment_expense_entry,1,src-58723f655ec204795151,full_enhanced,1,9,experiments/android_xml_v2_rag/test_v2_1/matrix/frozen_inputs/Pro-Expense--fragment_expense_entry--86101b83,c4f8179df7a845d01877b35eef1695a06e8aa343595b4d550d469c95433805b9,8ba4ba2209035724d1c5c89a03d2ce26e62c5a78add4d393d966a44ccd709aa1,experiments/android_xml_v2_formal/multimodel_v2_3_40app/runs/claude_opus_4_8/Pro-Expense--fragment_expense_entry--86101b83/full_enhanced
claude_opus_4_8,claude-opus-4-8,anthropic,Pro-Expense--fragment_expense_entry--86101b83,Pro Expense,fragment_expense_entry,1,src-58723f655ec204795151,raw_baseline,1,1,experiments/android_xml_v2_rag/test_v2_1/matrix/frozen_inputs/Pro-Expense--fragment_expense_entry--86101b83,c4f8179df7a845d01877b35eef1695a06e8aa343595b4d550d469c95433805b9,ac6a18a6969587fee3160c153e81faf79b9a3f34ee0c3be96a7af9d40367130c,experiments/android_xml_v2_formal/multimodel_v2_3_40app/runs/claude_opus_4_8/Pro-Expense--fragment_expense_entry--86101b83/raw_baseline
claude_opus_4_8,claude-opus-4-8,anthropic,Pro-Expense--fragment_feedback--ee989fa3,Pro Expense,fragment_feedback,1,src-1f3b6ed06f390f31491b,full_enhanced,1,9,experiments/android_xml_v2_rag/test_v2_1/matrix/frozen_inputs/Pro-Expense--fragment_feedback--ee989fa3,fc10a4cf20d02f27da9cf9b54475ec11cec584dd67e698124ff9ebaa248c9f9e,a35b922606cd8d32b66d1b91a4746bb8f1ea57619d3480c79ebc7e89cad13540,experiments/android_xml_v2_formal/multimodel_v2_3_40app/runs/claude_opus_4_8/Pro-Expense--fragment_feedback--ee989fa3/full_enhanced
claude_opus_4_8,claude-opus-4-8,anthropic,Pro-Expense--fragment_feedback--ee989fa3,Pro Expense,fragment_feedback,1,src-1f3b6ed06f390f31491b,raw_baseline,1,1,experiments/android_xml_v2_rag/test_v2_1/matrix/frozen_inputs/Pro-Expense--fragment_feedback--ee989fa3,fc10a4cf20d02f27da9cf9b54475ec11cec584dd67e698124ff9ebaa248c9f9e,f62e3ec9ca860c0f0d7e9403f8566cfa819b1821d57d6979d02ab92a9f8cb819,experiments/android_xml_v2_formal/multimodel_v2_3_40app/runs/claude_opus_4_8/Pro-Expense--fragment_feedback--ee989fa3/raw_baseline
claude_opus_4_8,claude-opus-4-8,anthropic,Delta-Chat--fragment_view_log--bc50c0a8,Delta Chat,fragment_view_log,1,src-571f73295edf104496a0,raw_baseline,1,1,experiments/android_xml_v2_rag/test_v2_1/matrix/frozen_inputs/Delta-Chat--fragment_view_log--bc50c0a8,f813d0322c21b4bebbe3c25bd0ae6f1c513f79fb855344f78bb6194b11b70a59,946fc02a03ee13e5bab2d980aad5517e0eb118207ab3f5c8aefa49bef70f6dcc,experiments/android_xml_v2_formal/multimodel_v2_3_40app/runs/claude_opus_4_8/Delta-Chat--fragment_view_log--bc50c0a8/raw_baseline
claude_opus_4_8,claude-opus-4-8,anthropic,Delta-Chat--fragment_view_log--bc50c0a8,Delta Chat,fragment_view_log,1,src-571f73295edf104496a0,full_enhanced,1,9,experiments/android_xml_v2_rag/test_v2_1/matrix/frozen_inputs/Delta-Chat--fragment_view_log--bc50c0a8,f813d0322c21b4bebbe3c25bd0ae6f1c513f79fb855344f78bb6194b11b70a59,6827c0d3a2b8435c86b64e5ccb5777a3d104990b9bcc05056b0ad24a735c202e,experiments/android_xml_v2_formal/multimodel_v2_3_40app/runs/claude_opus_4_8/Delta-Chat--fragment_view_log--bc50c0a8/full_enhanced
claude_opus_4_8,claude-opus-4-8,anthropic,Delta-Chat--relay_list_item--ab583bad,Delta Chat,relay_list_item,1,src-6a0bd504cc920cfcb3c8,full_enhanced,1,9,experiments/android_xml_v2_rag/test_v2_1/matrix/frozen_inputs/Delta-Chat--relay_list_item--ab583bad,2f7f8f64775562e67fc5d9a3d4dfc96da51953c59c5c99e7397916f1e540999b,cbe0d67e4b9ddbcd5d16e69a3016e95514c57060263a47a5ca0071e95814258e,experiments/android_xml_v2_formal/multimodel_v2_3_40app/runs/claude_opus_4_8/Delta-Chat--relay_list_item--ab583bad/full_enhanced
claude_opus_4_8,claude-opus-4-8,anthropic,Delta-Chat--relay_list_item--ab583bad,Delta Chat,relay_list_item,1,src-6a0bd504cc920cfcb3c8,raw_baseline,1,1,experiments/android_xml_v2_rag/test_v2_1/matrix/frozen_inputs/Delta-Chat--relay_list_item--ab583bad,2f7f8f64775562e67fc5d9a3d4dfc96da51953c59c5c99e7397916f1e540999b,d84eecd08c2d49aeea9d61c8034114cf3c91766c0415b7d5f944e7c3e2a7511c,experiments/android_xml_v2_formal/multimodel_v2_3_40app/runs/claude_opus_4_8/Delta-Chat--relay_list_item--ab583bad/raw_baseline
claude_opus_4_8,claude-opus-4-8,anthropic,DuckDuckGo-Privacy-Browser--component_buttons--84110056,DuckDuckGo Privacy Browser,component_buttons,1,src-f58fe4bdd39f4e206b71,full_enhanced,1,9,experiments/android_xml_v2_rag/test_v2_1/matrix/frozen_inputs/DuckDuckGo-Privacy-Browser--component_buttons--84110056,480b8495c8bece1bf758c36f35f638b7618f603fef5635640b8d162413fcb6a0,285d344cba810bc091966661808ab711be9d4f61ee2304cdbe7f428a603d4e96,experiments/android_xml_v2_formal/multimodel_v2_3_40app/runs/claude_opus_4_8/DuckDuckGo-Privacy-Browser--component_buttons--84110056/full_enhanced
claude_opus_4_8,claude-opus-4-8,anthropic,DuckDuckGo-Privacy-Browser--component_buttons--84110056,DuckDuckGo Privacy Browser,component_buttons,1,src-f58fe4bdd39f4e206b71,raw_baseline,1,1,experiments/android_xml_v2_rag/test_v2_1/matrix/frozen_inputs/DuckDuckGo-Privacy-Browser--component_buttons--84110056,480b8495c8bece1bf758c36f35f638b7618f603fef5635640b8d162413fcb6a0,1d6b8bfc06350db9a93da17b61923a55c8570db82221f7b3a87eed0e691edd72,experiments/android_xml_v2_formal/multimodel_v2_3_40app/runs/claude_opus_4_8/DuckDuckGo-Privacy-Browser--component_buttons--84110056/raw_baseline
claude_opus_4_8,claude-opus-4-8,anthropic,DuckDuckGo-Privacy-Browser--view_dax_dialog--74273f21,DuckDuckGo Privacy Browser,view_dax_dialog,1,src-5d4ed7848cfe2585debc,full_enhanced,1,9,experiments/android_xml_v2_rag/test_v2_1/matrix/frozen_inputs/DuckDuckGo-Privacy-Browser--view_dax_dialog--74273f21,bedec07a6e0a47653c1be7167eccd83e4b5815de27c9f9cab64a22f70d09673e,b1e2292f8b04634b38ceb94eced4f2c0eadaaefd82059a18d49b34dc6e9d5324,experiments/android_xml_v2_formal/multimodel_v2_3_40app/runs/claude_opus_4_8/DuckDuckGo-Privacy-Browser--view_dax_dialog--74273f21/full_enhanced
claude_opus_4_8,claude-opus-4-8,anthropic,DuckDuckGo-Privacy-Browser--view_dax_dialog--74273f21,DuckDuckGo Privacy Browser,view_dax_dialog,1,src-5d4ed7848cfe2585debc,raw_baseline,1,1,experiments/android_xml_v2_rag/test_v2_1/matrix/frozen_inputs/DuckDuckGo-Privacy-Browser--view_dax_dialog--74273f21,bedec07a6e0a47653c1be7167eccd83e4b5815de27c9f9cab64a22f70d09673e,7afaf36b22ca5a1dd9a3453610451a74d0d8fc758cec9fbd1a430185ac6ffced,experiments/android_xml_v2_formal/multimodel_v2_3_40app/runs/claude_opus_4_8/DuckDuckGo-Privacy-Browser--view_dax_dialog--74273f21/raw_baseline
claude_opus_4_8,claude-opus-4-8,anthropic,DuckDuckGo-Privacy-Browser--view_brand_design_address_bar_position_picker--6b929aee,DuckDuckGo Privacy Browser,view_brand_design_address_bar_position_picker,2,src-98f6b50beb992cfca498;src-ca2bc8f709b577774a3b,full_enhanced,1,9,experiments/android_xml_v2_rag/test_v2_1/matrix/frozen_inputs/DuckDuckGo-Privacy-Browser--view_brand_design_address_bar_position_picker--6b929aee,3bcfd6fb90745a4aaa1ecd931067f64a11a1f606c4fcb399f70b7ac9c8524361,7f30d3efea177bd6a05f6ae869b76b0df655d5e5790d2b53f8ea6e1ac07ddb2b,experiments/android_xml_v2_formal/multimodel_v2_3_40app/runs/claude_opus_4_8/DuckDuckGo-Privacy-Browser--view_brand_design_address_bar_position_picker--6b929aee/full_enhanced
claude_opus_4_8,claude-opus-4-8,anthropic,DuckDuckGo-Privacy-Browser--view_brand_design_address_bar_position_picker--6b929aee,DuckDuckGo Privacy Browser,view_brand_design_address_bar_position_picker,2,src-98f6b50beb992cfca498;src-ca2bc8f709b577774a3b,raw_baseline,1,1,experiments/android_xml_v2_rag/test_v2_1/matrix/frozen_inputs/DuckDuckGo-Privacy-Browser--view_brand_design_address_bar_position_picker--6b929aee,3bcfd6fb90745a4aaa1ecd931067f64a11a1f606c4fcb399f70b7ac9c8524361,f1aac7e9e873029227d17c77e9f26cd41236b3b9ca1640926da42d6163599ff2,experiments/android_xml_v2_formal/multimodel_v2_3_40app/runs/claude_opus_4_8/DuckDuckGo-Privacy-Browser--view_brand_design_address_bar_position_picker--6b929aee/raw_baseline
claude_opus_4_8,claude-opus-4-8,anthropic,DuckDuckGo-Privacy-Browser--view_site_protections_toggle--06e42e39,DuckDuckGo Privacy Browser,view_site_protections_toggle,1,src-e7e302defd38125cb8f6,full_enhanced,1,9,experiments/android_xml_v2_rag/test_v2_1/matrix/frozen_inputs/DuckDuckGo-Privacy-Browser--view_site_protections_toggle--06e42e39,821610c53d4f86517324113568f81085270ad01db8ef893481276d10835e6153,6c8db7b07b7b53f7670563c2a334d84ca233114727b4246ec322e5274015840e,experiments/android_xml_v2_formal/multimodel_v2_3_40app/runs/claude_opus_4_8/DuckDuckGo-Privacy-Browser--view_site_protections_toggle--06e42e39/full_enhanced
claude_opus_4_8,claude-opus-4-8,anthropic,DuckDuckGo-Privacy-Browser--view_site_protections_toggle--06e42e39,DuckDuckGo Privacy Browser,view_site_protections_toggle,1,src-e7e302defd38125cb8f6,raw_baseline,1,1,experiments/android_xml_v2_rag/test_v2_1/matrix/frozen_inputs/DuckDuckGo-Privacy-Browser--view_site_protections_toggle--06e42e39,821610c53d4f86517324113568f81085270ad01db8ef893481276d10835e6153,baf16ec8e9db19699aebc186affef2887e32d2f134a8b8fdc675a63177111f51,experiments/android_xml_v2_formal/multimodel_v2_3_40app/runs/claude_opus_4_8/DuckDuckGo-Privacy-Browser--view_site_protections_toggle--06e42e39/raw_baseline
claude_opus_4_8,claude-opus-4-8,anthropic,RGB-Tool--color_list_row--f178b7fa,RGB Tool,color_list_row,1,tgt-c5ed5814ab3517d6bf0d,raw_baseline,1,1,experiments/android_xml_v2_rag/test_v2_1/matrix/frozen_inputs/RGB-Tool--color_list_row--f178b7fa,6b2ea58259ad960dd56ece6077b749a94744d3cf9d43ed41cc4ef319abf00126,3221864a7466484bd50ad5be645d2b7ce5864a411b764206e5a9e3ac64e25733,experiments/android_xml_v2_formal/multimodel_v2_3_40app/runs/claude_opus_4_8/RGB-Tool--color_list_row--f178b7fa/raw_baseline
claude_opus_4_8,claude-opus-4-8,anthropic,RGB-Tool--color_list_row--f178b7fa,RGB Tool,color_list_row,1,tgt-c5ed5814ab3517d6bf0d,full_enhanced,1,9,experiments/android_xml_v2_rag/test_v2_1/matrix/frozen_inputs/RGB-Tool--color_list_row--f178b7fa,6b2ea58259ad960dd56ece6077b749a94744d3cf9d43ed41cc4ef319abf00126,cc777352ce7dce1664c602a0c152b1943688015f22f52f3b438245f430b13059,experiments/android_xml_v2_formal/multimodel_v2_3_40app/runs/claude_opus_4_8/RGB-Tool--color_list_row--f178b7fa/full_enhanced
claude_opus_4_8,claude-opus-4-8,anthropic,XBMC-Remote--remote_xbox--5dfff70d,XBMC Remote,remote_xbox,2,src-1c2bf93ccd3688730f94;src-f0835296969e7aac5bf5,full_enhanced,1,9,experiments/android_xml_v2_rag/test_v2_1/matrix/frozen_inputs/XBMC-Remote--remote_xbox--5dfff70d,98d6c90e56483479fde528562b35065f35be4012a64a91bfff8ce3c9811e62ea,50bf525f6b69c23d38a8d9966d5a2dbddfc6e1b4e7c44bfa566b8daed9772d0e,experiments/android_xml_v2_formal/multimodel_v2_3_40app/runs/claude_opus_4_8/XBMC-Remote--remote_xbox--5dfff70d/full_enhanced
claude_opus_4_8,claude-opus-4-8,anthropic,XBMC-Remote--remote_xbox--5dfff70d,XBMC Remote,remote_xbox,2,src-1c2bf93ccd3688730f94;src-f0835296969e7aac5bf5,raw_baseline,1,1,experiments/android_xml_v2_rag/test_v2_1/matrix/frozen_inputs/XBMC-Remote--remote_xbox--5dfff70d,98d6c90e56483479fde528562b35065f35be4012a64a91bfff8ce3c9811e62ea,0940fed420d918f58c848bbeb91126351595b7d8f2781cb9b0187ba38d5eb505,experiments/android_xml_v2_formal/multimodel_v2_3_40app/runs/claude_opus_4_8/XBMC-Remote--remote_xbox--5dfff70d/raw_baseline
claude_opus_4_8,claude-opus-4-8,anthropic,XBMC-Remote--remote_xbox--d9024394,XBMC Remote,remote_xbox,2,src-4e66b107292d2f8b4efd;src-8e85191a236c436185b9,full_enhanced,1,9,experiments/android_xml_v2_rag/test_v2_1/matrix/frozen_inputs/XBMC-Remote--remote_xbox--d9024394,40dabf6a6c4c49ce94ac232e9930c647c7666b02c760f6e8510497b42baed81b,b6c06bff048c72b1896bcb20a05c17a8bd9b9bd6e33e1d44ca917ebe05f637d5,experiments/android_xml_v2_formal/multimodel_v2_3_40app/runs/claude_opus_4_8/XBMC-Remote--remote_xbox--d9024394/full_enhanced
claude_opus_4_8,claude-opus-4-8,anthropic,XBMC-Remote--remote_xbox--d9024394,XBMC Remote,remote_xbox,2,src-4e66b107292d2f8b4efd;src-8e85191a236c436185b9,raw_baseline,1,1,experiments/android_xml_v2_rag/test_v2_1/matrix/frozen_inputs/XBMC-Remote--remote_xbox--d9024394,40dabf6a6c4c49ce94ac232e9930c647c7666b02c760f6e8510497b42baed81b,81794383aa641ac2eaa1b0c3c5d35114c2b07dde301c4240306c433dae5ce856,experiments/android_xml_v2_formal/multimodel_v2_3_40app/runs/claude_opus_4_8/XBMC-Remote--remote_xbox--d9024394/raw_baseline
claude_opus_4_8,claude-opus-4-8,anthropic,QuickLyric-old--tutorial_4--658229ba,QuickLyric (old),tutorial_4,1,src-c0aa57bb31b6c2c4394c,raw_baseline,1,1,experiments/android_xml_v2_rag/test_v2_1/matrix/frozen_inputs/QuickLyric-old--tutorial_4--658229ba,a2816bccc810f42f2de5ab2814b589e1a0fa61d9247cf6eff7083a22372f460d,97e2caf9f5f00b048f7446d663b6febf2ec00c01137852fc093d3e2576a70aeb,experiments/android_xml_v2_formal/multimodel_v2_3_40app/runs/claude_opus_4_8/QuickLyric-old--tutorial_4--658229ba/raw_baseline
claude_opus_4_8,claude-opus-4-8,anthropic,QuickLyric-old--tutorial_4--658229ba,QuickLyric (old),tutorial_4,1,src-c0aa57bb31b6c2c4394c,full_enhanced,1,9,experiments/android_xml_v2_rag/test_v2_1/matrix/frozen_inputs/QuickLyric-old--tutorial_4--658229ba,a2816bccc810f42f2de5ab2814b589e1a0fa61d9247cf6eff7083a22372f460d,81c1893a3fc033c3b73291104064c46e0b777e90d9530c83ca9592e25b38712d,experiments/android_xml_v2_formal/multimodel_v2_3_40app/runs/claude_opus_4_8/QuickLyric-old--tutorial_4--658229ba/full_enhanced
claude_opus_4_8,claude-opus-4-8,anthropic,FreeOTP-Plus--add--4703c2e2,FreeOTP Plus,add,1,src-c762d03786a160b0d611,full_enhanced,1,9,experiments/android_xml_v2_rag/test_v2_1/matrix/frozen_inputs/FreeOTP-Plus--add--4703c2e2,46457edd73468e8933e59d3423f3619683c079a07454283eceed215f373cc4e3,2f218de0481d1f3c4ac6152a88d5e7466ca806cd580cdce8af3d38e0a979f73b,experiments/android_xml_v2_formal/multimodel_v2_3_40app/runs/claude_opus_4_8/FreeOTP-Plus--add--4703c2e2/full_enhanced
claude_opus_4_8,claude-opus-4-8,anthropic,FreeOTP-Plus--add--4703c2e2,FreeOTP Plus,add,1,src-c762d03786a160b0d611,raw_baseline,1,1,experiments/android_xml_v2_rag/test_v2_1/matrix/frozen_inputs/FreeOTP-Plus--add--4703c2e2,46457edd73468e8933e59d3423f3619683c079a07454283eceed215f373cc4e3,56e4a761f0092b2567538ec501a0b42eedcdec3a26ffbde2f166d3852562d4cd,experiments/android_xml_v2_formal/multimodel_v2_3_40app/runs/claude_opus_4_8/FreeOTP-Plus--add--4703c2e2/raw_baseline
claude_opus_4_8,claude-opus-4-8,anthropic,Smartcoins-Wallet--activity_account--1c78a1cf,Smartcoins Wallet,activity_account,2,src-506f753e45c4ba8941c3;src-daa9fba94cb353897b7e,full_enhanced,1,9,experiments/android_xml_v2_rag/test_v2_1/matrix/frozen_inputs/Smartcoins-Wallet--activity_account--1c78a1cf,373bfccbbc6974a03c2072fa6cee13d18dd6f5615ed48a0a41029372d28b3f8b,582e17bbcf5b105aa70969f2516f7ffc1f4b2cfce30233995d93733c8b991a56,experiments/android_xml_v2_formal/multimodel_v2_3_40app/runs/claude_opus_4_8/Smartcoins-Wallet--activity_account--1c78a1cf/full_enhanced
claude_opus_4_8,claude-opus-4-8,anthropic,Smartcoins-Wallet--activity_account--1c78a1cf,Smartcoins Wallet,activity_account,2,src-506f753e45c4ba8941c3;src-daa9fba94cb353897b7e,raw_baseline,1,1,experiments/android_xml_v2_rag/test_v2_1/matrix/frozen_inputs/Smartcoins-Wallet--activity_account--1c78a1cf,373bfccbbc6974a03c2072fa6cee13d18dd6f5615ed48a0a41029372d28b3f8b,b4b684407e2d034993b8a24a78a360bdb753fac1a8c3f8b2a8958244bae5ce4a,experiments/android_xml_v2_formal/multimodel_v2_3_40app/runs/claude_opus_4_8/Smartcoins-Wallet--activity_account--1c78a1cf/raw_baseline
claude_opus_4_8,claude-opus-4-8,anthropic,Smartcoins-Wallet--activity_backup_brainkey--cf93ad40,Smartcoins Wallet,activity_backup_brainkey,1,src-d0c0bc0a1184312329a2,full_enhanced,1,9,experiments/android_xml_v2_rag/test_v2_1/matrix/frozen_inputs/Smartcoins-Wallet--activity_backup_brainkey--cf93ad40,c8ec83a2e2a249e403a79ac12f686646fb48abf57ca10e455dcd2e462c04df58,1d799c8dd9763c7f2b959ed7ab0dc02dd2d08bc3a4f50ff262dc13e219bae650,experiments/android_xml_v2_formal/multimodel_v2_3_40app/runs/claude_opus_4_8/Smartcoins-Wallet--activity_backup_brainkey--cf93ad40/full_enhanced
claude_opus_4_8,claude-opus-4-8,anthropic,Smartcoins-Wallet--activity_backup_brainkey--cf93ad40,Smartcoins Wallet,activity_backup_brainkey,1,src-d0c0bc0a1184312329a2,raw_baseline,1,1,experiments/android_xml_v2_rag/test_v2_1/matrix/frozen_inputs/Smartcoins-Wallet--activity_backup_brainkey--cf93ad40,c8ec83a2e2a249e403a79ac12f686646fb48abf57ca10e455dcd2e462c04df58,cf49706d7e04d861e5d05fa9c862ce7eddaff2b790333a427748985bd33d5b69,experiments/android_xml_v2_formal/multimodel_v2_3_40app/runs/claude_opus_4_8/Smartcoins-Wallet--activity_backup_brainkey--cf93ad40/raw_baseline
claude_opus_4_8,claude-opus-4-8,anthropic,Smartcoins-Wallet--add_contacts--f5704558,Smartcoins Wallet,add_contacts,1,src-32afa7827d519dec01c9,full_enhanced,1,9,experiments/android_xml_v2_rag/test_v2_1/matrix/frozen_inputs/Smartcoins-Wallet--add_contacts--f5704558,e3a9be3463a16b94d5431bfaaf2821868b1f6fe0e351fdaeb25886bd02c35e4e,6ad5dad07ab8514f51b10f53487dc5aa2dd8413e31e91a71bc6e5f03fae17069,experiments/android_xml_v2_formal/multimodel_v2_3_40app/runs/claude_opus_4_8/Smartcoins-Wallet--add_contacts--f5704558/full_enhanced
claude_opus_4_8,claude-opus-4-8,anthropic,Smartcoins-Wallet--add_contacts--f5704558,Smartcoins Wallet,add_contacts,1,src-32afa7827d519dec01c9,raw_baseline,1,1,experiments/android_xml_v2_rag/test_v2_1/matrix/frozen_inputs/Smartcoins-Wallet--add_contacts--f5704558,e3a9be3463a16b94d5431bfaaf2821868b1f6fe0e351fdaeb25886bd02c35e4e,3f586cbb4ff283349943ac5379e3af598b98023ef1d84b507d8aee2722d7d794,experiments/android_xml_v2_formal/multimodel_v2_3_40app/runs/claude_opus_4_8/Smartcoins-Wallet--add_contacts--f5704558/raw_baseline
claude_opus_4_8,claude-opus-4-8,anthropic,Smartcoins-Wallet--content_setting--3b80baa2,Smartcoins Wallet,content_setting,2,src-665cf5c55637058d0158;src-d6237db8b5b1dc4626bd,raw_baseline,1,1,experiments/android_xml_v2_rag/test_v2_1/matrix/frozen_inputs/Smartcoins-Wallet--content_setting--3b80baa2,c47e813a8a2f5da56140092cb8502dba4aaaafab8500674acc68f48711ba991f,92c08f15ec8f0527b29f9405500b505c5a3ec6f28ca3c2b6b255d08487013127,experiments/android_xml_v2_formal/multimodel_v2_3_40app/runs/claude_opus_4_8/Smartcoins-Wallet--content_setting--3b80baa2/raw_baseline
claude_opus_4_8,claude-opus-4-8,anthropic,Smartcoins-Wallet--content_setting--3b80baa2,Smartcoins Wallet,content_setting,2,src-665cf5c55637058d0158;src-d6237db8b5b1dc4626bd,full_enhanced,1,9,experiments/android_xml_v2_rag/test_v2_1/matrix/frozen_inputs/Smartcoins-Wallet--content_setting--3b80baa2,c47e813a8a2f5da56140092cb8502dba4aaaafab8500674acc68f48711ba991f,2b8246378b850ef6f60cc211836a1994258f3cd18287c83dbb5a4ee295db0437,experiments/android_xml_v2_formal/multimodel_v2_3_40app/runs/claude_opus_4_8/Smartcoins-Wallet--content_setting--3b80baa2/full_enhanced
claude_opus_4_8,claude-opus-4-8,anthropic,MyExpenses--calculator--9f8c6427,MyExpenses,calculator,2,src-391e412506f3d385b5f8;src-57b5a6f5e62e6d25f5d8,raw_baseline,1,1,experiments/android_xml_v2_rag/test_v2_1/matrix/frozen_inputs/MyExpenses--calculator--9f8c6427,49eb2e0527434946ba1d0b1ed3b8f2909e43c806323f3286e64100d566f84fc8,a8d450d1fa19ecc0b766b32a13b9e96ffb02aa34ff8793cdb247695edd01df93,experiments/android_xml_v2_formal/multimodel_v2_3_40app/runs/claude_opus_4_8/MyExpenses--calculator--9f8c6427/raw_baseline
claude_opus_4_8,claude-opus-4-8,anthropic,MyExpenses--calculator--9f8c6427,MyExpenses,calculator,2,src-391e412506f3d385b5f8;src-57b5a6f5e62e6d25f5d8,full_enhanced,1,9,experiments/android_xml_v2_rag/test_v2_1/matrix/frozen_inputs/MyExpenses--calculator--9f8c6427,49eb2e0527434946ba1d0b1ed3b8f2909e43c806323f3286e64100d566f84fc8,c16752c8f93e0b5bf8fb785e0befc29ed5a0063601728adc6e2f83dfd47661bd,experiments/android_xml_v2_formal/multimodel_v2_3_40app/runs/claude_opus_4_8/MyExpenses--calculator--9f8c6427/full_enhanced
claude_opus_4_8,claude-opus-4-8,anthropic,MyExpenses--amount_edittext--cba24c96,MyExpenses,amount_edittext,1,src-2b9b18c2cd3ebea1904c,full_enhanced,1,9,experiments/android_xml_v2_rag/test_v2_1/matrix/frozen_inputs/MyExpenses--amount_edittext--cba24c96,6efad988d65389c85c4d3c05ec87678c550ea22a34d5c33a062a526aa930348b,593938784f5c0c3c5d5a0e6d0ac65962d17b026c355993e2bf9a8f271a3849a3,experiments/android_xml_v2_formal/multimodel_v2_3_40app/runs/claude_opus_4_8/MyExpenses--amount_edittext--cba24c96/full_enhanced
claude_opus_4_8,claude-opus-4-8,anthropic,MyExpenses--amount_edittext--cba24c96,MyExpenses,amount_edittext,1,src-2b9b18c2cd3ebea1904c,raw_baseline,1,1,experiments/android_xml_v2_rag/test_v2_1/matrix/frozen_inputs/MyExpenses--amount_edittext--cba24c96,6efad988d65389c85c4d3c05ec87678c550ea22a34d5c33a062a526aa930348b,db903b81d27495505962593ef251a25f302da64208d39deb219f94be20cd4cf4,experiments/android_xml_v2_formal/multimodel_v2_3_40app/runs/claude_opus_4_8/MyExpenses--amount_edittext--cba24c96/raw_baseline
claude_opus_4_8,claude-opus-4-8,anthropic,MyExpenses--contrib_dialog--9e244564,MyExpenses,contrib_dialog,1,src-5f4f37669f951565b390,full_enhanced,1,9,experiments/android_xml_v2_rag/test_v2_1/matrix/frozen_inputs/MyExpenses--contrib_dialog--9e244564,4a91995d626aa9973e85ec211352ee05e20c5eca0723db565f4dc68793e70479,a1b3af93a3e2086a20b2f68c4769c0a6d488b5ff2b4e7ee6a107df8de1b1e805,experiments/android_xml_v2_formal/multimodel_v2_3_40app/runs/claude_opus_4_8/MyExpenses--contrib_dialog--9e244564/full_enhanced
claude_opus_4_8,claude-opus-4-8,anthropic,MyExpenses--contrib_dialog--9e244564,MyExpenses,contrib_dialog,1,src-5f4f37669f951565b390,raw_baseline,1,1,experiments/android_xml_v2_rag/test_v2_1/matrix/frozen_inputs/MyExpenses--contrib_dialog--9e244564,4a91995d626aa9973e85ec211352ee05e20c5eca0723db565f4dc68793e70479,ef634add6d8df8e5c115216ad732570bbe31f78f642df9d5b68bfabcfde1bd60,experiments/android_xml_v2_formal/multimodel_v2_3_40app/runs/claude_opus_4_8/MyExpenses--contrib_dialog--9e244564/raw_baseline
claude_opus_4_8,claude-opus-4-8,anthropic,MyExpenses--date_format--11db5eda,MyExpenses,date_format,1,src-c28a14146817e04cff8f,raw_baseline,1,1,experiments/android_xml_v2_rag/test_v2_1/matrix/frozen_inputs/MyExpenses--date_format--11db5eda,e83bf2b6b5a1a1d01b9662220317d576fb0af22f3508bf7741739e8fca6191eb,e5ff74b1f8b4964ead8db2b18135a6c1e4512f1ec3a195ce1f056a8b48a3b1a7,experiments/android_xml_v2_formal/multimodel_v2_3_40app/runs/claude_opus_4_8/MyExpenses--date_format--11db5eda/raw_baseline
claude_opus_4_8,claude-opus-4-8,anthropic,MyExpenses--date_format--11db5eda,MyExpenses,date_format,1,src-c28a14146817e04cff8f,full_enhanced,1,9,experiments/android_xml_v2_rag/test_v2_1/matrix/frozen_inputs/MyExpenses--date_format--11db5eda,e83bf2b6b5a1a1d01b9662220317d576fb0af22f3508bf7741739e8fca6191eb,fea6944cfe370d1675d9075def2f09252e094b3192b4e978291eb5849dbdbc20,experiments/android_xml_v2_formal/multimodel_v2_3_40app/runs/claude_opus_4_8/MyExpenses--date_format--11db5eda/full_enhanced
claude_opus_4_8,claude-opus-4-8,anthropic,MyExpenses--method_row--2255ba38,MyExpenses,method_row,1,src-1fe915443e0b76465f83,raw_baseline,1,1,experiments/android_xml_v2_rag/test_v2_1/matrix/frozen_inputs/MyExpenses--method_row--2255ba38,9a2a872fe9af7388708398be23f680bf29057b24089ace27d580834d3b4020c2,76ce09814da1fe3e81c757ffde656223fa9ed2d9f27b246a6476a85096433541,experiments/android_xml_v2_formal/multimodel_v2_3_40app/runs/claude_opus_4_8/MyExpenses--method_row--2255ba38/raw_baseline
claude_opus_4_8,claude-opus-4-8,anthropic,MyExpenses--method_row--2255ba38,MyExpenses,method_row,1,src-1fe915443e0b76465f83,full_enhanced,1,9,experiments/android_xml_v2_rag/test_v2_1/matrix/frozen_inputs/MyExpenses--method_row--2255ba38,9a2a872fe9af7388708398be23f680bf29057b24089ace27d580834d3b4020c2,40c850dbff214330cbedeb5f8b78593bc2eed91d3e477805bb200fb71e169837,experiments/android_xml_v2_formal/multimodel_v2_3_40app/runs/claude_opus_4_8/MyExpenses--method_row--2255ba38/full_enhanced
claude_opus_4_8,claude-opus-4-8,anthropic,MyExpenses--onboarding_wizzard_ui--3939db99,MyExpenses,onboarding_wizzard_ui,1,src-7ad473722e798a917f7f,full_enhanced,1,9,experiments/android_xml_v2_rag/test_v2_1/matrix/frozen_inputs/MyExpenses--onboarding_wizzard_ui--3939db99,bb89d093418abecd77cce539f65e9e992f828946c5a346cd092e1ced8b371864,68e5245ea7f026f508cf8284aa4d0b4ce42c0cb5ca20252879931a5790409105,experiments/android_xml_v2_formal/multimodel_v2_3_40app/runs/claude_opus_4_8/MyExpenses--onboarding_wizzard_ui--3939db99/full_enhanced
claude_opus_4_8,claude-opus-4-8,anthropic,MyExpenses--onboarding_wizzard_ui--3939db99,MyExpenses,onboarding_wizzard_ui,1,src-7ad473722e798a917f7f,raw_baseline,1,1,experiments/android_xml_v2_rag/test_v2_1/matrix/frozen_inputs/MyExpenses--onboarding_wizzard_ui--3939db99,bb89d093418abecd77cce539f65e9e992f828946c5a346cd092e1ced8b371864,cbe5358855e326853a2ecf2ecd40d2e73da5c5c69e01656c6beed1cd6ecdc19d,experiments/android_xml_v2_formal/multimodel_v2_3_40app/runs/claude_opus_4_8/MyExpenses--onboarding_wizzard_ui--3939db99/raw_baseline
claude_opus_4_8,claude-opus-4-8,anthropic,MyExpenses--one_account--b31188a1,MyExpenses,one_account,1,src-ed9d17d2b0a353916b69,raw_baseline,1,1,experiments/android_xml_v2_rag/test_v2_1/matrix/frozen_inputs/MyExpenses--one_account--b31188a1,cd3e38a921c5632dbf85ad17988d68d2587fa334f453b4e4e9566fef09b70e3a,5f4b42966c7edfc31560f783a5aeac7566075d4106f54bc190efa5119eb85b7c,experiments/android_xml_v2_formal/multimodel_v2_3_40app/runs/claude_opus_4_8/MyExpenses--one_account--b31188a1/raw_baseline
claude_opus_4_8,claude-opus-4-8,anthropic,MyExpenses--one_account--b31188a1,MyExpenses,one_account,1,src-ed9d17d2b0a353916b69,full_enhanced,1,9,experiments/android_xml_v2_rag/test_v2_1/matrix/frozen_inputs/MyExpenses--one_account--b31188a1,cd3e38a921c5632dbf85ad17988d68d2587fa334f453b4e4e9566fef09b70e3a,8c5ea0df1d3ed2d5b8af361d3f694abe5c8c5a1128b53c26ffe7db766f52b7c8,experiments/android_xml_v2_formal/multimodel_v2_3_40app/runs/claude_opus_4_8/MyExpenses--one_account--b31188a1/full_enhanced
claude_opus_4_8,claude-opus-4-8,anthropic,MyExpenses--package_container--a84ce06a,MyExpenses,package_container,1,src-8ac5c82640115056fb76,full_enhanced,1,9,experiments/android_xml_v2_rag/test_v2_1/matrix/frozen_inputs/MyExpenses--package_container--a84ce06a,5a404c51f467cbbc9277491a1f9bf3074e3af74e4984c07e9f01ab76a91d2ae1,fcca0281aadbfb35fbcd53c18d24bf108d63b91d9da92c376e0fb9c829690d2c,experiments/android_xml_v2_formal/multimodel_v2_3_40app/runs/claude_opus_4_8/MyExpenses--package_container--a84ce06a/full_enhanced
claude_opus_4_8,claude-opus-4-8,anthropic,MyExpenses--package_container--a84ce06a,MyExpenses,package_container,1,src-8ac5c82640115056fb76,raw_baseline,1,1,experiments/android_xml_v2_rag/test_v2_1/matrix/frozen_inputs/MyExpenses--package_container--a84ce06a,5a404c51f467cbbc9277491a1f9bf3074e3af74e4984c07e9f01ab76a91d2ae1,5bdf64b218eb2c70a7773f880136230686ee1ce93ae7f469efe0c7c0ba16ed8b,experiments/android_xml_v2_formal/multimodel_v2_3_40app/runs/claude_opus_4_8/MyExpenses--package_container--a84ce06a/raw_baseline
claude_opus_4_8,claude-opus-4-8,anthropic,Session--activity_appearance_settings--eaff7c46,Session,activity_appearance_settings,2,src-9f91394382d708c124e6;src-bb53f766e21438488b82,raw_baseline,1,1,experiments/android_xml_v2_rag/test_v2_1/matrix/frozen_inputs/Session--activity_appearance_settings--eaff7c46,cb250c8bcb72649fcf245c3bf26f8440598f2494616d27c03e23e2a992077759,9ed3e28269df6c0f78a4f8e5e27752cbc8f356f711686eeef1ee413cd625146e,experiments/android_xml_v2_formal/multimodel_v2_3_40app/runs/claude_opus_4_8/Session--activity_appearance_settings--eaff7c46/raw_baseline
claude_opus_4_8,claude-opus-4-8,anthropic,Session--activity_appearance_settings--eaff7c46,Session,activity_appearance_settings,2,src-9f91394382d708c124e6;src-bb53f766e21438488b82,full_enhanced,1,9,experiments/android_xml_v2_rag/test_v2_1/matrix/frozen_inputs/Session--activity_appearance_settings--eaff7c46,cb250c8bcb72649fcf245c3bf26f8440598f2494616d27c03e23e2a992077759,09b426b194f893217e9fb87c4fef699bcc6628d1a718cc0707099195069905f2,experiments/android_xml_v2_formal/multimodel_v2_3_40app/runs/claude_opus_4_8/Session--activity_appearance_settings--eaff7c46/full_enhanced
claude_opus_4_8,claude-opus-4-8,anthropic,Authorizer--activity_otp_add--15f9cf7f,Authorizer,activity_otp_add,1,src-4dd685ae893ba377435d,full_enhanced,1,9,experiments/android_xml_v2_rag/test_v2_1/matrix/frozen_inputs/Authorizer--activity_otp_add--15f9cf7f,525d71993d7646f8fb112a561beefcc5fef0270d951526f60e030f99e48ad375,9cb80181e25c7dd475e004285d3537a222705558f73023cc96ab12538e972a4a,experiments/android_xml_v2_formal/multimodel_v2_3_40app/runs/claude_opus_4_8/Authorizer--activity_otp_add--15f9cf7f/full_enhanced
claude_opus_4_8,claude-opus-4-8,anthropic,Authorizer--activity_otp_add--15f9cf7f,Authorizer,activity_otp_add,1,src-4dd685ae893ba377435d,raw_baseline,1,1,experiments/android_xml_v2_rag/test_v2_1/matrix/frozen_inputs/Authorizer--activity_otp_add--15f9cf7f,525d71993d7646f8fb112a561beefcc5fef0270d951526f60e030f99e48ad375,f93c939956087beb1d657e09ce15f6d77fc231532ceb76d4ae3cc19091109ebd,experiments/android_xml_v2_formal/multimodel_v2_3_40app/runs/claude_opus_4_8/Authorizer--activity_otp_add--15f9cf7f/raw_baseline
claude_opus_4_8,claude-opus-4-8,anthropic,Authorizer--fragment_bluetooth--8c622489,Authorizer,fragment_bluetooth,2,src-449d769b894491cf1fe1;src-aaf4ba9e46c3e931a272,raw_baseline,1,1,experiments/android_xml_v2_rag/test_v2_1/matrix/frozen_inputs/Authorizer--fragment_bluetooth--8c622489,0ce5aac45de2fe565199ae1ffca5ae371d087f6375022f2ba657f150420561d9,3883de964c655272b2085e93df2c4b3ab868aaf877728001cd85c7781be3fc4c,experiments/android_xml_v2_formal/multimodel_v2_3_40app/runs/claude_opus_4_8/Authorizer--fragment_bluetooth--8c622489/raw_baseline
claude_opus_4_8,claude-opus-4-8,anthropic,Authorizer--fragment_bluetooth--8c622489,Authorizer,fragment_bluetooth,2,src-449d769b894491cf1fe1;src-aaf4ba9e46c3e931a272,full_enhanced,1,9,experiments/android_xml_v2_rag/test_v2_1/matrix/frozen_inputs/Authorizer--fragment_bluetooth--8c622489,0ce5aac45de2fe565199ae1ffca5ae371d087f6375022f2ba657f150420561d9,a0188d3780d9dd97ca1a389c6897c3b3d487b7e957762cf2e79a9a14e3d271dc,experiments/android_xml_v2_formal/multimodel_v2_3_40app/runs/claude_opus_4_8/Authorizer--fragment_bluetooth--8c622489/full_enhanced
claude_opus_4_8,claude-opus-4-8,anthropic,ch.threema.app.libre--activity_notifications--b109b57d,ch.threema.app.libre,activity_notifications,1,src-3f04d2cf94c52c8f5398,full_enhanced,1,9,experiments/android_xml_v2_rag/test_v2_1/matrix/frozen_inputs/ch.threema.app.libre--activity_notifications--b109b57d,b851ea49d81e4916504e704a4839edcb7c7676113d8a776ebfdafb722d8e33bb,74819c1c47ef665f8ca820d94b60f1cc1051fcfeab71389630f24d118e070ed9,experiments/android_xml_v2_formal/multimodel_v2_3_40app/runs/claude_opus_4_8/ch.threema.app.libre--activity_notifications--b109b57d/full_enhanced
claude_opus_4_8,claude-opus-4-8,anthropic,ch.threema.app.libre--activity_notifications--b109b57d,ch.threema.app.libre,activity_notifications,1,src-3f04d2cf94c52c8f5398,raw_baseline,1,1,experiments/android_xml_v2_rag/test_v2_1/matrix/frozen_inputs/ch.threema.app.libre--activity_notifications--b109b57d,b851ea49d81e4916504e704a4839edcb7c7676113d8a776ebfdafb722d8e33bb,4c6ce343f8c9994a316b77269540922aac0bf4e28de48a4a75f80528127270ae,experiments/android_xml_v2_formal/multimodel_v2_3_40app/runs/claude_opus_4_8/ch.threema.app.libre--activity_notifications--b109b57d/raw_baseline
claude_opus_4_8,claude-opus-4-8,anthropic,ch.threema.app.libre--activity_sessions_intro--e6a3b705,ch.threema.app.libre,activity_sessions_intro,1,src-9601d3bc7f5d10aaa891,raw_baseline,1,1,experiments/android_xml_v2_rag/test_v2_1/matrix/frozen_inputs/ch.threema.app.libre--activity_sessions_intro--e6a3b705,b888e84da94e80635bbd7f9dcb256bd8350b094cd35a996dc3b45bc216ccaf10,68226088fbc5c0e3ccbcf413e012f876d4887744036b9c3306e6794bd8e3a336,experiments/android_xml_v2_formal/multimodel_v2_3_40app/runs/claude_opus_4_8/ch.threema.app.libre--activity_sessions_intro--e6a3b705/raw_baseline
claude_opus_4_8,claude-opus-4-8,anthropic,ch.threema.app.libre--activity_sessions_intro--e6a3b705,ch.threema.app.libre,activity_sessions_intro,1,src-9601d3bc7f5d10aaa891,full_enhanced,1,9,experiments/android_xml_v2_rag/test_v2_1/matrix/frozen_inputs/ch.threema.app.libre--activity_sessions_intro--e6a3b705,b888e84da94e80635bbd7f9dcb256bd8350b094cd35a996dc3b45bc216ccaf10,b8bbcd311b3c5ce6e59d42751a05a491b9509f016a50ce66f6a0a68887a80118,experiments/android_xml_v2_formal/multimodel_v2_3_40app/runs/claude_opus_4_8/ch.threema.app.libre--activity_sessions_intro--e6a3b705/full_enhanced
claude_opus_4_8,claude-opus-4-8,anthropic,ch.threema.app.libre--activity_wizard_restore_id--5ee0f5bc,ch.threema.app.libre,activity_wizard_restore_id,1,src-f129415c5d1fd0b762c5,full_enhanced,1,9,experiments/android_xml_v2_rag/test_v2_1/matrix/frozen_inputs/ch.threema.app.libre--activity_wizard_restore_id--5ee0f5bc,cd1b21ca6e98ebaeb98337a0bc48eaa2676066445584a2349d895e5957b5b404,c03847ba5ff1fce14d800257f94b48ae3050b9388bddec9313f7fc8837482f7a,experiments/android_xml_v2_formal/multimodel_v2_3_40app/runs/claude_opus_4_8/ch.threema.app.libre--activity_wizard_restore_id--5ee0f5bc/full_enhanced
claude_opus_4_8,claude-opus-4-8,anthropic,ch.threema.app.libre--activity_wizard_restore_id--5ee0f5bc,ch.threema.app.libre,activity_wizard_restore_id,1,src-f129415c5d1fd0b762c5,raw_baseline,1,1,experiments/android_xml_v2_rag/test_v2_1/matrix/frozen_inputs/ch.threema.app.libre--activity_wizard_restore_id--5ee0f5bc,cd1b21ca6e98ebaeb98337a0bc48eaa2676066445584a2349d895e5957b5b404,6a494941cade7b66905d8d7ac8b04e1bac0c66734e5842378f5227ea0f1dc6f0,experiments/android_xml_v2_formal/multimodel_v2_3_40app/runs/claude_opus_4_8/ch.threema.app.libre--activity_wizard_restore_id--5ee0f5bc/raw_baseline
claude_opus_4_8,claude-opus-4-8,anthropic,ch.threema.app.libre--dialog_new_contact--7b8bd4fe,ch.threema.app.libre,dialog_new_contact,1,src-d1c25b418a1f7ed45e0d,full_enhanced,1,9,experiments/android_xml_v2_rag/test_v2_1/matrix/frozen_inputs/ch.threema.app.libre--dialog_new_contact--7b8bd4fe,72f99b4859bd4cea72668f5c8cbc75c47d21704ad7008600815f3747d2298c05,bd44f09df281ba466975ec51e53109a6f7e93de53897d9906af1060bd42a7788,experiments/android_xml_v2_formal/multimodel_v2_3_40app/runs/claude_opus_4_8/ch.threema.app.libre--dialog_new_contact--7b8bd4fe/full_enhanced
claude_opus_4_8,claude-opus-4-8,anthropic,ch.threema.app.libre--dialog_new_contact--7b8bd4fe,ch.threema.app.libre,dialog_new_contact,1,src-d1c25b418a1f7ed45e0d,raw_baseline,1,1,experiments/android_xml_v2_rag/test_v2_1/matrix/frozen_inputs/ch.threema.app.libre--dialog_new_contact--7b8bd4fe,72f99b4859bd4cea72668f5c8cbc75c47d21704ad7008600815f3747d2298c05,09a6522b64ab92751fc92680c4f126e36448cdc2b565468afc2e79ba2a7004dd,experiments/android_xml_v2_formal/multimodel_v2_3_40app/runs/claude_opus_4_8/ch.threema.app.libre--dialog_new_contact--7b8bd4fe/raw_baseline
claude_opus_4_8,claude-opus-4-8,anthropic,ch.threema.app.libre--fragment_wizard3--e03056b4,ch.threema.app.libre,fragment_wizard3,1,src-07f8989c0bc39001ddb7,full_enhanced,1,9,experiments/android_xml_v2_rag/test_v2_1/matrix/frozen_inputs/ch.threema.app.libre--fragment_wizard3--e03056b4,2d2973c73dceb8e0e04582e4ec42f0821bbd7adbc4a2775812e1e42feeb4c8b4,12b41d3c440857680bbf10a9042e5caa9ca204bf80982c7c4ee98d72f6ba862d,experiments/android_xml_v2_formal/multimodel_v2_3_40app/runs/claude_opus_4_8/ch.threema.app.libre--fragment_wizard3--e03056b4/full_enhanced
claude_opus_4_8,claude-opus-4-8,anthropic,ch.threema.app.libre--fragment_wizard3--e03056b4,ch.threema.app.libre,fragment_wizard3,1,src-07f8989c0bc39001ddb7,raw_baseline,1,1,experiments/android_xml_v2_rag/test_v2_1/matrix/frozen_inputs/ch.threema.app.libre--fragment_wizard3--e03056b4,2d2973c73dceb8e0e04582e4ec42f0821bbd7adbc4a2775812e1e42feeb4c8b4,246708cfd37c6b4f36106f22a63059fb900bce8fb23a80efd42e913b1bb3d786,experiments/android_xml_v2_formal/multimodel_v2_3_40app/runs/claude_opus_4_8/ch.threema.app.libre--fragment_wizard3--e03056b4/raw_baseline
claude_opus_4_8,claude-opus-4-8,anthropic,Simple-sms-remote--content_module_settings_grant_phone_remotely--75ead28b,Simple sms remote,content_module_settings_grant_phone_remotely,2,src-4bc126a67079b7fac6ba;src-c241a18305d43969568c,full_enhanced,1,9,experiments/android_xml_v2_rag/test_v2_1/matrix/frozen_inputs/Simple-sms-remote--content_module_settings_grant_phone_remotely--75ead28b,7b02f978bc51d04ddcb2ed36681b585a826385d101625aa7eb11950816e0cb91,e8642f2a4072ce9ffc1a3454c117ff020e1a82c40c25c128c9a1c3091313ebcc,experiments/android_xml_v2_formal/multimodel_v2_3_40app/runs/claude_opus_4_8/Simple-sms-remote--content_module_settings_grant_phone_remotely--75ead28b/full_enhanced
claude_opus_4_8,claude-opus-4-8,anthropic,Simple-sms-remote--content_module_settings_grant_phone_remotely--75ead28b,Simple sms remote,content_module_settings_grant_phone_remotely,2,src-4bc126a67079b7fac6ba;src-c241a18305d43969568c,raw_baseline,1,1,experiments/android_xml_v2_rag/test_v2_1/matrix/frozen_inputs/Simple-sms-remote--content_module_settings_grant_phone_remotely--75ead28b,7b02f978bc51d04ddcb2ed36681b585a826385d101625aa7eb11950816e0cb91,23bae46a6dfa80c8942bb7a246df6f7d34e2ad257291802cfb5b06a5f42c8b43,experiments/android_xml_v2_formal/multimodel_v2_3_40app/runs/claude_opus_4_8/Simple-sms-remote--content_module_settings_grant_phone_remotely--75ead28b/raw_baseline
claude_opus_4_8,claude-opus-4-8,anthropic,Gear-Shift--replace_tracker_dialog--230bc8b7,Gear Shift,replace_tracker_dialog,1,src-124763fee7a0cbf2b09e,full_enhanced,1,9,experiments/android_xml_v2_rag/test_v2_1/matrix/frozen_inputs/Gear-Shift--replace_tracker_dialog--230bc8b7,8ea4119ce1c7bb036387a1825d7f5a7de6c47f3fc6332e905b1c12df357c0add,3cfab9f1052c60a71220aca8f26835afb2b5ddbd0073786f1ae2544e5decbec9,experiments/android_xml_v2_formal/multimodel_v2_3_40app/runs/claude_opus_4_8/Gear-Shift--replace_tracker_dialog--230bc8b7/full_enhanced
claude_opus_4_8,claude-opus-4-8,anthropic,Gear-Shift--replace_tracker_dialog--230bc8b7,Gear Shift,replace_tracker_dialog,1,src-124763fee7a0cbf2b09e,raw_baseline,1,1,experiments/android_xml_v2_rag/test_v2_1/matrix/frozen_inputs/Gear-Shift--replace_tracker_dialog--230bc8b7,8ea4119ce1c7bb036387a1825d7f5a7de6c47f3fc6332e905b1c12df357c0add,6d4186afcc62ddca9f895d81b5fce2bb86d9287ef1b72d4e1f70d1c4da3808a0,experiments/android_xml_v2_formal/multimodel_v2_3_40app/runs/claude_opus_4_8/Gear-Shift--replace_tracker_dialog--230bc8b7/raw_baseline
claude_opus_4_8,claude-opus-4-8,anthropic,Gear-Shift--transmission_session_bandwidth--623a6cc9,Gear Shift,transmission_session_bandwidth,2,src-02e88f1b6a134336a6f2;src-fb6a216031d5a3c31e86,full_enhanced,1,9,experiments/android_xml_v2_rag/test_v2_1/matrix/frozen_inputs/Gear-Shift--transmission_session_bandwidth--623a6cc9,cc7d91002aaaf66d9a6f667977ca5a2eb6417c035695cc765ac0563bee4df330,bbbb5b5eab408db4d36d1c1e01aebda71f32f2a95c075782d46bbd7f05f7df62,experiments/android_xml_v2_formal/multimodel_v2_3_40app/runs/claude_opus_4_8/Gear-Shift--transmission_session_bandwidth--623a6cc9/full_enhanced
claude_opus_4_8,claude-opus-4-8,anthropic,Gear-Shift--transmission_session_bandwidth--623a6cc9,Gear Shift,transmission_session_bandwidth,2,src-02e88f1b6a134336a6f2;src-fb6a216031d5a3c31e86,raw_baseline,1,1,experiments/android_xml_v2_rag/test_v2_1/matrix/frozen_inputs/Gear-Shift--transmission_session_bandwidth--623a6cc9,cc7d91002aaaf66d9a6f667977ca5a2eb6417c035695cc765ac0563bee4df330,7fefaa83183103ea6ff0947bb6e4c8e8942d0c2723df99731bcfa445e54e9edb,experiments/android_xml_v2_formal/multimodel_v2_3_40app/runs/claude_opus_4_8/Gear-Shift--transmission_session_bandwidth--623a6cc9/raw_baseline
claude_opus_4_8,claude-opus-4-8,anthropic,Gear-Shift--transmission_session_connections--bd5be400,Gear Shift,transmission_session_connections,1,src-28435fae69ea5e480fe6,full_enhanced,1,9,experiments/android_xml_v2_rag/test_v2_1/matrix/frozen_inputs/Gear-Shift--transmission_session_connections--bd5be400,5eb209d8fe42bfaac79d0f682d1f1dec5069bea4d7781394c3deb6a548f9e8c4,f69da403062be6245deb3b62504bcdb7955535abed20b607f093c14470a666f3,experiments/android_xml_v2_formal/multimodel_v2_3_40app/runs/claude_opus_4_8/Gear-Shift--transmission_session_connections--bd5be400/full_enhanced
claude_opus_4_8,claude-opus-4-8,anthropic,Gear-Shift--transmission_session_connections--bd5be400,Gear Shift,transmission_session_connections,1,src-28435fae69ea5e480fe6,raw_baseline,1,1,experiments/android_xml_v2_rag/test_v2_1/matrix/frozen_inputs/Gear-Shift--transmission_session_connections--bd5be400,5eb209d8fe42bfaac79d0f682d1f1dec5069bea4d7781394c3deb6a548f9e8c4,7777f00c0fc68db34463ece3771067dce6281e7a55ae04c7bdce0d7e3ede653f,experiments/android_xml_v2_formal/multimodel_v2_3_40app/runs/claude_opus_4_8/Gear-Shift--transmission_session_connections--bd5be400/raw_baseline
claude_opus_4_8,claude-opus-4-8,anthropic,Mindfulness-Meditation--list_item_downloadable--1ff893ab,Mindfulness Meditation,list_item_downloadable,1,src-6f73c3e24a552437ec4c,raw_baseline,1,1,experiments/android_xml_v2_rag/test_v2_1/matrix/frozen_inputs/Mindfulness-Meditation--list_item_downloadable--1ff893ab,d43503305fc30a0129fd8b258338431680a60a105caf8169eb6233f338dae602,d01a9e345f60647ae4f5e0772c49948340a7666b1a71879e032226b4104990ad,experiments/android_xml_v2_formal/multimodel_v2_3_40app/runs/claude_opus_4_8/Mindfulness-Meditation--list_item_downloadable--1ff893ab/raw_baseline
claude_opus_4_8,claude-opus-4-8,anthropic,Mindfulness-Meditation--list_item_downloadable--1ff893ab,Mindfulness Meditation,list_item_downloadable,1,src-6f73c3e24a552437ec4c,full_enhanced,1,9,experiments/android_xml_v2_rag/test_v2_1/matrix/frozen_inputs/Mindfulness-Meditation--list_item_downloadable--1ff893ab,d43503305fc30a0129fd8b258338431680a60a105caf8169eb6233f338dae602,938dcc1704da3053d3be835cafc8bb0767d7bd438e3632acff2898d833059d5d,experiments/android_xml_v2_formal/multimodel_v2_3_40app/runs/claude_opus_4_8/Mindfulness-Meditation--list_item_downloadable--1ff893ab/full_enhanced
claude_opus_4_8,claude-opus-4-8,anthropic,Dumbphone-Assistant--list_item_phone--c55e51fc,Dumbphone Assistant,list_item_phone,1,src-09818963a65a75c517f4,full_enhanced,1,9,experiments/android_xml_v2_rag/test_v2_1/matrix/frozen_inputs/Dumbphone-Assistant--list_item_phone--c55e51fc,d233e4e7617685d3cd9f9eda44621627a4bca66bacc1d79e89b93ad4fdada6fe,0342940535a53870f2a7ba3522cf6de1f84a07f720ea0ca36449ae063af6fb98,experiments/android_xml_v2_formal/multimodel_v2_3_40app/runs/claude_opus_4_8/Dumbphone-Assistant--list_item_phone--c55e51fc/full_enhanced
claude_opus_4_8,claude-opus-4-8,anthropic,Dumbphone-Assistant--list_item_phone--c55e51fc,Dumbphone Assistant,list_item_phone,1,src-09818963a65a75c517f4,raw_baseline,1,1,experiments/android_xml_v2_rag/test_v2_1/matrix/frozen_inputs/Dumbphone-Assistant--list_item_phone--c55e51fc,d233e4e7617685d3cd9f9eda44621627a4bca66bacc1d79e89b93ad4fdada6fe,b6131ca0d137f54cc66f246b7b5eea75abab5bcbd2d51439b5fdc32186d07ef9,experiments/android_xml_v2_formal/multimodel_v2_3_40app/runs/claude_opus_4_8/Dumbphone-Assistant--list_item_phone--c55e51fc/raw_baseline
claude_opus_4_8,claude-opus-4-8,anthropic,Dumbphone-Assistant--list_item_sim--af628d2e,Dumbphone Assistant,list_item_sim,1,src-51dd0a5d52cd5f535116,full_enhanced,1,9,experiments/android_xml_v2_rag/test_v2_1/matrix/frozen_inputs/Dumbphone-Assistant--list_item_sim--af628d2e,da55341c81f2873fc6f2d1b16f957bf7062caf52bbc54f72f056e67b79bfa7eb,7358c89669cb3fdcf4efe92ea26417f654ddf650b348378a5be145b4c1798e17,experiments/android_xml_v2_formal/multimodel_v2_3_40app/runs/claude_opus_4_8/Dumbphone-Assistant--list_item_sim--af628d2e/full_enhanced
claude_opus_4_8,claude-opus-4-8,anthropic,Dumbphone-Assistant--list_item_sim--af628d2e,Dumbphone Assistant,list_item_sim,1,src-51dd0a5d52cd5f535116,raw_baseline,1,1,experiments/android_xml_v2_rag/test_v2_1/matrix/frozen_inputs/Dumbphone-Assistant--list_item_sim--af628d2e,da55341c81f2873fc6f2d1b16f957bf7062caf52bbc54f72f056e67b79bfa7eb,279cdf33e438ede279ba3360ac8ebd8a2ad3100f6385d09010346f40d76ca447,experiments/android_xml_v2_formal/multimodel_v2_3_40app/runs/claude_opus_4_8/Dumbphone-Assistant--list_item_sim--af628d2e/raw_baseline
claude_opus_4_8,claude-opus-4-8,anthropic,Crescent--advanced_settings--607de884,Crescent,advanced_settings,2,src-6447fbc68cd1f6a6b3e5;src-a72f23fd21956f4735db,full_enhanced,1,9,experiments/android_xml_v2_rag/test_v2_1/matrix/frozen_inputs/Crescent--advanced_settings--607de884,38cdb0cef49f44b4d0def05d13d02c4fcc49c5c63546ce9ad31ba2fa03837f8e,0ec9d3c203bbcb52f13953d81db5121e82ace698d5e0f06d30021194046a28bd,experiments/android_xml_v2_formal/multimodel_v2_3_40app/runs/claude_opus_4_8/Crescent--advanced_settings--607de884/full_enhanced
claude_opus_4_8,claude-opus-4-8,anthropic,Crescent--advanced_settings--607de884,Crescent,advanced_settings,2,src-6447fbc68cd1f6a6b3e5;src-a72f23fd21956f4735db,raw_baseline,1,1,experiments/android_xml_v2_rag/test_v2_1/matrix/frozen_inputs/Crescent--advanced_settings--607de884,38cdb0cef49f44b4d0def05d13d02c4fcc49c5c63546ce9ad31ba2fa03837f8e,b6d557baeb952c4d6f15cd5f8f947fd34baaad14d2d647ba17474cc4e5775666,experiments/android_xml_v2_formal/multimodel_v2_3_40app/runs/claude_opus_4_8/Crescent--advanced_settings--607de884/raw_baseline
claude_opus_4_8,claude-opus-4-8,anthropic,Crescent--send--ce777c1d,Crescent,send,2,src-3635028749703dfa5ea6;src-46a638db57774b73e1d9,full_enhanced,1,9,experiments/android_xml_v2_rag/test_v2_1/matrix/frozen_inputs/Crescent--send--ce777c1d,55d0ff696fd9bf0d9a5c65c1cbcc7d3670eae60e2a629bec14c79275e4d70ba2,24a21325e626d583fdf00f8104a22e3aa6b40d396d743fab269abf0096af0888,experiments/android_xml_v2_formal/multimodel_v2_3_40app/runs/claude_opus_4_8/Crescent--send--ce777c1d/full_enhanced
claude_opus_4_8,claude-opus-4-8,anthropic,Crescent--send--ce777c1d,Crescent,send,2,src-3635028749703dfa5ea6;src-46a638db57774b73e1d9,raw_baseline,1,1,experiments/android_xml_v2_rag/test_v2_1/matrix/frozen_inputs/Crescent--send--ce777c1d,55d0ff696fd9bf0d9a5c65c1cbcc7d3670eae60e2a629bec14c79275e4d70ba2,15e45eba5f37bd2fcf9adb3f4e1ce06f55f921fe70ea3feba85b92b43de9b07d,experiments/android_xml_v2_formal/multimodel_v2_3_40app/runs/claude_opus_4_8/Crescent--send--ce777c1d/raw_baseline
claude_opus_4_8,claude-opus-4-8,anthropic,Crescent--send_slp--479cb8b6,Crescent,send_slp,1,src-a4361c3c309d71d4ace0,raw_baseline,1,1,experiments/android_xml_v2_rag/test_v2_1/matrix/frozen_inputs/Crescent--send_slp--479cb8b6,91048195c504789f996b93f67f5a61224f37e30737ec7b656357f512270c81fd,bda8816cd2f2ae9e8bd227affb7bc7efbb3154c0d7b05d552ab72a66e60e7ff7,experiments/android_xml_v2_formal/multimodel_v2_3_40app/runs/claude_opus_4_8/Crescent--send_slp--479cb8b6/raw_baseline
claude_opus_4_8,claude-opus-4-8,anthropic,Crescent--send_slp--479cb8b6,Crescent,send_slp,1,src-a4361c3c309d71d4ace0,full_enhanced,1,9,experiments/android_xml_v2_rag/test_v2_1/matrix/frozen_inputs/Crescent--send_slp--479cb8b6,91048195c504789f996b93f67f5a61224f37e30737ec7b656357f512270c81fd,ac847ab0d7421314c257660df0f48485e5e66c2b6dbeb824b58fa4e00f0eec17,experiments/android_xml_v2_formal/multimodel_v2_3_40app/runs/claude_opus_4_8/Crescent--send_slp--479cb8b6/full_enhanced
claude_opus_4_8,claude-opus-4-8,anthropic,CryptoPass--bookmarks--9f1c370e,CryptoPass,bookmarks,1,src-ad9cae65196a340dd185,full_enhanced,1,9,experiments/android_xml_v2_external_extension/top2_matrix/frozen_inputs/CryptoPass--bookmarks--9f1c370e,7644320189de81b23fecba93f39f630242294cd065c03c20aea94e6f0239c35a,5d2cd5dde67af109466d502a6b10c9d4c94312c0abd8b89127997c78b37cc32d,experiments/android_xml_v2_formal/multimodel_v2_3_40app/runs/claude_opus_4_8/CryptoPass--bookmarks--9f1c370e/full_enhanced
claude_opus_4_8,claude-opus-4-8,anthropic,CryptoPass--bookmarks--9f1c370e,CryptoPass,bookmarks,1,src-ad9cae65196a340dd185,raw_baseline,1,1,experiments/android_xml_v2_external_extension/top2_matrix/frozen_inputs/CryptoPass--bookmarks--9f1c370e,7644320189de81b23fecba93f39f630242294cd065c03c20aea94e6f0239c35a,30ba2f9e999d596b829f11e306ae16bb536288bc70357908472fba9eb1de5a61,experiments/android_xml_v2_formal/multimodel_v2_3_40app/runs/claude_opus_4_8/CryptoPass--bookmarks--9f1c370e/raw_baseline
claude_opus_4_8,claude-opus-4-8,anthropic,CryptoPass--main--3254f2d6,CryptoPass,main,1,src-1a49f951d18cab117df9,full_enhanced,1,9,experiments/android_xml_v2_external_extension/top2_matrix/frozen_inputs/CryptoPass--main--3254f2d6,d90b1b3d6e03325f4993212d6ea48293df0222a24087b791ae6c34e62dbcd649,c201a02b189ae8b19d96a3d1b509b23f961abd1e53f6be563d2db91d8ff090ba,experiments/android_xml_v2_formal/multimodel_v2_3_40app/runs/claude_opus_4_8/CryptoPass--main--3254f2d6/full_enhanced
claude_opus_4_8,claude-opus-4-8,anthropic,CryptoPass--main--3254f2d6,CryptoPass,main,1,src-1a49f951d18cab117df9,raw_baseline,1,1,experiments/android_xml_v2_external_extension/top2_matrix/frozen_inputs/CryptoPass--main--3254f2d6,d90b1b3d6e03325f4993212d6ea48293df0222a24087b791ae6c34e62dbcd649,65d419fdb2d9aa49bae965e4ded9d8340de5cea46548a91e2f18ed815172601e,experiments/android_xml_v2_formal/multimodel_v2_3_40app/runs/claude_opus_4_8/CryptoPass--main--3254f2d6/raw_baseline
claude_opus_4_8,claude-opus-4-8,anthropic,Emerald-Dialer--dialog_clean_number_log--344adcd8,Emerald Dialer,dialog_clean_number_log,1,src-aa8559f451da50b9cfab,raw_baseline,1,1,experiments/android_xml_v2_external_extension/top2_matrix/frozen_inputs/Emerald-Dialer--dialog_clean_number_log--344adcd8,08d5c5761e27ceba4a299a0ec71afdab384c54a231c54d83dd630219ccbc8542,f2efb07093f39aa6bdc3e158bc5385874d6598a4ab4fa791a0a72896a6b7ef5e,experiments/android_xml_v2_formal/multimodel_v2_3_40app/runs/claude_opus_4_8/Emerald-Dialer--dialog_clean_number_log--344adcd8/raw_baseline
claude_opus_4_8,claude-opus-4-8,anthropic,Emerald-Dialer--dialog_clean_number_log--344adcd8,Emerald Dialer,dialog_clean_number_log,1,src-aa8559f451da50b9cfab,full_enhanced,1,9,experiments/android_xml_v2_external_extension/top2_matrix/frozen_inputs/Emerald-Dialer--dialog_clean_number_log--344adcd8,08d5c5761e27ceba4a299a0ec71afdab384c54a231c54d83dd630219ccbc8542,784b75e34b87f5d3a8d8be5c0552d4aef8e1606fe4ab68ec0fa6d39d9e82aeb0,experiments/android_xml_v2_formal/multimodel_v2_3_40app/runs/claude_opus_4_8/Emerald-Dialer--dialog_clean_number_log--344adcd8/full_enhanced
claude_opus_4_8,claude-opus-4-8,anthropic,Emerald-Dialer--main--4153d1b4,Emerald Dialer,main,1,src-08268676c1fbaac6650b,raw_baseline,1,1,experiments/android_xml_v2_external_extension/top2_matrix/frozen_inputs/Emerald-Dialer--main--4153d1b4,ca152b958837e096b8d51c590ea05e714ee8e07c9ebd0ae09be53c503a1abe4c,7b0d7a00f892ddc0700c904688d37392c057a22700957aa307c0349f3e16e784,experiments/android_xml_v2_formal/multimodel_v2_3_40app/runs/claude_opus_4_8/Emerald-Dialer--main--4153d1b4/raw_baseline
claude_opus_4_8,claude-opus-4-8,anthropic,Emerald-Dialer--main--4153d1b4,Emerald Dialer,main,1,src-08268676c1fbaac6650b,full_enhanced,1,9,experiments/android_xml_v2_external_extension/top2_matrix/frozen_inputs/Emerald-Dialer--main--4153d1b4,ca152b958837e096b8d51c590ea05e714ee8e07c9ebd0ae09be53c503a1abe4c,d14b0fafc3fbe10b4266fab12eb12068d976d92a07743a17f947fd264025e487,experiments/android_xml_v2_formal/multimodel_v2_3_40app/runs/claude_opus_4_8/Emerald-Dialer--main--4153d1b4/full_enhanced
claude_opus_4_8,claude-opus-4-8,anthropic,Emerald-Dialer--speed_dial_pref_dialog--c63dfdb0,Emerald Dialer,speed_dial_pref_dialog,1,src-71065606d1c41520cf58,raw_baseline,1,1,experiments/android_xml_v2_external_extension/top2_matrix/frozen_inputs/Emerald-Dialer--speed_dial_pref_dialog--c63dfdb0,f26cbd7fb2d3083a695da9a427d47cc17585a8965d134b05639ba4864ea841a3,7277ed14a85c036c64cabed8191cadc97844a594a3578999acc19b2d98425af4,experiments/android_xml_v2_formal/multimodel_v2_3_40app/runs/claude_opus_4_8/Emerald-Dialer--speed_dial_pref_dialog--c63dfdb0/raw_baseline
claude_opus_4_8,claude-opus-4-8,anthropic,Emerald-Dialer--speed_dial_pref_dialog--c63dfdb0,Emerald Dialer,speed_dial_pref_dialog,1,src-71065606d1c41520cf58,full_enhanced,1,9,experiments/android_xml_v2_external_extension/top2_matrix/frozen_inputs/Emerald-Dialer--speed_dial_pref_dialog--c63dfdb0,f26cbd7fb2d3083a695da9a427d47cc17585a8965d134b05639ba4864ea841a3,c0895cfcb8bf025d062c7396c1020fc6a9f9cdb20545e11722ac98ba7b3cc9e6,experiments/android_xml_v2_formal/multimodel_v2_3_40app/runs/claude_opus_4_8/Emerald-Dialer--speed_dial_pref_dialog--c63dfdb0/full_enhanced
claude_opus_4_8,claude-opus-4-8,anthropic,Puff--activity_add_account--ac3f1413,Puff,activity_add_account,1,src-6d103a6d158571b30df5,raw_baseline,1,1,experiments/android_xml_v2_external_extension/top2_matrix/frozen_inputs/Puff--activity_add_account--ac3f1413,278b35d4c491250b944b5bed9354c81688891841d65569954b99b8b39e1ee292,6957234c557de426646f74241d1e5f3de2b55a149882aca58462910905b52a63,experiments/android_xml_v2_formal/multimodel_v2_3_40app/runs/claude_opus_4_8/Puff--activity_add_account--ac3f1413/raw_baseline
claude_opus_4_8,claude-opus-4-8,anthropic,Puff--activity_add_account--ac3f1413,Puff,activity_add_account,1,src-6d103a6d158571b30df5,full_enhanced,1,9,experiments/android_xml_v2_external_extension/top2_matrix/frozen_inputs/Puff--activity_add_account--ac3f1413,278b35d4c491250b944b5bed9354c81688891841d65569954b99b8b39e1ee292,bc69e8f7ec67be58067190b1ee6f1b2f61be6603d9c6150c37a577e19914a98e,experiments/android_xml_v2_formal/multimodel_v2_3_40app/runs/claude_opus_4_8/Puff--activity_add_account--ac3f1413/full_enhanced
claude_opus_4_8,claude-opus-4-8,anthropic,Puff--activity_add_type_dialog--e4e5601f,Puff,activity_add_type_dialog,1,src-154466109b40f1ce1302,full_enhanced,1,9,experiments/android_xml_v2_external_extension/top2_matrix/frozen_inputs/Puff--activity_add_type_dialog--e4e5601f,fb92f87bd156b7bf41207052afdde62d69d20caa434cb69352e0828ec97c5fd3,78ff8142d350e7f167f8588fb2e25557237c06e3cd459441dddbea684b8b93ee,experiments/android_xml_v2_formal/multimodel_v2_3_40app/runs/claude_opus_4_8/Puff--activity_add_type_dialog--e4e5601f/full_enhanced
claude_opus_4_8,claude-opus-4-8,anthropic,Puff--activity_add_type_dialog--e4e5601f,Puff,activity_add_type_dialog,1,src-154466109b40f1ce1302,raw_baseline,1,1,experiments/android_xml_v2_external_extension/top2_matrix/frozen_inputs/Puff--activity_add_type_dialog--e4e5601f,fb92f87bd156b7bf41207052afdde62d69d20caa434cb69352e0828ec97c5fd3,7e125007b7a3e3cde618bf5d09f97d11a5e4ebb39dcf786ee94962203e411ea2,experiments/android_xml_v2_formal/multimodel_v2_3_40app/runs/claude_opus_4_8/Puff--activity_add_type_dialog--e4e5601f/raw_baseline
claude_opus_4_8,claude-opus-4-8,anthropic,Puff--fragment_step_intro--23cf7af6,Puff,fragment_step_intro,1,src-5e13e7e77096c77a3121,raw_baseline,1,1,experiments/android_xml_v2_external_extension/top2_matrix/frozen_inputs/Puff--fragment_step_intro--23cf7af6,004f8227c6652221976bbff68745e57f84154c5d234bceb6479e7fbb63ee2149,88f1116e10d619bbaeb5b0eb17b38e37f9233efe87fae747a95e85e1333faa3e,experiments/android_xml_v2_formal/multimodel_v2_3_40app/runs/claude_opus_4_8/Puff--fragment_step_intro--23cf7af6/raw_baseline
claude_opus_4_8,claude-opus-4-8,anthropic,Puff--fragment_step_intro--23cf7af6,Puff,fragment_step_intro,1,src-5e13e7e77096c77a3121,full_enhanced,1,9,experiments/android_xml_v2_external_extension/top2_matrix/frozen_inputs/Puff--fragment_step_intro--23cf7af6,004f8227c6652221976bbff68745e57f84154c5d234bceb6479e7fbb63ee2149,ec321cff1ed3bf384098fa1c6be42ed1ee9fe4f2d5c103d70f501bae3c12289c,experiments/android_xml_v2_formal/multimodel_v2_3_40app/runs/claude_opus_4_8/Puff--fragment_step_intro--23cf7af6/full_enhanced
claude_opus_4_8,claude-opus-4-8,anthropic,Boilr--list_preference_row--ed45fd03,Boilr,list_preference_row,1,src-5a2d4560d6135b384a99,full_enhanced,1,9,experiments/android_xml_v2_external_extension/top2_matrix/frozen_inputs/Boilr--list_preference_row--ed45fd03,31ebf8c734e154d04745825780ec4b87f0729c07e8f2070094a99b617c23bab6,d9850cd4ce43407f1f4b93433fa87a63b3129d23c3d44364c6019ef659a39eb0,experiments/android_xml_v2_formal/multimodel_v2_3_40app/runs/claude_opus_4_8/Boilr--list_preference_row--ed45fd03/full_enhanced
claude_opus_4_8,claude-opus-4-8,anthropic,Boilr--list_preference_row--ed45fd03,Boilr,list_preference_row,1,src-5a2d4560d6135b384a99,raw_baseline,1,1,experiments/android_xml_v2_external_extension/top2_matrix/frozen_inputs/Boilr--list_preference_row--ed45fd03,31ebf8c734e154d04745825780ec4b87f0729c07e8f2070094a99b617c23bab6,9943ba341b7b46f0f5d0950b209d7340277e98bea715306b5c45588fccc55616,experiments/android_xml_v2_formal/multimodel_v2_3_40app/runs/claude_opus_4_8/Boilr--list_preference_row--ed45fd03/raw_baseline
claude_opus_4_8,claude-opus-4-8,anthropic,Boilr--list_preference_search--75ddbbbd,Boilr,list_preference_search,3,src-3056b2bfe56729e434e5;src-88fd5cc4d3827443255e;src-f0d6cc85090d070a8333,raw_baseline,1,1,experiments/android_xml_v2_external_extension/top2_matrix/frozen_inputs/Boilr--list_preference_search--75ddbbbd,dc9f174952e27e89836f9db96c20ad76ce823225f09cbd30aef982d4f7f54f68,40368330ad3de58aed6f94bc0a37fb6133972dd99e3b4c18e59b68a56a5c98db,experiments/android_xml_v2_formal/multimodel_v2_3_40app/runs/claude_opus_4_8/Boilr--list_preference_search--75ddbbbd/raw_baseline
claude_opus_4_8,claude-opus-4-8,anthropic,Boilr--list_preference_search--75ddbbbd,Boilr,list_preference_search,3,src-3056b2bfe56729e434e5;src-88fd5cc4d3827443255e;src-f0d6cc85090d070a8333,full_enhanced,1,9,experiments/android_xml_v2_external_extension/top2_matrix/frozen_inputs/Boilr--list_preference_search--75ddbbbd,dc9f174952e27e89836f9db96c20ad76ce823225f09cbd30aef982d4f7f54f68,19ce2e0d86290600f03f27447497fbce375fbbae2cd4bb45606411b7e340c78a,experiments/android_xml_v2_formal/multimodel_v2_3_40app/runs/claude_opus_4_8/Boilr--list_preference_search--75ddbbbd/full_enhanced
claude_opus_4_8,claude-opus-4-8,anthropic,HeaterRC--gpstracker--7a7f9c10,HeaterRC,gpstracker,1,src-baa9976c087180f60de6,full_enhanced,1,9,experiments/android_xml_v2_external_extension/top2_matrix/frozen_inputs/HeaterRC--gpstracker--7a7f9c10,5472199d23e041c76adbab6f8316b6fb573b07155dd8e6e9beacd34d02da086f,77430b4d2f657c695d570366c9ca6683631c2fd43c2964e3c61dba43e9c904ef,experiments/android_xml_v2_formal/multimodel_v2_3_40app/runs/claude_opus_4_8/HeaterRC--gpstracker--7a7f9c10/full_enhanced
claude_opus_4_8,claude-opus-4-8,anthropic,HeaterRC--gpstracker--7a7f9c10,HeaterRC,gpstracker,1,src-baa9976c087180f60de6,raw_baseline,1,1,experiments/android_xml_v2_external_extension/top2_matrix/frozen_inputs/HeaterRC--gpstracker--7a7f9c10,5472199d23e041c76adbab6f8316b6fb573b07155dd8e6e9beacd34d02da086f,07608ba2635995bcbfd6227fd320460861ad4700d472e1a2e55119dfd5f2510e,experiments/android_xml_v2_formal/multimodel_v2_3_40app/runs/claude_opus_4_8/HeaterRC--gpstracker--7a7f9c10/raw_baseline
claude_opus_4_8,claude-opus-4-8,anthropic,HeaterRC--program--6c74c60c,HeaterRC,program,1,src-6a33c915bdc2d04920b5,raw_baseline,1,1,experiments/android_xml_v2_external_extension/top2_matrix/frozen_inputs/HeaterRC--program--6c74c60c,2ecf326065390cf69529ac8360cb896373d75856108b8d4185187de700d0076b,d51ccfd98ba05d534ed2d1b48655683dab17c533bac317114f617f3a078ada8b,experiments/android_xml_v2_formal/multimodel_v2_3_40app/runs/claude_opus_4_8/HeaterRC--program--6c74c60c/raw_baseline
claude_opus_4_8,claude-opus-4-8,anthropic,HeaterRC--program--6c74c60c,HeaterRC,program,1,src-6a33c915bdc2d04920b5,full_enhanced,1,9,experiments/android_xml_v2_external_extension/top2_matrix/frozen_inputs/HeaterRC--program--6c74c60c,2ecf326065390cf69529ac8360cb896373d75856108b8d4185187de700d0076b,036494828d2112319392ca5f69ade16716b6460dcfea5998bf224facf5374d53,experiments/android_xml_v2_formal/multimodel_v2_3_40app/runs/claude_opus_4_8/HeaterRC--program--6c74c60c/full_enhanced
claude_opus_4_8,claude-opus-4-8,anthropic,RasPi-Check--activity_raspi_edit--7f2e9887,RasPi Check,activity_raspi_edit,1,src-bf8f7c2f6e32a91edf50,full_enhanced,1,9,experiments/android_xml_v2_external_extension/top2_matrix/frozen_inputs/RasPi-Check--activity_raspi_edit--7f2e9887,bf9e8cbadf22ee5f546822c8454221864221f07c4d3c15c01ed8d374922c04db,099221a717dc87b775ad5918f3acc158514fc8bd560002c0c004e5935ebde4a5,experiments/android_xml_v2_formal/multimodel_v2_3_40app/runs/claude_opus_4_8/RasPi-Check--activity_raspi_edit--7f2e9887/full_enhanced
claude_opus_4_8,claude-opus-4-8,anthropic,RasPi-Check--activity_raspi_edit--7f2e9887,RasPi Check,activity_raspi_edit,1,src-bf8f7c2f6e32a91edf50,raw_baseline,1,1,experiments/android_xml_v2_external_extension/top2_matrix/frozen_inputs/RasPi-Check--activity_raspi_edit--7f2e9887,bf9e8cbadf22ee5f546822c8454221864221f07c4d3c15c01ed8d374922c04db,1c29944d8638f885219e1ea22b9e0d8cc0e52ace5a5bad732da5fcc09db473d4,experiments/android_xml_v2_formal/multimodel_v2_3_40app/runs/claude_opus_4_8/RasPi-Check--activity_raspi_edit--7f2e9887/raw_baseline
claude_opus_4_8,claude-opus-4-8,anthropic,RasPi-Check--activity_raspi_new_auth--733f4637,RasPi Check,activity_raspi_new_auth,1,src-16e6ddf45f2eaa7cc34e,full_enhanced,1,9,experiments/android_xml_v2_external_extension/top2_matrix/frozen_inputs/RasPi-Check--activity_raspi_new_auth--733f4637,83b84cdd13fe20943cc94480b3b51120d3728fa8dba50f95f0533cb8a2e9c719,0e4e569872fb147ddb47d37dec3b06d5f2645c3704b19b8b98f2b9f33d14e114,experiments/android_xml_v2_formal/multimodel_v2_3_40app/runs/claude_opus_4_8/RasPi-Check--activity_raspi_new_auth--733f4637/full_enhanced
claude_opus_4_8,claude-opus-4-8,anthropic,RasPi-Check--activity_raspi_new_auth--733f4637,RasPi Check,activity_raspi_new_auth,1,src-16e6ddf45f2eaa7cc34e,raw_baseline,1,1,experiments/android_xml_v2_external_extension/top2_matrix/frozen_inputs/RasPi-Check--activity_raspi_new_auth--733f4637,83b84cdd13fe20943cc94480b3b51120d3728fa8dba50f95f0533cb8a2e9c719,b4950882056fc2652248fbf795b5e0700d2127647afd105e14a2e6e76e28fac9,experiments/android_xml_v2_formal/multimodel_v2_3_40app/runs/claude_opus_4_8/RasPi-Check--activity_raspi_new_auth--733f4637/raw_baseline
claude_opus_4_8,claude-opus-4-8,anthropic,RasPi-Check--command_placeholder_row--22c31be9,RasPi Check,command_placeholder_row,1,src-9ccae380f800356a6f9a,full_enhanced,1,9,experiments/android_xml_v2_external_extension/top2_matrix/frozen_inputs/RasPi-Check--command_placeholder_row--22c31be9,a719ed3127f6b00d6c4abb909cbb44ab90eedffbd489163d62dd526a9310b78b,07e33e745a9a13b051361e733b15263bf004a8981c452b9bf413ba1d97e06c66,experiments/android_xml_v2_formal/multimodel_v2_3_40app/runs/claude_opus_4_8/RasPi-Check--command_placeholder_row--22c31be9/full_enhanced
claude_opus_4_8,claude-opus-4-8,anthropic,RasPi-Check--command_placeholder_row--22c31be9,RasPi Check,command_placeholder_row,1,src-9ccae380f800356a6f9a,raw_baseline,1,1,experiments/android_xml_v2_external_extension/top2_matrix/frozen_inputs/RasPi-Check--command_placeholder_row--22c31be9,a719ed3127f6b00d6c4abb909cbb44ab90eedffbd489163d62dd526a9310b78b,b7d3fe754d40f13be8f9d587196c489bd95c0dbb4ab5fa69f26af6655d11f7c6,experiments/android_xml_v2_formal/multimodel_v2_3_40app/runs/claude_opus_4_8/RasPi-Check--command_placeholder_row--22c31be9/raw_baseline
claude_opus_4_8,claude-opus-4-8,anthropic,Ministocks--widget_1x2--47c20d3e,Ministocks,widget_1x2,1,src-faf4fbb03b68b133a7e9,raw_baseline,1,1,experiments/android_xml_v2_external_extension/top2_matrix/frozen_inputs/Ministocks--widget_1x2--47c20d3e,f4fe01589b6b06ee6f97bcc66f1cd35e50f48e6a7e353eda256e892169e02354,575161afd76d13e6135aef2937f339b6ab472f0802aa1f96d8960326d0012f06,experiments/android_xml_v2_formal/multimodel_v2_3_40app/runs/claude_opus_4_8/Ministocks--widget_1x2--47c20d3e/raw_baseline
claude_opus_4_8,claude-opus-4-8,anthropic,Ministocks--widget_1x2--47c20d3e,Ministocks,widget_1x2,1,src-faf4fbb03b68b133a7e9,full_enhanced,1,9,experiments/android_xml_v2_external_extension/top2_matrix/frozen_inputs/Ministocks--widget_1x2--47c20d3e,f4fe01589b6b06ee6f97bcc66f1cd35e50f48e6a7e353eda256e892169e02354,766c3c4ac3bb95545bf372431679978e8ce850bd4b37a1c213b17430c19f044f,experiments/android_xml_v2_formal/multimodel_v2_3_40app/runs/claude_opus_4_8/Ministocks--widget_1x2--47c20d3e/full_enhanced
claude_opus_4_8,claude-opus-4-8,anthropic,Ministocks--widget_1x4--fc2db1d6,Ministocks,widget_1x4,1,src-eadf68a10161c40a1eb1,full_enhanced,1,9,experiments/android_xml_v2_external_extension/top2_matrix/frozen_inputs/Ministocks--widget_1x4--fc2db1d6,25ef4c2035769e90354587da4297a2fc082b7be77ce51d02e19cfcef4ef8a08a,4e9fa4ce092bc1ca0f784b72995c5ba226930773c954f6e080887bbc2abc0741,experiments/android_xml_v2_formal/multimodel_v2_3_40app/runs/claude_opus_4_8/Ministocks--widget_1x4--fc2db1d6/full_enhanced
claude_opus_4_8,claude-opus-4-8,anthropic,Ministocks--widget_1x4--fc2db1d6,Ministocks,widget_1x4,1,src-eadf68a10161c40a1eb1,raw_baseline,1,1,experiments/android_xml_v2_external_extension/top2_matrix/frozen_inputs/Ministocks--widget_1x4--fc2db1d6,25ef4c2035769e90354587da4297a2fc082b7be77ce51d02e19cfcef4ef8a08a,3ff528b64591e3ce62771d9560599e71a5e2ccc611b917ec90451e37e0348594,experiments/android_xml_v2_formal/multimodel_v2_3_40app/runs/claude_opus_4_8/Ministocks--widget_1x4--fc2db1d6/raw_baseline
claude_opus_4_8,claude-opus-4-8,anthropic,Ministocks--widget_1x4_large--c1bb402a,Ministocks,widget_1x4_large,1,src-62d7eeb0723ca9a93536,raw_baseline,1,1,experiments/android_xml_v2_external_extension/top2_matrix/frozen_inputs/Ministocks--widget_1x4_large--c1bb402a,a4bec56e45c73950f983dcdbeb7b27749bd339958307dafe81f94cf531214de6,9659b78302c66da2650308603571a701dd968c98661ca2c5b1a26636e1d8473e,experiments/android_xml_v2_formal/multimodel_v2_3_40app/runs/claude_opus_4_8/Ministocks--widget_1x4_large--c1bb402a/raw_baseline
claude_opus_4_8,claude-opus-4-8,anthropic,Ministocks--widget_1x4_large--c1bb402a,Ministocks,widget_1x4_large,1,src-62d7eeb0723ca9a93536,full_enhanced,1,9,experiments/android_xml_v2_external_extension/top2_matrix/frozen_inputs/Ministocks--widget_1x4_large--c1bb402a,a4bec56e45c73950f983dcdbeb7b27749bd339958307dafe81f94cf531214de6,b360fde7c535df3cf6ef5bb1e26ee53b0425aa55a203083e6d18a3c399fe7c90,experiments/android_xml_v2_formal/multimodel_v2_3_40app/runs/claude_opus_4_8/Ministocks--widget_1x4_large--c1bb402a/full_enhanced
claude_opus_4_8,claude-opus-4-8,anthropic,PalmCalc-2019--about_fragment--68a45f11,PalmCalc 2019+,about_fragment,1,src-7aa53d8223ab67641897,full_enhanced,1,9,experiments/android_xml_v2_external_extension/top2_matrix/frozen_inputs/PalmCalc-2019--about_fragment--68a45f11,ae9f15661198cf8ad3b44f5a40736bb7774f363d233ac265cf06fba578fb279e,292d3d9295fe34f46f05b37e377a3d9182aab70913634eb9cb1b942f2c3a6e74,experiments/android_xml_v2_formal/multimodel_v2_3_40app/runs/claude_opus_4_8/PalmCalc-2019--about_fragment--68a45f11/full_enhanced
claude_opus_4_8,claude-opus-4-8,anthropic,PalmCalc-2019--about_fragment--68a45f11,PalmCalc 2019+,about_fragment,1,src-7aa53d8223ab67641897,raw_baseline,1,1,experiments/android_xml_v2_external_extension/top2_matrix/frozen_inputs/PalmCalc-2019--about_fragment--68a45f11,ae9f15661198cf8ad3b44f5a40736bb7774f363d233ac265cf06fba578fb279e,d728f6154e45ae38946c001f44c942e4cdc0399d7bb56a4893a9a838b0525d2b,experiments/android_xml_v2_formal/multimodel_v2_3_40app/runs/claude_opus_4_8/PalmCalc-2019--about_fragment--68a45f11/raw_baseline
claude_opus_4_8,claude-opus-4-8,anthropic,PalmCalc-2019--activity_scientific--cfd80143,PalmCalc 2019+,activity_scientific,2,src-a0f0fdb10c3bf5e96386;src-a8c8379b7563f8636b8b,raw_baseline,1,1,experiments/android_xml_v2_external_extension/top2_matrix/frozen_inputs/PalmCalc-2019--activity_scientific--cfd80143,b25484dfb4e2a15bc23aab812fb60e3f45dba3ffa2cc2d7b98cf2f90225d8bca,1da37d3b782e757df3952f18c8b7b26565a4f949c936cb71b4f2e04354839c3b,experiments/android_xml_v2_formal/multimodel_v2_3_40app/runs/claude_opus_4_8/PalmCalc-2019--activity_scientific--cfd80143/raw_baseline
claude_opus_4_8,claude-opus-4-8,anthropic,PalmCalc-2019--activity_scientific--cfd80143,PalmCalc 2019+,activity_scientific,2,src-a0f0fdb10c3bf5e96386;src-a8c8379b7563f8636b8b,full_enhanced,1,9,experiments/android_xml_v2_external_extension/top2_matrix/frozen_inputs/PalmCalc-2019--activity_scientific--cfd80143,b25484dfb4e2a15bc23aab812fb60e3f45dba3ffa2cc2d7b98cf2f90225d8bca,588d66ce288f29c85a490902fb8a714452287ec0ff1d12effb6541df1cc950d2,experiments/android_xml_v2_formal/multimodel_v2_3_40app/runs/claude_opus_4_8/PalmCalc-2019--activity_scientific--cfd80143/full_enhanced
claude_opus_4_8,claude-opus-4-8,anthropic,PalmCalc-2019--basic_final--30deba57,PalmCalc 2019+,basic_final,1,src-fc66155f2064a079c3c0,raw_baseline,1,1,experiments/android_xml_v2_external_extension/top2_matrix/frozen_inputs/PalmCalc-2019--basic_final--30deba57,d16151b6bfa5e484784b8782480ac410399c3c35ecc56a7b1d1fa305f3262069,ab4626f9a1af17c9817c10f36e65cebe3c4b86314fdba0bb6d50bb4e9d63b5cb,experiments/android_xml_v2_formal/multimodel_v2_3_40app/runs/claude_opus_4_8/PalmCalc-2019--basic_final--30deba57/raw_baseline
claude_opus_4_8,claude-opus-4-8,anthropic,PalmCalc-2019--basic_final--30deba57,PalmCalc 2019+,basic_final,1,src-fc66155f2064a079c3c0,full_enhanced,1,9,experiments/android_xml_v2_external_extension/top2_matrix/frozen_inputs/PalmCalc-2019--basic_final--30deba57,d16151b6bfa5e484784b8782480ac410399c3c35ecc56a7b1d1fa305f3262069,3974ff8055821d5d02f21de719bb9fae1a67c68ed0fab69f68aee55c7105bbd9,experiments/android_xml_v2_formal/multimodel_v2_3_40app/runs/claude_opus_4_8/PalmCalc-2019--basic_final--30deba57/full_enhanced
claude_opus_4_8,claude-opus-4-8,anthropic,mythmote--fragment_mythmote_interactivetv--e349e4fe,mythmote,fragment_mythmote_interactivetv,2,src-54a04fa5357dd24a3f11;src-c497b8eabbf924647729,raw_baseline,1,1,experiments/android_xml_v2_external_extension/top2_matrix/frozen_inputs/mythmote--fragment_mythmote_interactivetv--e349e4fe,5e662db6331d1ed0590ae5048fd4018b03f9a3516ba64ec93d7f239f96772833,92105e2ab5e480962a8d4f1e6d7d02ffa40dbc7551c2301ce71498f6d8fa966f,experiments/android_xml_v2_formal/multimodel_v2_3_40app/runs/claude_opus_4_8/mythmote--fragment_mythmote_interactivetv--e349e4fe/raw_baseline
claude_opus_4_8,claude-opus-4-8,anthropic,mythmote--fragment_mythmote_interactivetv--e349e4fe,mythmote,fragment_mythmote_interactivetv,2,src-54a04fa5357dd24a3f11;src-c497b8eabbf924647729,full_enhanced,1,9,experiments/android_xml_v2_external_extension/top2_matrix/frozen_inputs/mythmote--fragment_mythmote_interactivetv--e349e4fe,5e662db6331d1ed0590ae5048fd4018b03f9a3516ba64ec93d7f239f96772833,f55fa91459adf520f2109a0d2119433e2d155c66913b65b30ae100f7d2204f17,experiments/android_xml_v2_formal/multimodel_v2_3_40app/runs/claude_opus_4_8/mythmote--fragment_mythmote_interactivetv--e349e4fe/full_enhanced
claude_opus_4_8,claude-opus-4-8,anthropic,mythmote--dialog_rename--a2763b42,mythmote,dialog_rename,1,src-8ac9bf8928102fe419dc,raw_baseline,1,1,experiments/android_xml_v2_external_extension/top2_matrix/frozen_inputs/mythmote--dialog_rename--a2763b42,d25b276edd2d11d5785ff2c4f4c230f34f1cb617971596125d13210c3fd98d4b,7aa24ebabfd21f2c9f4725220dd7b1382f6ed970c3f9c3fc96390044ae22dfaf,experiments/android_xml_v2_formal/multimodel_v2_3_40app/runs/claude_opus_4_8/mythmote--dialog_rename--a2763b42/raw_baseline
claude_opus_4_8,claude-opus-4-8,anthropic,mythmote--dialog_rename--a2763b42,mythmote,dialog_rename,1,src-8ac9bf8928102fe419dc,full_enhanced,1,9,experiments/android_xml_v2_external_extension/top2_matrix/frozen_inputs/mythmote--dialog_rename--a2763b42,d25b276edd2d11d5785ff2c4f4c230f34f1cb617971596125d13210c3fd98d4b,6e8ce5bc588cde26d6813a907cfc91c6f0e2691aeb6deee678e2e3a3d90f86ae,experiments/android_xml_v2_formal/multimodel_v2_3_40app/runs/claude_opus_4_8/mythmote--dialog_rename--a2763b42/full_enhanced
claude_opus_4_8,claude-opus-4-8,anthropic,mythmote--fragment_mythmote_keyboardinput--09580f28,mythmote,fragment_mythmote_keyboardinput,1,src-c6601df1b022a1c415ca,raw_baseline,1,1,experiments/android_xml_v2_external_extension/top2_matrix/frozen_inputs/mythmote--fragment_mythmote_keyboardinput--09580f28,e3b5509a1b359ad725975ab1d4276bfd95fe5e51a2c9a075dc8ccc86154b195b,891be9e7d5963d105b69a53d68ae7d3a3474fa9ff8cb742f64519b175e95654d,experiments/android_xml_v2_formal/multimodel_v2_3_40app/runs/claude_opus_4_8/mythmote--fragment_mythmote_keyboardinput--09580f28/raw_baseline
claude_opus_4_8,claude-opus-4-8,anthropic,mythmote--fragment_mythmote_keyboardinput--09580f28,mythmote,fragment_mythmote_keyboardinput,1,src-c6601df1b022a1c415ca,full_enhanced,1,9,experiments/android_xml_v2_external_extension/top2_matrix/frozen_inputs/mythmote--fragment_mythmote_keyboardinput--09580f28,e3b5509a1b359ad725975ab1d4276bfd95fe5e51a2c9a075dc8ccc86154b195b,3453bbabe2b0d8b19491366c9bd989aff0646b419b9ce702137bff2b3b74ceda,experiments/android_xml_v2_formal/multimodel_v2_3_40app/runs/claude_opus_4_8/mythmote--fragment_mythmote_keyboardinput--09580f28/full_enhanced
claude_opus_4_8,claude-opus-4-8,anthropic,Money-Tracker--activity_add_exchange_rate--4b806068,Money Tracker,activity_add_exchange_rate,1,src-4eb1e92e81f006faf885,full_enhanced,1,9,experiments/android_xml_v2_external_extension/top2_matrix/frozen_inputs/Money-Tracker--activity_add_exchange_rate--4b806068,f7e60a112d9a1871f5ccdf0691ff9a4c029dc8869faed761adfbde4bcba9b4ee,33e9dd091a34807ed6a33aa82c4fef74715e194667bc7dcdc9222d97eb7954b5,experiments/android_xml_v2_formal/multimodel_v2_3_40app/runs/claude_opus_4_8/Money-Tracker--activity_add_exchange_rate--4b806068/full_enhanced
claude_opus_4_8,claude-opus-4-8,anthropic,Money-Tracker--activity_add_exchange_rate--4b806068,Money Tracker,activity_add_exchange_rate,1,src-4eb1e92e81f006faf885,raw_baseline,1,1,experiments/android_xml_v2_external_extension/top2_matrix/frozen_inputs/Money-Tracker--activity_add_exchange_rate--4b806068,f7e60a112d9a1871f5ccdf0691ff9a4c029dc8869faed761adfbde4bcba9b4ee,827701afc49a574de4e05e1ab70590ad15dbdd7ca2154ba857e56b688c49bffd,experiments/android_xml_v2_formal/multimodel_v2_3_40app/runs/claude_opus_4_8/Money-Tracker--activity_add_exchange_rate--4b806068/raw_baseline
claude_opus_4_8,claude-opus-4-8,anthropic,Money-Tracker--activity_add_record--768fe3ed,Money Tracker,activity_add_record,2,src-07f958ac3899bbfae7fe;src-89ddeb6e1dcee1f34e69,full_enhanced,1,9,experiments/android_xml_v2_external_extension/top2_matrix/frozen_inputs/Money-Tracker--activity_add_record--768fe3ed,07c04f4eac0671c61807db30d179102f38433e0a999d31931743ffa1a93787b4,3e9f247fd9dd0569da5de9f4e97f4c40ae7875e659fc25a47d3f4cd2d8053723,experiments/android_xml_v2_formal/multimodel_v2_3_40app/runs/claude_opus_4_8/Money-Tracker--activity_add_record--768fe3ed/full_enhanced
claude_opus_4_8,claude-opus-4-8,anthropic,Money-Tracker--activity_add_record--768fe3ed,Money Tracker,activity_add_record,2,src-07f958ac3899bbfae7fe;src-89ddeb6e1dcee1f34e69,raw_baseline,1,1,experiments/android_xml_v2_external_extension/top2_matrix/frozen_inputs/Money-Tracker--activity_add_record--768fe3ed,07c04f4eac0671c61807db30d179102f38433e0a999d31931743ffa1a93787b4,d8e73383367e7b202fb5a038752ae671047915ae7e0f4b07f7af24753e191ad0,experiments/android_xml_v2_formal/multimodel_v2_3_40app/runs/claude_opus_4_8/Money-Tracker--activity_add_record--768fe3ed/raw_baseline
claude_opus_4_8,claude-opus-4-8,anthropic,Money-Tracker--activity_import_export--77882190,Money Tracker,activity_import_export,1,src-9fc9ea4b465c64070dc8,full_enhanced,1,9,experiments/android_xml_v2_external_extension/top2_matrix/frozen_inputs/Money-Tracker--activity_import_export--77882190,9746f8e18abe8c24aeffdcfe6789c37c5f37ecfe74b900886ccf16ad3e4c83f2,c8ddfe524f700b3d06543b0ec53e11f17361304c2e3f30b05b87bf5f65a29d5c,experiments/android_xml_v2_formal/multimodel_v2_3_40app/runs/claude_opus_4_8/Money-Tracker--activity_import_export--77882190/full_enhanced
claude_opus_4_8,claude-opus-4-8,anthropic,Money-Tracker--activity_import_export--77882190,Money Tracker,activity_import_export,1,src-9fc9ea4b465c64070dc8,raw_baseline,1,1,experiments/android_xml_v2_external_extension/top2_matrix/frozen_inputs/Money-Tracker--activity_import_export--77882190,9746f8e18abe8c24aeffdcfe6789c37c5f37ecfe74b900886ccf16ad3e4c83f2,9fa9b1888d9a0e71042539bc67f593e6e8d2f6fd33704764588b12410414e4db,experiments/android_xml_v2_formal/multimodel_v2_3_40app/runs/claude_opus_4_8/Money-Tracker--activity_import_export--77882190/raw_baseline
claude_opus_4_8,claude-opus-4-8,anthropic,Trivia-You--dialog_download--fb56f16a,Trivia You,dialog_download,1,src-4bdb38bd6efbcfb0df7d,raw_baseline,1,1,experiments/android_xml_v2_external_extension/top2_matrix/frozen_inputs/Trivia-You--dialog_download--fb56f16a,d4aa2ad943b7b6ddb59c9bf59fa06b7ba2e873b7f124ba08c10b32eb725a6187,1540f0e6fe2aa2106f89185bb862d8f1d830682b5bc7eaa491da6dcc7be764dd,experiments/android_xml_v2_formal/multimodel_v2_3_40app/runs/claude_opus_4_8/Trivia-You--dialog_download--fb56f16a/raw_baseline
claude_opus_4_8,claude-opus-4-8,anthropic,Trivia-You--dialog_download--fb56f16a,Trivia You,dialog_download,1,src-4bdb38bd6efbcfb0df7d,full_enhanced,1,9,experiments/android_xml_v2_external_extension/top2_matrix/frozen_inputs/Trivia-You--dialog_download--fb56f16a,d4aa2ad943b7b6ddb59c9bf59fa06b7ba2e873b7f124ba08c10b32eb725a6187,7fad00b9c022e5a75c6a53c9510bdc5cf7ffcd215595df575c293b6d6a9d4683,experiments/android_xml_v2_formal/multimodel_v2_3_40app/runs/claude_opus_4_8/Trivia-You--dialog_download--fb56f16a/full_enhanced
claude_opus_4_8,claude-opus-4-8,anthropic,Trivia-You--dialog_edit_text--68e304c1,Trivia You,dialog_edit_text,1,src-57280572d3e05d5a2981,raw_baseline,1,1,experiments/android_xml_v2_external_extension/top2_matrix/frozen_inputs/Trivia-You--dialog_edit_text--68e304c1,1c8b07daa18e071b3cba9cb2f36aa0cb7739eb53c62210fe3d1016599035a35a,955b599a2a766bdd5f5d1e833017cd790bb746f681f7b052bea4c8719a6c41ce,experiments/android_xml_v2_formal/multimodel_v2_3_40app/runs/claude_opus_4_8/Trivia-You--dialog_edit_text--68e304c1/raw_baseline
claude_opus_4_8,claude-opus-4-8,anthropic,Trivia-You--dialog_edit_text--68e304c1,Trivia You,dialog_edit_text,1,src-57280572d3e05d5a2981,full_enhanced,1,9,experiments/android_xml_v2_external_extension/top2_matrix/frozen_inputs/Trivia-You--dialog_edit_text--68e304c1,1c8b07daa18e071b3cba9cb2f36aa0cb7739eb53c62210fe3d1016599035a35a,10f469e7bb2811a8602caf7cf092bbb530e59dfaa6cca2807d8f03f1e8e3f8d6,experiments/android_xml_v2_formal/multimodel_v2_3_40app/runs/claude_opus_4_8/Trivia-You--dialog_edit_text--68e304c1/full_enhanced
claude_opus_4_8,claude-opus-4-8,anthropic,Trivia-You--fragment_create_quiz--e9ee6c16,Trivia You,fragment_create_quiz,2,src-5864d64e5a9e080814f5;src-78aead24089d4ea00aaa,raw_baseline,1,1,experiments/android_xml_v2_external_extension/top2_matrix/frozen_inputs/Trivia-You--fragment_create_quiz--e9ee6c16,1e48c1c1a71b9aca27422b80a1e18c031dd28c276c396b03975296a98b94e2e6,93820d9305b534a211b714bf994a54676d1e5f44cc82e19d1e28357b73d5f8e5,experiments/android_xml_v2_formal/multimodel_v2_3_40app/runs/claude_opus_4_8/Trivia-You--fragment_create_quiz--e9ee6c16/raw_baseline
claude_opus_4_8,claude-opus-4-8,anthropic,Trivia-You--fragment_create_quiz--e9ee6c16,Trivia You,fragment_create_quiz,2,src-5864d64e5a9e080814f5;src-78aead24089d4ea00aaa,full_enhanced,1,9,experiments/android_xml_v2_external_extension/top2_matrix/frozen_inputs/Trivia-You--fragment_create_quiz--e9ee6c16,1e48c1c1a71b9aca27422b80a1e18c031dd28c276c396b03975296a98b94e2e6,6ec9972c3b694f83f209f66a41f1fbeec1ddfd11f420de1724991e66257e5762,experiments/android_xml_v2_formal/multimodel_v2_3_40app/runs/claude_opus_4_8/Trivia-You--fragment_create_quiz--e9ee6c16/full_enhanced
claude_opus_4_8,claude-opus-4-8,anthropic,Glucosio--activity_a1_calculator--461917ba,Glucosio,activity_a1_calculator,1,src-6a0ba2aa16916a288223,full_enhanced,1,9,experiments/android_xml_v2_external_extension/top2_matrix/frozen_inputs/Glucosio--activity_a1_calculator--461917ba,ec347353beeed4b79e608c6386677dba0f69a7edf84d0bc9c472f50c914c944a,25d1f01477b22256a8603a1efd9b4730994806dd9cf0b0b0d73b4da5bc25d340,experiments/android_xml_v2_formal/multimodel_v2_3_40app/runs/claude_opus_4_8/Glucosio--activity_a1_calculator--461917ba/full_enhanced
claude_opus_4_8,claude-opus-4-8,anthropic,Glucosio--activity_a1_calculator--461917ba,Glucosio,activity_a1_calculator,1,src-6a0ba2aa16916a288223,raw_baseline,1,1,experiments/android_xml_v2_external_extension/top2_matrix/frozen_inputs/Glucosio--activity_a1_calculator--461917ba,ec347353beeed4b79e608c6386677dba0f69a7edf84d0bc9c472f50c914c944a,d9a7fbdf59360bc8d46fbbce9b9d8abae60f5fd8fdbd04097a0c0ea0ba0c25d5,experiments/android_xml_v2_formal/multimodel_v2_3_40app/runs/claude_opus_4_8/Glucosio--activity_a1_calculator--461917ba/raw_baseline
claude_opus_4_8,claude-opus-4-8,anthropic,Glucosio--fragment_assistant--c8a9c95d,Glucosio,fragment_assistant,1,src-15dcbf378a83c4358cd0,raw_baseline,1,1,experiments/android_xml_v2_external_extension/top2_matrix/frozen_inputs/Glucosio--fragment_assistant--c8a9c95d,803d831b752d3328f88a9e2936f73a423b724641beecf61dada6047558cfea1e,c38bc4810c876e29090652c5efd8f81703e7ae53c7e22950b1cb39f7291ba89a,experiments/android_xml_v2_formal/multimodel_v2_3_40app/runs/claude_opus_4_8/Glucosio--fragment_assistant--c8a9c95d/raw_baseline
claude_opus_4_8,claude-opus-4-8,anthropic,Glucosio--fragment_assistant--c8a9c95d,Glucosio,fragment_assistant,1,src-15dcbf378a83c4358cd0,full_enhanced,1,9,experiments/android_xml_v2_external_extension/top2_matrix/frozen_inputs/Glucosio--fragment_assistant--c8a9c95d,803d831b752d3328f88a9e2936f73a423b724641beecf61dada6047558cfea1e,b1b2fc75cbc0a9a0a1f6b21a97b602b06a3fb21cfe01b3a724024e0d6e648797,experiments/android_xml_v2_formal/multimodel_v2_3_40app/runs/claude_opus_4_8/Glucosio--fragment_assistant--c8a9c95d/full_enhanced
claude_opus_4_8,claude-opus-4-8,anthropic,Glucosio--fragment_history--5ff7a2b4,Glucosio,fragment_history,1,src-97e9f0b1fb61a2bc257b,raw_baseline,1,1,experiments/android_xml_v2_external_extension/top2_matrix/frozen_inputs/Glucosio--fragment_history--5ff7a2b4,3076bd1753ebac203cde5f4858364f84fea16bb43ccb6c6c0d9f11d841dd43eb,29da5ef560c70c14c0e9e29e74cef146c5236c70643ed98015c4e822018e8982,experiments/android_xml_v2_formal/multimodel_v2_3_40app/runs/claude_opus_4_8/Glucosio--fragment_history--5ff7a2b4/raw_baseline
claude_opus_4_8,claude-opus-4-8,anthropic,Glucosio--fragment_history--5ff7a2b4,Glucosio,fragment_history,1,src-97e9f0b1fb61a2bc257b,full_enhanced,1,9,experiments/android_xml_v2_external_extension/top2_matrix/frozen_inputs/Glucosio--fragment_history--5ff7a2b4,3076bd1753ebac203cde5f4858364f84fea16bb43ccb6c6c0d9f11d841dd43eb,8e02616529f9b355b8c31e4e24d4d76124897ce9d93e8f2a93aa507320c82efd,experiments/android_xml_v2_formal/multimodel_v2_3_40app/runs/claude_opus_4_8/Glucosio--fragment_history--5ff7a2b4/full_enhanced
claude_opus_4_8,claude-opus-4-8,anthropic,sesam--activity_myprofile--4a0f917e,sesam,activity_myprofile,1,src-55ec2a17c837a72bce61,raw_baseline,1,1,experiments/android_xml_v2_external_extension/top2_matrix/frozen_inputs/sesam--activity_myprofile--4a0f917e,c9cf0904c9c9c4668edc22a105a8b082b6d2962cce01da5ceb7dec2eb71cc963,c0915c3a12378857b8bd1ab9207a4d67bedf0d8e5b440eb9d7f0b1e5cff3f532,experiments/android_xml_v2_formal/multimodel_v2_3_40app/runs/claude_opus_4_8/sesam--activity_myprofile--4a0f917e/raw_baseline
claude_opus_4_8,claude-opus-4-8,anthropic,sesam--activity_myprofile--4a0f917e,sesam,activity_myprofile,1,src-55ec2a17c837a72bce61,full_enhanced,1,9,experiments/android_xml_v2_external_extension/top2_matrix/frozen_inputs/sesam--activity_myprofile--4a0f917e,c9cf0904c9c9c4668edc22a105a8b082b6d2962cce01da5ceb7dec2eb71cc963,892aab0768a857218a2c0f587ef86a5bca76b2358137f66121d40291943b19a9,experiments/android_xml_v2_formal/multimodel_v2_3_40app/runs/claude_opus_4_8/sesam--activity_myprofile--4a0f917e/full_enhanced
claude_opus_4_8,claude-opus-4-8,anthropic,sesam--dialog_domain--557028e9,sesam,dialog_domain,1,src-0b263714361b4bf9dc69,full_enhanced,1,9,experiments/android_xml_v2_external_extension/top2_matrix/frozen_inputs/sesam--dialog_domain--557028e9,2198bf840f58d20a7d737f55d5879be02d125c9a1f1ec03d6e8d61e1f6f08502,9de28f180fbb4a43b4456e8e83b210959f010ae34b86328d7d80d90b18d2dbf6,experiments/android_xml_v2_formal/multimodel_v2_3_40app/runs/claude_opus_4_8/sesam--dialog_domain--557028e9/full_enhanced
claude_opus_4_8,claude-opus-4-8,anthropic,sesam--dialog_domain--557028e9,sesam,dialog_domain,1,src-0b263714361b4bf9dc69,raw_baseline,1,1,experiments/android_xml_v2_external_extension/top2_matrix/frozen_inputs/sesam--dialog_domain--557028e9,2198bf840f58d20a7d737f55d5879be02d125c9a1f1ec03d6e8d61e1f6f08502,8a7fcb37c176a8fa8ae9a0e3ac664e1d90684543b6da80ab2f800ea6a10e2349,experiments/android_xml_v2_formal/multimodel_v2_3_40app/runs/claude_opus_4_8/sesam--dialog_domain--557028e9/raw_baseline
claude_opus_4_8,claude-opus-4-8,anthropic,sesam--dialog_profile--b0db8e89,sesam,dialog_profile,2,src-8f03acce56778fdbe56f;src-edc90e398eb7dc817f46,raw_baseline,1,1,experiments/android_xml_v2_external_extension/top2_matrix/frozen_inputs/sesam--dialog_profile--b0db8e89,e6009f7835a624a07f0c846f4f9a0af59b40224bcc008cb509a696ca43fd6b37,4e78e61974aff04fe30737abca5c1f374eed280641009db069e5662dfe9db9af,experiments/android_xml_v2_formal/multimodel_v2_3_40app/runs/claude_opus_4_8/sesam--dialog_profile--b0db8e89/raw_baseline
claude_opus_4_8,claude-opus-4-8,anthropic,sesam--dialog_profile--b0db8e89,sesam,dialog_profile,2,src-8f03acce56778fdbe56f;src-edc90e398eb7dc817f46,full_enhanced,1,9,experiments/android_xml_v2_external_extension/top2_matrix/frozen_inputs/sesam--dialog_profile--b0db8e89,e6009f7835a624a07f0c846f4f9a0af59b40224bcc008cb509a696ca43fd6b37,4fcb5c915fd5894557a3bac21e3b0722856e28f90e00f73dc4b460324a655b5e,experiments/android_xml_v2_formal/multimodel_v2_3_40app/runs/claude_opus_4_8/sesam--dialog_profile--b0db8e89/full_enhanced
