candidate_id,package_name,app_name,repository_url,repo_type,commit_hash,subdir,xml_path,line_number,widget_type,widget_id,issue_type,issue_subtype,severity,confidence,difficulty,xml_safe,runtime_required,evidence,relevant_attributes,resolved_resource_values,parent_context,screen_or_layout_name,repository_status,source_type,dedup_group,manual_review_status,selection_status,dataset_split,notes,source_dataset,candidate_role,exploratory_long_tail,source_severity,source_confidence,source_xml_safe,source_runtime_required,repository_path,normalized_xml_path,source_file_sha256,commit_file_sha256,relocated_line_number,normalized_widget_type,consistency_status,frozen_dataset_version,exclusion_reason,source_partition
src-a930b758db8b23d1d866,app.prav.client,Prav,https://codeberg.org/prav/prav.git,git,9d6943f270679bf8d4d6cfa9eb181af72d4ffdc5,,src/main/res/layout/actionview_search.xml,10,EditText,@+id/search_field,input_label_hint,input_missing_label_and_hint,error,high,medium,true,false,输入框缺少稳定标签或 hint。请添加 android:hint，或使用 TextView android:labelFor 关联标签。,"{""focusable"": ""true"", ""id"": ""@+id/search_field"", ""imeOptions"": ""flagNoExtractUi|actionSearch"", ""inputType"": ""textEmailAddress|textNoSuggestions"", ""layout_height"": ""wrap_content"", ""layout_marginHorizontal"": ""12dp"", ""layout_width"": ""match_parent""}","{""focusable"": {""raw"": ""true"", ""status"": ""literal"", ""value"": ""true""}, ""id"": {""raw"": ""@+id/search_field"", ""status"": ""resolved"", ""value"": [""src/main/res/layout/actionview_search.xml""]}, ""imeOptions"": {""raw"": ""flagNoExtractUi|actionSearch"", ""status"": ""literal"", ""value"": ""flagNoExtractUi|actionSearch""}, ""inputType"": {""raw"": ""textEmailAddress|textNoSuggestions"", ""status"": ""literal"", ""value"": ""textEmailAddress|textNoSuggestions""}, ""layout_height"": {""raw"": ""wrap_content"", ""status"": ""literal"", ""value"": ""wrap_content""}, ""layout_marginHorizontal"": {""raw"": ""12dp"", ""status"": ""literal"", ""value"": ""12dp""}, ""layout_width"": {""raw"": ""match_parent"", ""status"": ""literal"", ""value"": ""match_parent""}}","{""included_by"": [], ""is_merge_layout"": false, ""root_tag"": ""RelativeLayout"", ""selector_ancestors"": [""RelativeLayout[1]""]}",actionview_search,existing_local,natural_source_issue,d05987a1145ef7de048f2fb7fc104aabd92770c2846f7378798bfa23ec7e06a4,pending,included,test,,formal_scan_162,xml_safe,false,error,high,true,false,${FDROID_ROOT}/selected_xml_apps/Prav,src/main/res/layout/actionview_search.xml,3cd0c393c42906830c501f277c11c9d23de71da2ed1a9902db4ff50b5c52f942,3cd0c393c42906830c501f277c11c9d23de71da2ed1a9902db4ff50b5c52f942,10,EditText,passed,v2.0.0,,existing_v2_test
src-abd32317fd9b602b362d,app.prav.client,Prav,https://codeberg.org/prav/prav.git,git,9d6943f270679bf8d4d6cfa9eb181af72d4ffdc5,,src/main/res/layout/dialog_quickedit.xml,19,EditText,@+id/input_edit_text,input_label_hint,input_missing_label_and_hint,error,high,medium,true,false,输入框缺少稳定标签或 hint。请添加 android:hint，或使用 TextView android:labelFor 关联标签。,"{""ems"": ""10"", ""id"": ""@+id/input_edit_text"", ""inputType"": ""textPersonName"", ""layout_height"": ""wrap_content"", ""layout_width"": ""match_parent"", ""padding"": ""16dp""}","{""ems"": {""raw"": ""10"", ""status"": ""literal"", ""value"": ""10""}, ""id"": {""raw"": ""@+id/input_edit_text"", ""status"": ""resolved"", ""value"": [""src/main/res/layout/dialog_quickedit.xml""]}, ""inputType"": {""raw"": ""textPersonName"", ""status"": ""literal"", ""value"": ""textPersonName""}, ""layout_height"": {""raw"": ""wrap_content"", ""status"": ""literal"", ""value"": ""wrap_content""}, ""layout_width"": {""raw"": ""match_parent"", ""status"": ""literal"", ""value"": ""match_parent""}, ""padding"": {""raw"": ""16dp"", ""status"": ""literal"", ""value"": ""16dp""}}","{""included_by"": [], ""is_merge_layout"": false, ""root_tag"": ""layout"", ""selector_ancestors"": [""layout[1]"", ""LinearLayout[1]"", ""TextInputLayout[1]""]}",dialog_quickedit,existing_local,natural_source_issue,eae679e327e05cedb511e7ba766ddf88229d8dd5d5502c3f22d573fadfa9966c,pending,included,test,,formal_scan_162,xml_safe,false,error,high,true,false,${FDROID_ROOT}/selected_xml_apps/Prav,src/main/res/layout/dialog_quickedit.xml,66dac12dac5bd43ac97767999c2dbf0fcde21bcb8fe65784055624123ff9564c,66dac12dac5bd43ac97767999c2dbf0fcde21bcb8fe65784055624123ff9564c,19,EditText,passed,v2.0.0,,existing_v2_test
src-43583afaca5d9b10eecd,app.prav.client,Prav,https://codeberg.org/prav/prav.git,git,9d6943f270679bf8d4d6cfa9eb181af72d4ffdc5,,src/main/res/layout/item_account.xml,27,MaterialSwitch,@+id/tgl_account_status,focus_accessibility_tree,interactive_control_not_focusable,error,high,hard,true,false,"已启用的标准交互控件显式设置了 focusable=""false""，会阻止键盘或方向键焦点访问。","{""focusable"": ""false"", ""id"": ""@+id/tgl_account_status"", ""layout_alignParentEnd"": ""true"", ""layout_centerVertical"": ""true"", ""layout_height"": ""wrap_content"", ""layout_width"": ""wrap_content"", ""padding"": ""16dp""}","{""focusable"": {""raw"": ""false"", ""status"": ""literal"", ""value"": ""false""}, ""id"": {""raw"": ""@+id/tgl_account_status"", ""status"": ""resolved"", ""value"": [""src/main/res/layout/item_account.xml""]}, ""layout_alignParentEnd"": {""raw"": ""true"", ""status"": ""literal"", ""value"": ""true""}, ""layout_centerVertical"": {""raw"": ""true"", ""status"": ""literal"", ""value"": ""true""}, ""layout_height"": {""raw"": ""wrap_content"", ""status"": ""literal"", ""value"": ""wrap_content""}, ""layout_width"": {""raw"": ""wrap_content"", ""status"": ""literal"", ""value"": ""wrap_content""}, ""padding"": {""raw"": ""16dp"", ""status"": ""literal"", ""value"": ""16dp""}}","{""included_by"": [], ""is_merge_layout"": false, ""root_tag"": ""layout"", ""selector_ancestors"": [""layout[1]"", ""RelativeLayout[1]""]}",item_account,existing_local,natural_source_issue,eac710ea10a8054b2f23121527a5efe7fa1f5ab7ccf48af54d28d9c9bbc1a6b4,pending,included,test,,formal_scan_162,xml_safe,false,error,high,true,false,${FDROID_ROOT}/selected_xml_apps/Prav,src/main/res/layout/item_account.xml,2becc59561f08ad0bc307fb504a6d18a7592b5afea0ba9c0bbb554997aa50152,2becc59561f08ad0bc307fb504a6d18a7592b5afea0ba9c0bbb554997aa50152,27,SelectionControl,passed,v2.0.0,,existing_v2_test
src-248a2284bfbcf701d37c,app.prav.client,Prav,https://codeberg.org/prav/prav.git,git,9d6943f270679bf8d4d6cfa9eb181af72d4ffdc5,,src/main/res/layout/item_device_fingerprint.xml,20,TextView,@+id/key,accessible_name_missing,custom_clickable_missing_name,error,high,medium,true,false,交互控件缺少可访问名称。请使用 text、contentDescription、hint 或把现有可见 TextView 通过 labelFor 与控件关联。,"{""clickable"": ""true"", ""fontFamily"": ""monospace"", ""id"": ""@+id/key"", ""layout_height"": ""wrap_content"", ""layout_width"": ""wrap_content"", ""longClickable"": ""true"", ""textAppearance"": ""?textAppearanceBodyMedium""}","{""clickable"": {""raw"": ""true"", ""status"": ""literal"", ""value"": ""true""}, ""fontFamily"": {""raw"": ""monospace"", ""status"": ""literal"", ""value"": ""monospace""}, ""id"": {""raw"": ""@+id/key"", ""status"": ""resolved"", ""value"": [""src/main/res/layout/item_contact.xml"", ""src/main/res/layout/item_device_fingerprint.xml""]}, ""layout_height"": {""raw"": ""wrap_content"", ""status"": ""literal"", ""value"": ""wrap_content""}, ""layout_width"": {""raw"": ""wrap_content"", ""status"": ""literal"", ""value"": ""wrap_content""}, ""longClickable"": {""raw"": ""true"", ""status"": ""literal"", ""value"": ""true""}, ""textAppearance"": {""raw"": ""?textAppearanceBodyMedium"", ""status"": ""literal"", ""value"": ""?textAppearanceBodyMedium""}}","{""included_by"": [], ""is_merge_layout"": false, ""root_tag"": ""layout"", ""selector_ancestors"": [""layout[1]"", ""RelativeLayout[1]"", ""LinearLayout[1]""]}",item_device_fingerprint,existing_local,natural_source_issue,062f303517a35d74d386c81155f11abb8f9a898ed39ec1e41fcab7ce51421743,pending,included,test,,formal_scan_162,xml_safe,false,error,high,true,false,${FDROID_ROOT}/selected_xml_apps/Prav,src/main/res/layout/item_device_fingerprint.xml,787619ce22f8d94beb59f0a4c28444f146ecdb355b628ce8bf6852957119a26e,787619ce22f8d94beb59f0a4c28444f146ecdb355b628ce8bf6852957119a26e,20,TextView,passed,v2.0.0,,existing_v2_test
src-34b679a204750456af75,app.prav.client,Prav,https://codeberg.org/prav/prav.git,git,9d6943f270679bf8d4d6cfa9eb181af72d4ffdc5,,src/quicksy/res/layout/activity_enter_number.xml,69,EditText,@+id/country_code,input_label_hint,input_missing_label_and_hint,error,high,medium,true,false,输入框缺少稳定标签或 hint。请添加 android:hint，或使用 TextView android:labelFor 关联标签。,"{""gravity"": ""bottom|center_horizontal"", ""id"": ""@+id/country_code"", ""imeOptions"": ""flagNoExtractUi"", ""inputType"": ""number"", ""layout_height"": ""wrap_content"", ""layout_weight"": ""1"", ""layout_width"": ""0dp"", ""longClickable"": ""false"", ""maxLength"": ""3"", ""maxLines"": ""1""}","{""gravity"": {""raw"": ""bottom|center_horizontal"", ""status"": ""literal"", ""value"": ""bottom|center_horizontal""}, ""id"": {""raw"": ""@+id/country_code"", ""status"": ""resolved"", ""value"": [""src/quicksy/res/layout/activity_enter_number.xml"", ""src/quicksy/res/layout/country_item.xml""]}, ""imeOptions"": {""raw"": ""flagNoExtractUi"", ""status"": ""literal"", ""value"": ""flagNoExtractUi""}, ""inputType"": {""raw"": ""number"", ""status"": ""literal"", ""value"": ""number""}, ""layout_height"": {""raw"": ""wrap_content"", ""status"": ""literal"", ""value"": ""wrap_content""}, ""layout_weight"": {""raw"": ""1"", ""status"": ""literal"", ""value"": ""1""}, ""layout_width"": {""raw"": ""0dp"", ""status"": ""literal"", ""value"": ""0dp""}, ""longClickable"": {""raw"": ""false"", ""status"": ""literal"", ""value"": ""false""}, ""maxLength"": {""raw"": ""3"", ""status"": ""literal"", ""value"": ""3""}, ""maxLines"": {""raw"": ""1"", ""status"": ""literal"", ""value"": ""1""}}","{""included_by"": [], ""is_merge_layout"": false, ""root_tag"": ""layout"", ""selector_ancestors"": [""layout[1]"", ""RelativeLayout[1]"", ""ScrollView[1]"", ""LinearLayout[1]"", ""LinearLayout[1]"", ""LinearLayout[1]""]}",activity_enter_number,existing_local,natural_source_issue,02e6433b081d3922049c6a4f5487292fa4752f7500b5c1b74489cf146de54f0b,pending,included,test,,formal_scan_162,xml_safe,false,error,high,true,false,${FDROID_ROOT}/selected_xml_apps/Prav,src/quicksy/res/layout/activity_enter_number.xml,e9b3affb712cb502d67d0f78ce5cf87a8b88d4e1a8acde5b6f109b10982e3c4c,e9b3affb712cb502d67d0f78ce5cf87a8b88d4e1a8acde5b6f109b10982e3c4c,69,EditText,passed,v2.0.0,,existing_v2_test
src-fb6ce2b54906613f7dba,app.passwordstore.agrahn,Android Password Store,https://github.com/agrahn/Android-Password-Store.git,git,bcebd2918f34476bf68df4233ea052a938337c92,app,app/src/main/res/layout/password_creation_activity.xml,22,TextInputEditText,@+id/directory,focus_accessibility_tree,interactive_control_not_focusable,error,high,hard,true,false,"已启用的标准交互控件显式设置了 focusable=""false""，会阻止键盘或方向键焦点访问。","{""clickable"": ""true"", ""focusable"": ""false"", ""id"": ""@+id/directory"", ""imeOptions"": ""actionNext"", ""layout_height"": ""wrap_content"", ""layout_width"": ""match_parent"", ""nextFocusForward"": ""@id/password"", ""text"": ""CATEGORY HERE""}","{""clickable"": {""raw"": ""true"", ""status"": ""literal"", ""value"": ""true""}, ""focusable"": {""raw"": ""false"", ""status"": ""literal"", ""value"": ""false""}, ""id"": {""raw"": ""@+id/directory"", ""status"": ""resolved"", ""value"": [""app/src/main/res/layout/password_creation_activity.xml""]}, ""imeOptions"": {""raw"": ""actionNext"", ""status"": ""literal"", ""value"": ""actionNext""}, ""layout_height"": {""raw"": ""wrap_content"", ""status"": ""literal"", ""value"": ""wrap_content""}, ""layout_width"": {""raw"": ""match_parent"", ""status"": ""literal"", ""value"": ""match_parent""}, ""nextFocusForward"": {""raw"": ""@id/password"", ""status"": ""resolved"", ""value"": [""app/src/main/res/layout/password_creation_activity.xml""]}, ""text"": {""raw"": ""CATEGORY HERE"", ""status"": ""literal"", ""value"": ""CATEGORY HERE""}}","{""included_by"": [], ""is_merge_layout"": false, ""root_tag"": ""ScrollView"", ""selector_ancestors"": [""ScrollView[1]"", ""ConstraintLayout[1]"", ""TextInputLayout[1]""]}",password_creation_activity,existing_local,natural_source_issue,3c89401ff1cb188465c485a65c8a4e62b42f28fdbae084684db090f673e195bd,pending,included,test,,formal_scan_162,xml_safe,false,error,high,true,false,${FDROID_ROOT}/selected_xml_apps/Android-Password-Store,app/src/main/res/layout/password_creation_activity.xml,0c8390367bd4fe5731ffc3d155cc2a7f150a472f2ca0dddba7b77c1a7e7f4f27,0c8390367bd4fe5731ffc3d155cc2a7f150a472f2ca0dddba7b77c1a7e7f4f27,22,EditText,passed,v2.0.0,,existing_v2_test
src-404ea75ac9efacbe533c,allen.town.focus.mastodon,FocusMastodon,https://github.com/allentown521/FocusMastodon.git,git,f55325d1a4cff75bed0cd47208685fe4ce6bcd05,app,app/src/main/res/layout/compose_poll_option.xml,23,EditText,@+id/edit,input_label_hint,input_missing_label_and_hint,error,high,medium,true,false,输入框缺少稳定标签或 hint。请添加 android:hint，或使用 TextView android:labelFor 关联标签。,"{""background"": ""@null"", ""id"": ""@+id/edit"", ""inputType"": ""textCapSentences"", ""layout_height"": ""match_parent"", ""layout_weight"": ""1"", ""layout_width"": ""0dp"", ""paddingEnd"": ""16dp"", ""paddingStart"": ""0dp"", ""saveEnabled"": ""false"", ""singleLine"": ""true"", ""textAppearance"": ""@style/m3_title_medium""}","{""background"": {""raw"": ""@null"", ""status"": ""literal"", ""value"": ""@null""}, ""id"": {""raw"": ""@+id/edit"", ""status"": ""resolved"", ""value"": [""app/src/main/res/layout/compose_poll_option.xml""]}, ""inputType"": {""raw"": ""textCapSentences"", ""status"": ""literal"", ""value"": ""textCapSentences""}, ""layout_height"": {""raw"": ""match_parent"", ""status"": ""literal"", ""value"": ""match_parent""}, ""layout_weight"": {""raw"": ""1"", ""status"": ""literal"", ""value"": ""1""}, ""layout_width"": {""raw"": ""0dp"", ""status"": ""literal"", ""value"": ""0dp""}, ""paddingEnd"": {""raw"": ""16dp"", ""status"": ""literal"", ""value"": ""16dp""}, ""paddingStart"": {""raw"": ""0dp"", ""status"": ""literal"", ""value"": ""0dp""}, ""saveEnabled"": {""raw"": ""false"", ""status"": ""literal"", ""value"": ""false""}, ""singleLine"": {""raw"": ""true"", ""status"": ""literal"", ""value"": ""true""}, ""textAppearance"": {""raw"": ""@style/m3_title_medium"", ""status"": ""resolved"", ""value"": {""{http://schemas.android.com/apk/res/android}fontFamily"": ""sans-serif-medium"", ""{http://schemas.android.com/apk/res/android}lineSpacingExtra"": ""5dp"", ""{http://schemas.android.com/apk/res/android}textColor"": ""?android:textColorPrimary"", ""{http://schemas.android.com/apk/res/android}textSize"": ""16dp""}}}","{""included_by"": [], ""is_merge_layout"": false, ""root_tag"": ""LinearLayout"", ""selector_ancestors"": [""LinearLayout[1]"", ""LinearLayout[1]""]}",compose_poll_option,existing_local,natural_source_issue,a6bc9a05234233f25a17a0a281fa00030f346e4a8f35a01990651abf4d96c9c6,pending,included,test,,formal_scan_162,xml_safe,false,error,high,true,false,${FDROID_ROOT}/selected_xml_apps/FocusMastodon,app/src/main/res/layout/compose_poll_option.xml,ad20e5b283b782f675a885defa1aff574e8d2d28b208298457af5e831a44804a,ad20e5b283b782f675a885defa1aff574e8d2d28b208298457af5e831a44804a,23,EditText,passed,v2.0.0,,existing_v2_test
src-ca9cdbbf2edfc4f9af55,allen.town.focus.mastodon,FocusMastodon,https://github.com/allentown521/FocusMastodon.git,git,f55325d1a4cff75bed0cd47208685fe4ce6bcd05,app,app/src/main/res/layout/configuration_page.xml,33,ATESwitch,@+id/default_page,stateful_dynamic_value,stateful_control_missing_label,error,high,medium,true,false,交互控件缺少可访问名称。请使用 text、contentDescription、hint 或把现有可见 TextView 通过 labelFor 与控件关联。,"{""clickable"": ""false"", ""id"": ""@+id/default_page"", ""layout_height"": ""wrap_content"", ""layout_marginLeft"": ""16dp"", ""layout_width"": ""wrap_content"", ""showText"": ""false"", ""thumb"": ""@drawable/switch_thumb"", ""track"": ""@drawable/switch_track""}","{""clickable"": {""raw"": ""false"", ""status"": ""literal"", ""value"": ""false""}, ""id"": {""raw"": ""@+id/default_page"", ""status"": ""resolved"", ""value"": [""app/src/main/res/layout/configuration_page.xml""]}, ""layout_height"": {""raw"": ""wrap_content"", ""status"": ""literal"", ""value"": ""wrap_content""}, ""layout_marginLeft"": {""raw"": ""16dp"", ""status"": ""literal"", ""value"": ""16dp""}, ""layout_width"": {""raw"": ""wrap_content"", ""status"": ""literal"", ""value"": ""wrap_content""}, ""showText"": {""raw"": ""false"", ""status"": ""literal"", ""value"": ""false""}, ""thumb"": {""raw"": ""@drawable/switch_thumb"", ""status"": ""unsupported"", ""value"": ""@drawable/switch_thumb""}, ""track"": {""raw"": ""@drawable/switch_track"", ""status"": ""unsupported"", ""value"": ""@drawable/switch_track""}}","{""included_by"": [], ""is_merge_layout"": false, ""root_tag"": ""LinearLayout"", ""selector_ancestors"": [""LinearLayout[1]"", ""LinearLayout[1]""]}",configuration_page,existing_local,natural_source_issue,94c28df5a4d1a59a12657c6b8a0a177ef6b117d9870e665b8a8ac5080140b9a7,pending,included,test,,formal_scan_162,xml_safe,false,error,high,true,false,${FDROID_ROOT}/selected_xml_apps/FocusMastodon,app/src/main/res/layout/configuration_page.xml,c30fa4ece2e0c976a1315efb81de151e1ff459d03d90a6e15d0d441640f080f6,c30fa4ece2e0c976a1315efb81de151e1ff459d03d90a6e15d0d441640f080f6,33,SelectionControl,passed,v2.0.0,,existing_v2_test
src-0774e452bebb11eeed97,allen.town.focus.mastodon,FocusMastodon,https://github.com/allentown521/FocusMastodon.git,git,f55325d1a4cff75bed0cd47208685fe4ce6bcd05,app,app/src/main/res/layout/fragment_onboarding_common.xml,23,ImageButton,@+id/btn_back,accessible_name_missing,image_button_missing_name,error,high,easy,true,false,交互控件缺少可访问名称。请使用 text、contentDescription、hint 或把现有可见 TextView 通过 labelFor 与控件关联。,"{""background"": ""?android:selectableItemBackgroundBorderless"", ""id"": ""@+id/btn_back"", ""layout_alignParentStart"": ""true"", ""layout_alignParentTop"": ""true"", ""layout_height"": ""24dp"", ""layout_marginStart"": ""8dp"", ""layout_marginTop"": ""20dp"", ""layout_width"": ""24dp"", ""src"": ""@drawable/ic_arrow_back"", ""tint"": ""?colorOnSurface""}","{""background"": {""raw"": ""?android:selectableItemBackgroundBorderless"", ""status"": ""literal"", ""value"": ""?android:selectableItemBackgroundBorderless""}, ""id"": {""raw"": ""@+id/btn_back"", ""status"": ""resolved"", ""value"": [""app/src/main/res/layout/fragment_onboarding_common.xml"", ""app/src/main/res/layout/fragment_onboarding_rules.xml""]}, ""layout_alignParentStart"": {""raw"": ""true"", ""status"": ""literal"", ""value"": ""true""}, ""layout_alignParentTop"": {""raw"": ""true"", ""status"": ""literal"", ""value"": ""true""}, ""layout_height"": {""raw"": ""24dp"", ""status"": ""literal"", ""value"": ""24dp""}, ""layout_marginStart"": {""raw"": ""8dp"", ""status"": ""literal"", ""value"": ""8dp""}, ""layout_marginTop"": {""raw"": ""20dp"", ""status"": ""literal"", ""value"": ""20dp""}, ""layout_width"": {""raw"": ""24dp"", ""status"": ""literal"", ""value"": ""24dp""}, ""src"": {""raw"": ""@drawable/ic_arrow_back"", ""status"": ""unsupported"", ""value"": ""@drawable/ic_arrow_back""}, ""tint"": {""raw"": ""?colorOnSurface"", ""status"": ""literal"", ""value"": ""?colorOnSurface""}}","{""included_by"": [], ""is_merge_layout"": false, ""root_tag"": ""FragmentRootLinearLayout"", ""selector_ancestors"": [""FragmentRootLinearLayout[1]"", ""RelativeLayout[1]""]}",fragment_onboarding_common,existing_local,natural_source_issue,eb8073137ea789f9a2be42d663b11be69fbdd722383f1f63450e7860c91ed1a5,pending,included,test,,formal_scan_162,xml_safe,false,error,high,true,false,${FDROID_ROOT}/selected_xml_apps/FocusMastodon,app/src/main/res/layout/fragment_onboarding_common.xml,2acca34f2940b79693180a7876f939af9209334aa7e2a8705521dd361b85125e,2acca34f2940b79693180a7876f939af9209334aa7e2a8705521dd361b85125e,23,ImageButton,passed,v2.0.0,,existing_v2_test
src-2798a9011da8004b17dc,allen.town.focus.mastodon,FocusMastodon,https://github.com/allentown521/FocusMastodon.git,git,f55325d1a4cff75bed0cd47208685fe4ce6bcd05,app,app/src/main/res/layout/item_blocked_user.xml,39,ImageButton,@+id/blocked_user_unblock,accessible_name_missing,image_button_missing_name,error,high,easy,true,false,交互控件缺少可访问名称。请使用 text、contentDescription、hint 或把现有可见 TextView 通过 labelFor 与控件关联。,"{""background"": ""?attr/selectableItemBackgroundBorderless"", ""id"": ""@+id/blocked_user_unblock"", ""layout_alignParentEnd"": ""true"", ""layout_centerVertical"": ""true"", ""layout_constraintBottom_toBottomOf"": ""@id/blocked_user_avatar"", ""layout_constraintEnd_toEndOf"": ""parent"", ""layout_constraintTop_toTopOf"": ""@id/blocked_user_avatar"", ""layout_height"": ""32dp"", ""layout_marginStart"": ""12dp"", ""layout_width"": ""32dp"", ""padding"": ""4dp"", ""srcCompat"": ""@drawable/ic_close""}","{""background"": {""raw"": ""?attr/selectableItemBackgroundBorderless"", ""status"": ""literal"", ""value"": ""?attr/selectableItemBackgroundBorderless""}, ""id"": {""raw"": ""@+id/blocked_user_unblock"", ""status"": ""resolved"", ""value"": [""app/src/main/res/layout/item_blocked_user.xml""]}, ""layout_alignParentEnd"": {""raw"": ""true"", ""status"": ""literal"", ""value"": ""true""}, ""layout_centerVertical"": {""raw"": ""true"", ""status"": ""literal"", ""value"": ""true""}, ""layout_constraintBottom_toBottomOf"": {""raw"": ""@id/blocked_user_avatar"", ""status"": ""resolved"", ""value"": [""app/src/main/res/layout/item_blocked_user.xml""]}, ""layout_constraintEnd_toEndOf"": {""raw"": ""parent"", ""status"": ""literal"", ""value"": ""parent""}, ""layout_constraintTop_toTopOf"": {""raw"": ""@id/blocked_user_avatar"", ""status"": ""resolved"", ""value"": [""app/src/main/res/layout/item_blocked_user.xml""]}, ""layout_height"": {""raw"": ""32dp"", ""status"": ""literal"", ""value"": ""32dp""}, ""layout_marginStart"": {""raw"": ""12dp"", ""status"": ""literal"", ""value"": ""12dp""}, ""layout_width"": {""raw"": ""32dp"", ""status"": ""literal"", ""value"": ""32dp""}, ""padding"": {""raw"": ""4dp"", ""status"": ""literal"", ""value"": ""4dp""}, ""srcCompat"": {""raw"": ""@drawable/ic_close"", ""status"": ""unsupported"", ""value"": ""@drawable/ic_close""}}","{""included_by"": [], ""is_merge_layout"": false, ""root_tag"": ""ConstraintLayout"", ""selector_ancestors"": [""ConstraintLayout[1]""]}",item_blocked_user,existing_local,natural_source_issue,5c1244b144ca1a3aae077e6a9c1ab31b5c32208269281d7a27d91369b4a63849,pending,included,test,,formal_scan_162,xml_safe,false,error,high,true,false,${FDROID_ROOT}/selected_xml_apps/FocusMastodon,app/src/main/res/layout/item_blocked_user.xml,f2eb8ee4b3c90d1d869ed91f4687343bac366c57aa4b75485db11eed0f02e604,f2eb8ee4b3c90d1d869ed91f4687343bac366c57aa4b75485db11eed0f02e604,39,ImageButton,passed,v2.0.0,,existing_v2_test
src-a0c41e24db79f36bdfe3,allen.town.focus.mastodon,FocusMastodon,https://github.com/allentown521/FocusMastodon.git,git,f55325d1a4cff75bed0cd47208685fe4ce6bcd05,app,app/src/main/res/layout/user_chooser.xml,35,FontPrefEditText,@+id/user,input_label_hint,input_missing_label_and_hint,error,high,medium,true,false,输入框缺少稳定标签或 hint。请添加 android:hint，或使用 TextView android:labelFor 关联标签。,"{""id"": ""@+id/user"", ""layout_height"": ""wrap_content"", ""layout_weight"": ""4"", ""layout_width"": ""0dp""}","{""id"": {""raw"": ""@+id/user"", ""status"": ""resolved"", ""value"": [""app/src/main/res/layout/user_chooser.xml""]}, ""layout_height"": {""raw"": ""wrap_content"", ""status"": ""literal"", ""value"": ""wrap_content""}, ""layout_weight"": {""raw"": ""4"", ""status"": ""literal"", ""value"": ""4""}, ""layout_width"": {""raw"": ""0dp"", ""status"": ""literal"", ""value"": ""0dp""}}","{""included_by"": [], ""is_merge_layout"": false, ""root_tag"": ""LinearLayout"", ""selector_ancestors"": [""LinearLayout[1]"", ""LinearLayout[1]""]}",user_chooser,existing_local,natural_source_issue,06090e0ce7adb35be2e7c2ee8c8995a0738a0662284a8f06b90a950583ecbf6e,pending,included,test,,formal_scan_162,xml_safe,false,error,high,true,false,${FDROID_ROOT}/selected_xml_apps/FocusMastodon,app/src/main/res/layout/user_chooser.xml,ee63cc2ecb503b9d13eb0ef715e40c2cebfb3f2edbb45fbda1e850923bb518ac,ee63cc2ecb503b9d13eb0ef715e40c2cebfb3f2edbb45fbda1e850923bb518ac,35,EditText,passed,v2.0.0,,existing_v2_test
src-c559e9c5e0222ef6408f,allen.town.focus.podcast,FocusPodcast,https://github.com/allentown521/FocusPodcast.git,git,bf21b66ddea1b6197ceebf7a3e7d153353ee0359,app,app/src/main/res/layout/edit_tags_dialog_layout.xml,31,CursorAccentTextInputEditText,@+id/newTagEditText,input_label_hint,input_missing_label_and_hint,error,high,medium,true,false,输入框缺少稳定标签或 hint。请添加 android:hint，或使用 TextView android:labelFor 关联标签。,"{""id"": ""@+id/newTagEditText"", ""layout_height"": ""wrap_content"", ""layout_width"": ""match_parent"", ""lines"": ""1""}","{""id"": {""raw"": ""@+id/newTagEditText"", ""status"": ""resolved"", ""value"": [""app/src/main/res/layout/edit_tags_dialog_layout.xml""]}, ""layout_height"": {""raw"": ""wrap_content"", ""status"": ""literal"", ""value"": ""wrap_content""}, ""layout_width"": {""raw"": ""match_parent"", ""status"": ""literal"", ""value"": ""match_parent""}, ""lines"": {""raw"": ""1"", ""status"": ""literal"", ""value"": ""1""}}","{""included_by"": [], ""is_merge_layout"": false, ""root_tag"": ""LinearLayout"", ""selector_ancestors"": [""LinearLayout[1]"", ""LinearLayout[1]"", ""AccentTextInputLayout[1]""]}",edit_tags_dialog_layout,existing_local,natural_source_issue,b66d1ed16c81bca178d43629bbb8d625de790477ab73df847b90a6d437a806fd,pending,included,test,,formal_scan_162,xml_safe,false,error,high,true,false,${FDROID_ROOT}/selected_xml_apps/FocusPodcast,app/src/main/res/layout/edit_tags_dialog_layout.xml,cb2ca30911ec945cbf3de78e62196caaeb4a7f8be41cc3bde3649a6ab8d6a320,cb2ca30911ec945cbf3de78e62196caaeb4a7f8be41cc3bde3649a6ab8d6a320,31,EditText,passed,v2.0.0,,existing_v2_test
src-a97ccde8b678cdb83bbc,allen.town.focus.podcast,FocusPodcast,https://github.com/allentown521/FocusPodcast.git,git,bf21b66ddea1b6197ceebf7a3e7d153353ee0359,app,app/src/main/res/layout/edit_text_dialog.xml,18,CursorAccentTextInputEditText,@+id/urlEditText,input_label_hint,input_missing_label_and_hint,error,high,medium,true,false,输入框缺少稳定标签或 hint。请添加 android:hint，或使用 TextView android:labelFor 关联标签。,"{""ems"": ""10"", ""id"": ""@+id/urlEditText"", ""inputType"": ""text"", ""layout_height"": ""wrap_content"", ""layout_width"": ""match_parent""}","{""ems"": {""raw"": ""10"", ""status"": ""literal"", ""value"": ""10""}, ""id"": {""raw"": ""@+id/urlEditText"", ""status"": ""resolved"", ""value"": [""app/src/main/res/layout/edit_text_dialog.xml""]}, ""inputType"": {""raw"": ""text"", ""status"": ""literal"", ""value"": ""text""}, ""layout_height"": {""raw"": ""wrap_content"", ""status"": ""literal"", ""value"": ""wrap_content""}, ""layout_width"": {""raw"": ""match_parent"", ""status"": ""literal"", ""value"": ""match_parent""}}","{""included_by"": [], ""is_merge_layout"": false, ""root_tag"": ""LinearLayout"", ""selector_ancestors"": [""LinearLayout[1]"", ""AccentTextInputLayout[1]""]}",edit_text_dialog,existing_local,natural_source_issue,b7d79dbd2f18501908f8a78589f73ab7c841d9a1666aeeb41125bce5f616a0ed,pending,included,test,,formal_scan_162,xml_safe,false,error,high,true,false,${FDROID_ROOT}/selected_xml_apps/FocusPodcast,app/src/main/res/layout/edit_text_dialog.xml,d2e7150f89af205e5e1c2b55de71bba76b51edf5f99a1d9a5bb1785eaf36f12a,d2e7150f89af205e5e1c2b55de71bba76b51edf5f99a1d9a5bb1785eaf36f12a,18,EditText,passed,v2.0.0,,existing_v2_test
src-a8700af9c3a9da6a296b,allen.town.focus.podcast,FocusPodcast,https://github.com/allentown521/FocusPodcast.git,git,bf21b66ddea1b6197ceebf7a3e7d153353ee0359,app,app/src/main/res/layout/episode_filter_dialog.xml,0,CursorAccentTextInputEditText,,input_label_hint,input_missing_label_and_hint,error,high,medium,true,false,输入框缺少稳定标签或 hint。请添加 android:hint，或使用 TextView android:labelFor 关联标签。,"{""inputType"": ""text"", ""layout_height"": ""wrap_content"", ""layout_width"": ""match_parent"", ""singleLine"": ""true""}","{""inputType"": {""raw"": ""text"", ""status"": ""literal"", ""value"": ""text""}, ""layout_height"": {""raw"": ""wrap_content"", ""status"": ""literal"", ""value"": ""wrap_content""}, ""layout_width"": {""raw"": ""match_parent"", ""status"": ""literal"", ""value"": ""match_parent""}, ""singleLine"": {""raw"": ""true"", ""status"": ""literal"", ""value"": ""true""}}","{""included_by"": [], ""is_merge_layout"": false, ""root_tag"": ""ScrollView"", ""selector_ancestors"": [""ScrollView[1]"", ""LinearLayout[1]"", ""AccentTextInputLayout[1]""]}",episode_filter_dialog,existing_local,natural_source_issue,3330e23fb3ddd9caef310006077c4e83e54dcc90a832d6037964a4d73b2c9a32,pending,included,test,,formal_scan_162,xml_safe,false,error,high,true,false,${FDROID_ROOT}/selected_xml_apps/FocusPodcast,app/src/main/res/layout/episode_filter_dialog.xml,e832326e144af1b13153ee27f78cd391de0be7a41a67a56da1f7619423160abe,e832326e144af1b13153ee27f78cd391de0be7a41a67a56da1f7619423160abe,51,EditText,passed,v2.0.0,,existing_v2_test
src-9b33fd06a3d3741a2dcb,allen.town.focus.podcast,FocusPodcast,https://github.com/allentown521/FocusPodcast.git,git,bf21b66ddea1b6197ceebf7a3e7d153353ee0359,app,app/src/main/res/layout/episode_filter_dialog.xml,84,CursorAccentTextInputEditText,@+id/episodeFilterDurationText,input_label_hint,input_missing_label_and_hint,error,high,medium,true,false,输入框缺少稳定标签或 hint。请添加 android:hint，或使用 TextView android:labelFor 关联标签。,"{""cursorVisible"": ""true"", ""focusable"": ""true"", ""focusableInTouchMode"": ""true"", ""id"": ""@+id/episodeFilterDurationText"", ""inputType"": ""numberSigned"", ""layout_height"": ""wrap_content"", ""layout_width"": ""50dp"", ""lines"": ""1""}","{""cursorVisible"": {""raw"": ""true"", ""status"": ""literal"", ""value"": ""true""}, ""focusable"": {""raw"": ""true"", ""status"": ""literal"", ""value"": ""true""}, ""focusableInTouchMode"": {""raw"": ""true"", ""status"": ""literal"", ""value"": ""true""}, ""id"": {""raw"": ""@+id/episodeFilterDurationText"", ""status"": ""resolved"", ""value"": [""app/src/main/res/layout/episode_filter_dialog.xml""]}, ""inputType"": {""raw"": ""numberSigned"", ""status"": ""literal"", ""value"": ""numberSigned""}, ""layout_height"": {""raw"": ""wrap_content"", ""status"": ""literal"", ""value"": ""wrap_content""}, ""layout_width"": {""raw"": ""50dp"", ""status"": ""literal"", ""value"": ""50dp""}, ""lines"": {""raw"": ""1"", ""status"": ""literal"", ""value"": ""1""}}","{""included_by"": [], ""is_merge_layout"": false, ""root_tag"": ""ScrollView"", ""selector_ancestors"": [""ScrollView[1]"", ""LinearLayout[1]"", ""LinearLayout[1]"", ""AccentTextInputLayout[1]""]}",episode_filter_dialog,existing_local,natural_source_issue,3330e23fb3ddd9caef310006077c4e83e54dcc90a832d6037964a4d73b2c9a32,pending,included,test,,formal_scan_162,xml_safe,false,error,high,true,false,${FDROID_ROOT}/selected_xml_apps/FocusPodcast,app/src/main/res/layout/episode_filter_dialog.xml,e832326e144af1b13153ee27f78cd391de0be7a41a67a56da1f7619423160abe,e832326e144af1b13153ee27f78cd391de0be7a41a67a56da1f7619423160abe,84,EditText,passed,v2.0.0,,existing_v2_test
src-7480247dcf05117babe0,allen.town.focus.podcast,FocusPodcast,https://github.com/allentown521/FocusPodcast.git,git,bf21b66ddea1b6197ceebf7a3e7d153353ee0359,app,app/src/main/res/layout/filter_dialog_row.xml,15,AccentMaterialOutlineBackgroundStatusButton,@+id/filter_dialog_radioButton1,accessible_name_missing,button_missing_name,error,high,easy,true,false,交互控件缺少可访问名称。请使用 text、contentDescription、hint 或把现有可见 TextView 通过 labelFor 与控件关联。,"{""checked"": ""false"", ""id"": ""@+id/filter_dialog_radioButton1"", ""layout_height"": ""match_parent"", ""layout_width"": ""wrap_content"", ""paddingLeft"": ""8dp"", ""paddingRight"": ""12dp"", ""style"": ""?attr/materialButtonOutlinedStyle"", ""text"": ""it is a test button""}","{""checked"": {""raw"": ""false"", ""status"": ""literal"", ""value"": ""false""}, ""id"": {""raw"": ""@+id/filter_dialog_radioButton1"", ""status"": ""resolved"", ""value"": [""app/src/main/res/layout/filter_dialog_row.xml""]}, ""layout_height"": {""raw"": ""match_parent"", ""status"": ""literal"", ""value"": ""match_parent""}, ""layout_width"": {""raw"": ""wrap_content"", ""status"": ""literal"", ""value"": ""wrap_content""}, ""paddingLeft"": {""raw"": ""8dp"", ""status"": ""literal"", ""value"": ""8dp""}, ""paddingRight"": {""raw"": ""12dp"", ""status"": ""literal"", ""value"": ""12dp""}, ""style"": {""raw"": ""?attr/materialButtonOutlinedStyle"", ""status"": ""literal"", ""value"": ""?attr/materialButtonOutlinedStyle""}, ""text"": {""raw"": ""it is a test button"", ""status"": ""literal"", ""value"": ""it is a test button""}}","{""included_by"": [], ""is_merge_layout"": false, ""root_tag"": ""MaterialButtonToggleGroup"", ""selector_ancestors"": [""MaterialButtonToggleGroup[1]""]}",filter_dialog_row,existing_local,natural_source_issue,2d431407aa887f9043401f54952beadf54761cbc8310926a8a196e6d3fce5080,pending,included,test,,formal_scan_162,xml_safe,false,error,high,true,false,${FDROID_ROOT}/selected_xml_apps/FocusPodcast,app/src/main/res/layout/filter_dialog_row.xml,b626e3246669ef67a37200c064e5850d5094ab72419d137c9172bc531e391165,b626e3246669ef67a37200c064e5850d5094ab72419d137c9172bc531e391165,15,Button,passed,v2.0.0,,existing_v2_test
src-35e3fb82ddfd578b0fb4,allen.town.focus.podcast,FocusPodcast,https://github.com/allentown521/FocusPodcast.git,git,bf21b66ddea1b6197ceebf7a3e7d153353ee0359,app,app/src/main/res/layout/filter_dialog_row.xml,25,AccentMaterialOutlineBackgroundStatusButton,@+id/filter_dialog_radioButton2,accessible_name_missing,button_missing_name,error,high,easy,true,false,交互控件缺少可访问名称。请使用 text、contentDescription、hint 或把现有可见 TextView 通过 labelFor 与控件关联。,"{""checked"": ""false"", ""id"": ""@+id/filter_dialog_radioButton2"", ""layout_height"": ""match_parent"", ""layout_width"": ""wrap_content"", ""paddingLeft"": ""8dp"", ""paddingRight"": ""12dp"", ""style"": ""?attr/materialButtonOutlinedStyle"", ""text"": ""it is a test button,it is long,\\n very long,long long 2""}","{""checked"": {""raw"": ""false"", ""status"": ""literal"", ""value"": ""false""}, ""id"": {""raw"": ""@+id/filter_dialog_radioButton2"", ""status"": ""resolved"", ""value"": [""app/src/main/res/layout/filter_dialog_row.xml""]}, ""layout_height"": {""raw"": ""match_parent"", ""status"": ""literal"", ""value"": ""match_parent""}, ""layout_width"": {""raw"": ""wrap_content"", ""status"": ""literal"", ""value"": ""wrap_content""}, ""paddingLeft"": {""raw"": ""8dp"", ""status"": ""literal"", ""value"": ""8dp""}, ""paddingRight"": {""raw"": ""12dp"", ""status"": ""literal"", ""value"": ""12dp""}, ""style"": {""raw"": ""?attr/materialButtonOutlinedStyle"", ""status"": ""literal"", ""value"": ""?attr/materialButtonOutlinedStyle""}, ""text"": {""raw"": ""it is a test button,it is long,\\n very long,long long 2"", ""status"": ""literal"", ""value"": ""it is a test button,it is long,\\n very long,long long 2""}}","{""included_by"": [], ""is_merge_layout"": false, ""root_tag"": ""MaterialButtonToggleGroup"", ""selector_ancestors"": [""MaterialButtonToggleGroup[1]""]}",filter_dialog_row,existing_local,natural_source_issue,2d431407aa887f9043401f54952beadf54761cbc8310926a8a196e6d3fce5080,pending,included,test,,formal_scan_162,xml_safe,false,error,high,true,false,${FDROID_ROOT}/selected_xml_apps/FocusPodcast,app/src/main/res/layout/filter_dialog_row.xml,b626e3246669ef67a37200c064e5850d5094ab72419d137c9172bc531e391165,b626e3246669ef67a37200c064e5850d5094ab72419d137c9172bc531e391165,25,Button,passed,v2.0.0,,existing_v2_test
src-37a2e866c03ba21b568e,allen.town.focus.podcast,FocusPodcast,https://github.com/allentown521/FocusPodcast.git,git,bf21b66ddea1b6197ceebf7a3e7d153353ee0359,app,app/src/main/res/layout/secondary_action.xml,9,FrameLayout,@+id/secondaryActionButton,accessible_name_missing,custom_clickable_missing_name,error,high,medium,true,false,交互控件缺少可访问名称。请使用 text、contentDescription、hint 或把现有可见 TextView 通过 labelFor 与控件关联。,"{""background"": ""?selectableItemBackgroundBorderless"", ""clickable"": ""true"", ""focusable"": ""false"", ""focusableInTouchMode"": ""false"", ""id"": ""@+id/secondaryActionButton"", ""layout_height"": ""48dp"", ""layout_marginEnd"": ""12dp"", ""layout_marginRight"": ""12dp"", ""layout_width"": ""48dp""}","{""background"": {""raw"": ""?selectableItemBackgroundBorderless"", ""status"": ""literal"", ""value"": ""?selectableItemBackgroundBorderless""}, ""clickable"": {""raw"": ""true"", ""status"": ""literal"", ""value"": ""true""}, ""focusable"": {""raw"": ""false"", ""status"": ""literal"", ""value"": ""false""}, ""focusableInTouchMode"": {""raw"": ""false"", ""status"": ""literal"", ""value"": ""false""}, ""id"": {""raw"": ""@+id/secondaryActionButton"", ""status"": ""resolved"", ""value"": [""app/src/main/res/layout/downloadlog_item.xml"", ""app/src/main/res/layout/secondary_action.xml""]}, ""layout_height"": {""raw"": ""48dp"", ""status"": ""literal"", ""value"": ""48dp""}, ""layout_marginEnd"": {""raw"": ""12dp"", ""status"": ""literal"", ""value"": ""12dp""}, ""layout_marginRight"": {""raw"": ""12dp"", ""status"": ""literal"", ""value"": ""12dp""}, ""layout_width"": {""raw"": ""48dp"", ""status"": ""literal"", ""value"": ""48dp""}}","{""included_by"": [], ""is_merge_layout"": false, ""root_tag"": ""FrameLayout"", ""selector_ancestors"": []}",secondary_action,existing_local,natural_source_issue,eb578d2e595e47309679708bc85dfb96e244a4e501e417867e83b9cceb68dd0c,pending,included,test,,formal_scan_162,xml_safe,false,error,high,true,false,${FDROID_ROOT}/selected_xml_apps/FocusPodcast,app/src/main/res/layout/secondary_action.xml,6cd7950df523b6ebdd7a016416f43b5d16b53cde3df90638e95db74cd68784db,6cd7950df523b6ebdd7a016416f43b5d16b53cde3df90638e95db74cd68784db,9,FrameLayout,passed,v2.0.0,,existing_v2_test
src-36c68a8280e18d6fc2c2,com.oriondev.moneywallet,MoneyWallet,https://github.com/AndreAle94/moneywallet,git,071be04b63359f061138ae57af15a4d0d04d3627,app,app/src/main/res/layout/dialog_recurrence_setting_picker.xml,47,ThemedMaterialSpinner,@+id/start_date_spinner,stateful_dynamic_value,stateful_control_missing_label,error,high,medium,true,false,交互控件缺少可访问名称。请使用 text、contentDescription、hint 或把现有可见 TextView 通过 labelFor 与控件关联。,"{""clickable"": ""false"", ""id"": ""@+id/start_date_spinner"", ""layout_height"": ""wrap_content"", ""layout_marginStart"": ""8dp"", ""layout_width"": ""match_parent""}","{""clickable"": {""raw"": ""false"", ""status"": ""literal"", ""value"": ""false""}, ""id"": {""raw"": ""@+id/start_date_spinner"", ""status"": ""resolved"", ""value"": [""app/src/main/res/layout/dialog_overview_setting_picker.xml"", ""app/src/main/res/layout/dialog_recurrence_setting_picker.xml""]}, ""layout_height"": {""raw"": ""wrap_content"", ""status"": ""literal"", ""value"": ""wrap_content""}, ""layout_marginStart"": {""raw"": ""8dp"", ""status"": ""literal"", ""value"": ""8dp""}, ""layout_width"": {""raw"": ""match_parent"", ""status"": ""literal"", ""value"": ""match_parent""}}","{""included_by"": [], ""is_merge_layout"": false, ""root_tag"": ""LinearLayout"", ""selector_ancestors"": [""LinearLayout[1]"", ""LinearLayout[1]""]}",dialog_recurrence_setting_picker,existing_local,natural_source_issue,a13033bde2988fe874cfba623eb41ce7014ac9bb15ea3fc0220b687b62600f5b,pending,included,test,,formal_scan_162,xml_safe,false,error,high,true,false,${FDROID_ROOT}/selected_xml_apps/MoneyWallet,app/src/main/res/layout/dialog_recurrence_setting_picker.xml,80e3d0057418a866b930e211959e0db6a25df49c60ea6d98b8bbb4a2d2e8145c,80e3d0057418a866b930e211959e0db6a25df49c60ea6d98b8bbb4a2d2e8145c,47,SelectionControl,passed,v2.0.0,,existing_v2_test
src-32b6c07c9bc47145c7c9,com.oriondev.moneywallet,MoneyWallet,https://github.com/AndreAle94/moneywallet,git,071be04b63359f061138ae57af15a4d0d04d3627,app,app/src/main/res/layout/dialog_recurrence_setting_picker.xml,132,ThemedEditText,@+id/every_number_edit_text,input_label_hint,input_missing_label_and_hint,error,high,medium,true,false,输入框缺少稳定标签或 hint。请添加 android:hint，或使用 TextView android:labelFor 关联标签。,"{""id"": ""@+id/every_number_edit_text"", ""inputType"": ""number"", ""layout_height"": ""wrap_content"", ""layout_width"": ""wrap_content"", ""paddingEnd"": ""15dp"", ""paddingStart"": ""15dp"", ""textAlignment"": ""center"", ""theme_backgroundColor"": ""colorWindowForeground""}","{""id"": {""raw"": ""@+id/every_number_edit_text"", ""status"": ""resolved"", ""value"": [""app/src/main/res/layout/dialog_recurrence_setting_picker.xml""]}, ""inputType"": {""raw"": ""number"", ""status"": ""literal"", ""value"": ""number""}, ""layout_height"": {""raw"": ""wrap_content"", ""status"": ""literal"", ""value"": ""wrap_content""}, ""layout_width"": {""raw"": ""wrap_content"", ""status"": ""literal"", ""value"": ""wrap_content""}, ""paddingEnd"": {""raw"": ""15dp"", ""status"": ""literal"", ""value"": ""15dp""}, ""paddingStart"": {""raw"": ""15dp"", ""status"": ""literal"", ""value"": ""15dp""}, ""textAlignment"": {""raw"": ""center"", ""status"": ""literal"", ""value"": ""center""}, ""theme_backgroundColor"": {""raw"": ""colorWindowForeground"", ""status"": ""literal"", ""value"": ""colorWindowForeground""}}","{""included_by"": [], ""is_merge_layout"": false, ""root_tag"": ""LinearLayout"", ""selector_ancestors"": [""LinearLayout[1]"", ""LinearLayout[4]""]}",dialog_recurrence_setting_picker,existing_local,natural_source_issue,a13033bde2988fe874cfba623eb41ce7014ac9bb15ea3fc0220b687b62600f5b,pending,included,test,,formal_scan_162,xml_safe,false,error,high,true,false,${FDROID_ROOT}/selected_xml_apps/MoneyWallet,app/src/main/res/layout/dialog_recurrence_setting_picker.xml,80e3d0057418a866b930e211959e0db6a25df49c60ea6d98b8bbb4a2d2e8145c,80e3d0057418a866b930e211959e0db6a25df49c60ea6d98b8bbb4a2d2e8145c,132,EditText,passed,v2.0.0,,existing_v2_test
src-769ea8922935c71fb529,com.oriondev.moneywallet,MoneyWallet,https://github.com/AndreAle94/moneywallet,git,071be04b63359f061138ae57af15a4d0d04d3627,app,app/src/main/res/layout/dialog_recurrence_setting_picker.xml,172,ThemedEditText,@+id/end_type_for_edit_text,input_label_hint,input_missing_label_and_hint,error,high,medium,true,false,输入框缺少稳定标签或 hint。请添加 android:hint，或使用 TextView android:labelFor 关联标签。,"{""id"": ""@+id/end_type_for_edit_text"", ""inputType"": ""number"", ""layout_height"": ""wrap_content"", ""layout_width"": ""wrap_content"", ""paddingEnd"": ""15dp"", ""paddingStart"": ""15dp"", ""textAlignment"": ""center"", ""theme_backgroundColor"": ""colorWindowForeground""}","{""id"": {""raw"": ""@+id/end_type_for_edit_text"", ""status"": ""resolved"", ""value"": [""app/src/main/res/layout/dialog_recurrence_setting_picker.xml""]}, ""inputType"": {""raw"": ""number"", ""status"": ""literal"", ""value"": ""number""}, ""layout_height"": {""raw"": ""wrap_content"", ""status"": ""literal"", ""value"": ""wrap_content""}, ""layout_width"": {""raw"": ""wrap_content"", ""status"": ""literal"", ""value"": ""wrap_content""}, ""paddingEnd"": {""raw"": ""15dp"", ""status"": ""literal"", ""value"": ""15dp""}, ""paddingStart"": {""raw"": ""15dp"", ""status"": ""literal"", ""value"": ""15dp""}, ""textAlignment"": {""raw"": ""center"", ""status"": ""literal"", ""value"": ""center""}, ""theme_backgroundColor"": {""raw"": ""colorWindowForeground"", ""status"": ""literal"", ""value"": ""colorWindowForeground""}}","{""included_by"": [], ""is_merge_layout"": false, ""root_tag"": ""LinearLayout"", ""selector_ancestors"": [""LinearLayout[1]"", ""LinearLayout[5]"", ""FrameLayout[1]"", ""LinearLayout[1]""]}",dialog_recurrence_setting_picker,existing_local,natural_source_issue,a13033bde2988fe874cfba623eb41ce7014ac9bb15ea3fc0220b687b62600f5b,pending,included,test,,formal_scan_162,xml_safe,false,error,high,true,false,${FDROID_ROOT}/selected_xml_apps/MoneyWallet,app/src/main/res/layout/dialog_recurrence_setting_picker.xml,80e3d0057418a866b930e211959e0db6a25df49c60ea6d98b8bbb4a2d2e8145c,80e3d0057418a866b930e211959e0db6a25df49c60ea6d98b8bbb4a2d2e8145c,172,EditText,passed,v2.0.0,,existing_v2_test
src-58723f655ec204795151,com.arduia.expense,Pro Expense,https://github.com/arduia/ProExpense.git,git,300a8170200fc70f1b6d3d4ab6c1e5c08fc7d98a,app,app/src/main/res/layout/fragment_expense_entry.xml,160,SwitchCompat,@+id/switch_repeat,stateful_dynamic_value,stateful_control_missing_label,error,high,medium,true,false,交互控件缺少可访问名称。请使用 text、contentDescription、hint 或把现有可见 TextView 通过 labelFor 与控件关联。,"{""id"": ""@+id/switch_repeat"", ""layout_alignParentStart"": ""true"", ""layout_alignParentTop"": ""true"", ""layout_height"": ""wrap_content"", ""layout_marginStart"": ""@dimen/grid_3"", ""layout_marginTop"": ""@dimen/grid_1"", ""layout_width"": ""wrap_content""}","{""id"": {""raw"": ""@+id/switch_repeat"", ""status"": ""resolved"", ""value"": [""app/src/main/res/layout/fragment_expense_entry.xml""]}, ""layout_alignParentStart"": {""raw"": ""true"", ""status"": ""literal"", ""value"": ""true""}, ""layout_alignParentTop"": {""raw"": ""true"", ""status"": ""literal"", ""value"": ""true""}, ""layout_height"": {""raw"": ""wrap_content"", ""status"": ""literal"", ""value"": ""wrap_content""}, ""layout_marginStart"": {""raw"": ""@dimen/grid_3"", ""status"": ""resolved"", ""value"": 16.0}, ""layout_marginTop"": {""raw"": ""@dimen/grid_1"", ""status"": ""resolved"", ""value"": 4.0}, ""layout_width"": {""raw"": ""wrap_content"", ""status"": ""literal"", ""value"": ""wrap_content""}}","{""included_by"": [], ""is_merge_layout"": false, ""root_tag"": ""CoordinatorLayout"", ""selector_ancestors"": [""CoordinatorLayout[1]"", ""RelativeLayout[1]"", ""RelativeLayout[1]"", ""RelativeLayout[1]""]}",fragment_expense_entry,existing_local,natural_source_issue,842a55c2df6f0ff95b1e26c5a3a3b030c7e5084ca908dd38c37d7a5a642fecc7,pending,included,test,,formal_scan_162,xml_safe,false,error,high,true,false,${FDROID_ROOT}/selected_xml_apps/Pro-Expense,app/src/main/res/layout/fragment_expense_entry.xml,ac759a0863468f2ee4ce0ce5027076088dc10414bf61f37413006336486a4a8e,ac759a0863468f2ee4ce0ce5027076088dc10414bf61f37413006336486a4a8e,160,SwitchCompat,passed,v2.0.0,,existing_v2_test
src-1f3b6ed06f390f31491b,com.arduia.expense,Pro Expense,https://github.com/arduia/ProExpense.git,git,300a8170200fc70f1b6d3d4ab6c1e5c08fc7d98a,app,app/src/main/res/layout/fragment_feedback.xml,77,TextInputEditText,@+id/edt_email,input_type_semantics,email_input_type_missing,error,high,hard,true,false,XML 中存在明确邮箱字段证据 '@+id/edt_email Email'，但输入框缺少 textEmailAddress 类型。,"{""id"": ""@+id/edt_email"", ""layout_height"": ""match_parent"", ""layout_width"": ""match_parent"", ""singleLine"": ""true""}","{""id"": {""raw"": ""@+id/edt_email"", ""status"": ""resolved"", ""value"": [""app/src/main/res/layout/fragment_feedback.xml""]}, ""layout_height"": {""raw"": ""match_parent"", ""status"": ""literal"", ""value"": ""match_parent""}, ""layout_width"": {""raw"": ""match_parent"", ""status"": ""literal"", ""value"": ""match_parent""}, ""singleLine"": {""raw"": ""true"", ""status"": ""literal"", ""value"": ""true""}}","{""included_by"": [], ""is_merge_layout"": false, ""root_tag"": ""CoordinatorLayout"", ""selector_ancestors"": [""CoordinatorLayout[1]"", ""NestedScrollView[1]"", ""LinearLayoutCompat[1]"", ""TextInputLayout[2]""]}",fragment_feedback,existing_local,natural_source_issue,51ccf9440a34821cf78891d3fd2bb5c6c9d8a671e140ebd3bb991adb6ff7264a,pending,included,test,,formal_scan_162,xml_safe,true,error,high,true,false,${FDROID_ROOT}/selected_xml_apps/Pro-Expense,app/src/main/res/layout/fragment_feedback.xml,586b7ef304a8301587714813b7a20f1986868be53f3bf371c27dcdbcadfd5a1c,586b7ef304a8301587714813b7a20f1986868be53f3bf371c27dcdbcadfd5a1c,77,EditText,passed,v2.0.0,,existing_v2_test
src-b4c0503349e542bb863f,com.best.deskclock,Clock,https://github.com/BlackyHawky/Clock,git,69a517e2abc1fa92e583c7891a9d5faf18777fb6,app,app/src/main/res/layout-land/desk_clock.xml,65,FloatingActionButton,@+id/fab,accessibility_attribute_conflict,interactive_control_hidden,error,high,hard,true,false,交互控件被 importantForAccessibility 隐藏，辅助技术可能无法发现或操作它。,"{""backgroundTint"": ""?attr/colorAccent"", ""contentDescription"": ""@null"", ""elevation"": ""0dp"", ""fabCustomSize"": ""@dimen/fab_size"", ""id"": ""@+id/fab"", ""importantForAccessibility"": ""no"", ""layout_constraintBottom_toBottomOf"": ""parent"", ""layout_constraintEnd_toEndOf"": ""parent"", ""layout_constraintStart_toStartOf"": ""parent"", ""layout_constraintTop_toTopOf"": ""parent"", ""layout_height"": ""wrap_content"", ""layout_marginEnd"": ""10dp"", ""layout_width"": ""wrap_content"", ""pressedTranslationZ"": ""0dp"", ""scaleType"": ""center"", ""src"": ""@drawable/ic_fab_play"", ""stateListAnimator"": ""@null"", ""style"": ""@style/FloatingActionButton"", ""tint"": ""?android:attr/colorBackground""}","{""backgroundTint"": {""raw"": ""?attr/colorAccent"", ""status"": ""literal"", ""value"": ""?attr/colorAccent""}, ""contentDescription"": {""raw"": ""@null"", ""status"": ""literal"", ""value"": ""@null""}, ""elevation"": {""raw"": ""0dp"", ""status"": ""literal"", ""value"": ""0dp""}, ""fabCustomSize"": {""raw"": ""@dimen/fab_size"", ""status"": ""resolved"", ""value"": 75.0}, ""id"": {""raw"": ""@+id/fab"", ""status"": ""resolved"", ""value"": [""app/src/main/res/layout/desk_clock.xml"", ""app/src/main/res/layout-land/desk_clock.xml"", ""app/src/main/res/layout-sw600dp-land/desk_clock.xml""]}, ""importantForAccessibility"": {""raw"": ""no"", ""status"": ""literal"", ""value"": ""no""}, ""layout_constraintBottom_toBottomOf"": {""raw"": ""parent"", ""status"": ""literal"", ""value"": ""parent""}, ""layout_constraintEnd_toEndOf"": {""raw"": ""parent"", ""status"": ""literal"", ""value"": ""parent""}, ""layout_constraintStart_toStartOf"": {""raw"": ""parent"", ""status"": ""literal"", ""value"": ""parent""}, ""layout_constraintTop_toTopOf"": {""raw"": ""parent"", ""status"": ""literal"", ""value"": ""parent""}, ""layout_height"": {""raw"": ""wrap_content"", ""status"": ""literal"", ""value"": ""wrap_content""}, ""layout_marginEnd"": {""raw"": ""10dp"", ""status"": ""literal"", ""value"": ""10dp""}, ""layout_width"": {""raw"": ""wrap_content"", ""status"": ""literal"", ""value"": ""wrap_content""}, ""pressedTranslationZ"": {""raw"": ""0dp"", ""status"": ""literal"", ""value"": ""0dp""}, ""scaleType"": {""raw"": ""center"", ""status"": ""literal"", ""value"": ""center""}, ""src"": {""raw"": ""@drawable/ic_fab_play"", ""status"": ""unsupported"", ""value"": ""@drawable/ic_fab_play""}, ""stateListAnimator"": {""raw"": ""@null"", ""status"": ""literal"", ""value"": ""@null""}, ""style"": {""raw"": ""@style/FloatingActionButton"", ""status"": ""resolved"", ""value"": {""backgroundTint"": ""?attr/colorAccent"", ""elevation"": ""0dp"", ""pressedTranslationZ"": ""0dp"", ""tint"": ""?android:attr/colorBackground"", ""{http://schemas.android.com/apk/res/android}stateListAnimator"": ""@null""}}, ""style_items"": {""backgroundTint"": ""?attr/colorAccent"", ""elevation"": ""0dp"", ""pressedTranslationZ"": ""0dp"", ""tint"": ""?android:attr/colorBackground"", ""{http://schemas.android.com/apk/res/android}stateListAnimator"": ""@null""}, ""tint"": {""raw"": ""?android:attr/colorBackground"", ""status"": ""literal"", ""value"": ""?android:attr/colorBackground""}}","{""included_by"": [], ""is_merge_layout"": false, ""root_tag"": ""LinearLayout"", ""selector_ancestors"": [""LinearLayout[1]"", ""CoordinatorLayout[1]"", ""ConstraintLayout[1]""]}",desk_clock,targeted_new_source,natural_source_issue,a2e47d5afe1c01470e129b8c17aa7e68b9ce0e8074a60b118df07bc308bfd84a,pending,included,test,targeted validation: interactive element explicitly uses importantForAccessibility=no,targeted_gap_fill_audited,xml_safe,true,error,high,true,false,${FDROID_ROOT}/Clock,app/src/main/res/layout/desk_clock.xml,c18df77a57d130c0d6648a0dffb61621b1efeda7eeecbe7d85ac080dc3aec32c,c18df77a57d130c0d6648a0dffb61621b1efeda7eeecbe7d85ac080dc3aec32c,65,Button,passed,v2.0.0,,existing_v2_test
src-133c4a52a261becfeba6,com.best.deskclock,Clock,https://github.com/BlackyHawky/Clock,git,69a517e2abc1fa92e583c7891a9d5faf18777fb6,app,app/src/main/res/layout/ringtone_add_button.xml,10,FloatingActionButton,@+id/add_ringtone_button,accessibility_attribute_conflict,interactive_control_hidden,error,high,hard,true,false,交互控件被 importantForAccessibility 隐藏，辅助技术可能无法发现或操作它。,"{""contentDescription"": ""@string/add_new_sound"", ""id"": ""@+id/add_ringtone_button"", ""importantForAccessibility"": ""no"", ""layout_gravity"": ""bottom|end"", ""layout_height"": ""wrap_content"", ""layout_margin"": ""20dp"", ""layout_width"": ""wrap_content"", ""materialThemeOverlay"": ""@style/ThemeOverlay.Material3Expressive.FloatingActionButton.Primary"", ""srcCompat"": ""@drawable/ic_add"", ""style"": ""?attr/floatingActionButtonStyle"", ""tint"": ""?android:attr/colorBackground""}","{""contentDescription"": {""raw"": ""@string/add_new_sound"", ""status"": ""resolved"", ""value"": ""Add new""}, ""id"": {""raw"": ""@+id/add_ringtone_button"", ""status"": ""resolved"", ""value"": [""app/src/main/res/layout/ringtone_add_button.xml""]}, ""importantForAccessibility"": {""raw"": ""no"", ""status"": ""literal"", ""value"": ""no""}, ""layout_gravity"": {""raw"": ""bottom|end"", ""status"": ""literal"", ""value"": ""bottom|end""}, ""layout_height"": {""raw"": ""wrap_content"", ""status"": ""literal"", ""value"": ""wrap_content""}, ""layout_margin"": {""raw"": ""20dp"", ""status"": ""literal"", ""value"": ""20dp""}, ""layout_width"": {""raw"": ""wrap_content"", ""status"": ""literal"", ""value"": ""wrap_content""}, ""materialThemeOverlay"": {""raw"": ""@style/ThemeOverlay.Material3Expressive.FloatingActionButton.Primary"", ""status"": ""unresolved"", ""value"": ""@style/ThemeOverlay.Material3Expressive.FloatingActionButton.Primary""}, ""srcCompat"": {""raw"": ""@drawable/ic_add"", ""status"": ""unsupported"", ""value"": ""@drawable/ic_add""}, ""style"": {""raw"": ""?attr/floatingActionButtonStyle"", ""status"": ""literal"", ""value"": ""?attr/floatingActionButtonStyle""}, ""tint"": {""raw"": ""?android:attr/colorBackground"", ""status"": ""literal"", ""value"": ""?android:attr/colorBackground""}}","{""included_by"": [], ""is_merge_layout"": false, ""root_tag"": ""FloatingActionButton"", ""selector_ancestors"": []}",ringtone_add_button,targeted_new_source,natural_source_issue,273d16c2fc370843ab8d545a88e7bdac4ef5a8ce3ce6dbefc745123fe60efe99,pending,included,test,targeted validation: interactive element explicitly uses importantForAccessibility=no,targeted_gap_fill_audited,xml_safe,true,error,high,true,false,${FDROID_ROOT}/Clock,app/src/main/res/layout/ringtone_add_button.xml,3d70ec8d36890d9990a646cc83affcee0090ccfe3ee231bef5d5fbc7fee5c6ad,3d70ec8d36890d9990a646cc83affcee0090ccfe3ee231bef5d5fbc7fee5c6ad,10,Button,passed,v2.0.0,,existing_v2_test
src-571f73295edf104496a0,com.b44t.messenger,Delta Chat,https://github.com/deltachat/deltachat-android.git,git,d5f627be501dc9ad1d314b62b36708f8afa2242b,,src/main/res/layout/fragment_view_log.xml,24,EditText,@+id/log_preview,input_label_hint,input_missing_label_and_hint,error,high,medium,true,false,输入框缺少稳定标签或 hint。请添加 android:hint，或使用 TextView android:labelFor 关联标签。,"{""background"": ""@null"", ""fontFamily"": ""sans-serif"", ""hint"": """", ""id"": ""@+id/log_preview"", ""ignore"": ""UnusedAttribute,SmallSp"", ""inputType"": ""textImeMultiLine|textNoSuggestions|textMultiLine"", ""layout_height"": ""wrap_content"", ""layout_width"": ""match_parent"", ""padding"": ""4dp"", ""saveEnabled"": ""false"", ""scrollHorizontally"": ""true"", ""textSize"": ""12sp""}","{""background"": {""raw"": ""@null"", ""status"": ""literal"", ""value"": ""@null""}, ""fontFamily"": {""raw"": ""sans-serif"", ""status"": ""literal"", ""value"": ""sans-serif""}, ""hint"": {""raw"": """", ""status"": ""literal"", ""value"": """"}, ""id"": {""raw"": ""@+id/log_preview"", ""status"": ""resolved"", ""value"": [""src/main/res/layout/fragment_view_log.xml""]}, ""ignore"": {""raw"": ""UnusedAttribute,SmallSp"", ""status"": ""literal"", ""value"": ""UnusedAttribute,SmallSp""}, ""inputType"": {""raw"": ""textImeMultiLine|textNoSuggestions|textMultiLine"", ""status"": ""literal"", ""value"": ""textImeMultiLine|textNoSuggestions|textMultiLine""}, ""layout_height"": {""raw"": ""wrap_content"", ""status"": ""literal"", ""value"": ""wrap_content""}, ""layout_width"": {""raw"": ""match_parent"", ""status"": ""literal"", ""value"": ""match_parent""}, ""padding"": {""raw"": ""4dp"", ""status"": ""literal"", ""value"": ""4dp""}, ""saveEnabled"": {""raw"": ""false"", ""status"": ""literal"", ""value"": ""false""}, ""scrollHorizontally"": {""raw"": ""true"", ""status"": ""literal"", ""value"": ""true""}, ""textSize"": {""raw"": ""12sp"", ""status"": ""literal"", ""value"": ""12sp""}}","{""included_by"": [], ""is_merge_layout"": false, ""root_tag"": ""LinearLayout"", ""selector_ancestors"": [""LinearLayout[1]"", ""ScrollView[1]"", ""LinearLayout[1]""]}",fragment_view_log,existing_local,natural_source_issue,88ece351250399e44af6d82785bea267277d8d103ae52aa03efeb6446c3f84ac,pending,included,test,,formal_scan_162,xml_safe,false,error,high,true,false,${FDROID_ROOT}/selected_xml_apps/Delta-Chat,src/main/res/layout/fragment_view_log.xml,7d45661d78ec6d862c81a3a3ec9a03cc9413fb8f224f5581a2ac6a68ec0509e6,7d45661d78ec6d862c81a3a3ec9a03cc9413fb8f224f5581a2ac6a68ec0509e6,24,EditText,passed,v2.0.0,,existing_v2_test
src-6a0bd504cc920cfcb3c8,com.b44t.messenger,Delta Chat,https://github.com/deltachat/deltachat-android.git,git,d5f627be501dc9ad1d314b62b36708f8afa2242b,,src/main/res/layout/relay_list_item.xml,0,LinearLayout,,accessible_name_missing,custom_clickable_missing_name,error,high,medium,true,false,交互控件缺少可访问名称。请使用 text、contentDescription、hint 或把现有可见 TextView 通过 labelFor 与控件关联。,"{""background"": ""?attr/conversation_list_item_background"", ""clickable"": ""true"", ""descendantFocusability"": ""blocksDescendants"", ""focusable"": ""true"", ""gravity"": ""center_vertical"", ""layout_height"": ""wrap_content"", ""layout_width"": ""match_parent"", ""minHeight"": ""72dp"", ""orientation"": ""horizontal"", ""paddingEnd"": ""16dp"", ""paddingStart"": ""16dp""}","{""background"": {""raw"": ""?attr/conversation_list_item_background"", ""status"": ""literal"", ""value"": ""?attr/conversation_list_item_background""}, ""clickable"": {""raw"": ""true"", ""status"": ""literal"", ""value"": ""true""}, ""descendantFocusability"": {""raw"": ""blocksDescendants"", ""status"": ""literal"", ""value"": ""blocksDescendants""}, ""focusable"": {""raw"": ""true"", ""status"": ""literal"", ""value"": ""true""}, ""gravity"": {""raw"": ""center_vertical"", ""status"": ""literal"", ""value"": ""center_vertical""}, ""layout_height"": {""raw"": ""wrap_content"", ""status"": ""literal"", ""value"": ""wrap_content""}, ""layout_width"": {""raw"": ""match_parent"", ""status"": ""literal"", ""value"": ""match_parent""}, ""minHeight"": {""raw"": ""72dp"", ""status"": ""literal"", ""value"": ""72dp""}, ""orientation"": {""raw"": ""horizontal"", ""status"": ""literal"", ""value"": ""horizontal""}, ""paddingEnd"": {""raw"": ""16dp"", ""status"": ""literal"", ""value"": ""16dp""}, ""paddingStart"": {""raw"": ""16dp"", ""status"": ""literal"", ""value"": ""16dp""}}","{""included_by"": [], ""is_merge_layout"": false, ""root_tag"": ""LinearLayout"", ""selector_ancestors"": []}",relay_list_item,existing_local,natural_source_issue,85159a1f15f8b40e1b992a63d43803178cc82c5cba86f36828871a6970138103,pending,included,test,,formal_scan_162,xml_safe,false,error,high,true,false,${FDROID_ROOT}/selected_xml_apps/Delta-Chat,src/main/res/layout/relay_list_item.xml,359da6802a939fd3850f041347ecd889c32966a223f9e21fee412bde838640fd,359da6802a939fd3850f041347ecd889c32966a223f9e21fee412bde838640fd,2,LinearLayout,passed,v2.0.0,,existing_v2_test
src-f58fe4bdd39f4e206b71,com.duckduckgo.mobile.android,DuckDuckGo Privacy Browser,https://github.com/duckduckgo/Android.git,git,b10c13f8328f6e610a9145b076a92ef9349bc1a8,,android-design-system/design-system-internal/src/main/res/layout/component_buttons.xml,441,IconButton,@+id/getIconButton,accessible_name_missing,button_missing_name,error,high,easy,true,false,交互控件缺少可访问名称。请使用 text、contentDescription、hint 或把现有可见 TextView 通过 labelFor 与控件关联。,"{""id"": ""@+id/getIconButton"", ""layout_gravity"": ""center"", ""layout_height"": ""wrap_content"", ""layout_marginTop"": ""16dp"", ""layout_width"": ""wrap_content"", ""srcCompat"": ""@drawable/ic_union""}","{""id"": {""raw"": ""@+id/getIconButton"", ""status"": ""resolved"", ""value"": [""android-design-system/design-system-internal/src/main/res/layout/component_buttons.xml""]}, ""layout_gravity"": {""raw"": ""center"", ""status"": ""literal"", ""value"": ""center""}, ""layout_height"": {""raw"": ""wrap_content"", ""status"": ""literal"", ""value"": ""wrap_content""}, ""layout_marginTop"": {""raw"": ""16dp"", ""status"": ""literal"", ""value"": ""16dp""}, ""layout_width"": {""raw"": ""wrap_content"", ""status"": ""literal"", ""value"": ""wrap_content""}, ""srcCompat"": {""raw"": ""@drawable/ic_union"", ""status"": ""unsupported"", ""value"": ""@drawable/ic_union""}}","{""included_by"": [], ""is_merge_layout"": false, ""root_tag"": ""NestedScrollView"", ""selector_ancestors"": [""NestedScrollView[1]"", ""LinearLayout[1]""]}",component_buttons,existing_local,natural_source_issue,81a76ec7b467cce1fc05fb6358665b84314cba548ffe484c1e93c1c758b2b1e7,pending,included,test,,formal_scan_162,xml_safe,false,error,high,true,false,${FDROID_ROOT}/selected_xml_apps/DuckDuckGo,android-design-system/design-system-internal/src/main/res/layout/component_buttons.xml,ca39d3d177f235ca898571104985da8852178b5b67e3174b00d5fd3ce151e0a4,ca39d3d177f235ca898571104985da8852178b5b67e3174b00d5fd3ce151e0a4,441,Button,passed,v2.0.0,,existing_v2_test
src-5d4ed7848cfe2585debc,com.duckduckgo.mobile.android,DuckDuckGo Privacy Browser,https://github.com/duckduckgo/Android.git,git,b10c13f8328f6e610a9145b076a92ef9349bc1a8,,android-design-system/design-system/src/main/res/layout/view_dax_dialog.xml,97,TypeAnimationTextView,@+id/dialogText,accessible_name_missing,custom_clickable_missing_name,error,high,medium,true,false,交互控件缺少可访问名称。请使用 text、contentDescription、hint 或把现有可见 TextView 通过 labelFor 与控件关联。,"{""clickable"": ""true"", ""focusable"": ""true"", ""fontFamily"": ""sans-serif"", ""id"": ""@+id/dialogText"", ""layout_height"": ""match_parent"", ""layout_width"": ""match_parent"", ""lineHeight"": ""20sp"", ""lineSpacingExtra"": ""4sp"", ""style"": ""@style/Typography.DuckDuckGo.Body1"", ""textColor"": ""?attr/daxColorPrimaryText"", ""textSize"": ""16sp"", ""textStyle"": ""normal""}","{""clickable"": {""raw"": ""true"", ""status"": ""literal"", ""value"": ""true""}, ""focusable"": {""raw"": ""true"", ""status"": ""literal"", ""value"": ""true""}, ""fontFamily"": {""raw"": ""sans-serif"", ""status"": ""literal"", ""value"": ""sans-serif""}, ""id"": {""raw"": ""@+id/dialogText"", ""status"": ""resolved"", ""value"": [""android-design-system/design-system/src/main/res/layout/view_dax_dialog.xml""]}, ""layout_height"": {""raw"": ""match_parent"", ""status"": ""literal"", ""value"": ""match_parent""}, ""layout_width"": {""raw"": ""match_parent"", ""status"": ""literal"", ""value"": ""match_parent""}, ""lineHeight"": {""raw"": ""20sp"", ""status"": ""literal"", ""value"": ""20sp""}, ""lineSpacingExtra"": {""raw"": ""4sp"", ""status"": ""literal"", ""value"": ""4sp""}, ""style"": {""raw"": ""@style/Typography.DuckDuckGo.Body1"", ""status"": ""resolved"", ""value"": {""{http://schemas.android.com/apk/res/android}fontFamily"": ""sans-serif"", ""{http://schemas.android.com/apk/res/android}lineHeight"": ""20sp"", ""{http://schemas.android.com/apk/res/android}lineSpacingExtra"": ""4sp"", ""{http://schemas.android.com/apk/res/android}textSize"": ""16sp"", ""{http://schemas.android.com/apk/res/android}textStyle"": ""normal""}}, ""style_items"": {""{http://schemas.android.com/apk/res/android}fontFamily"": ""sans-serif"", ""{http://schemas.android.com/apk/res/android}lineHeight"": ""20sp"", ""{http://schemas.android.com/apk/res/android}lineSpacingExtra"": ""4sp"", ""{http://schemas.android.com/apk/res/android}textSize"": ""16sp"", ""{http://schemas.android.com/apk/res/android}textStyle"": ""normal""}, ""textColor"": {""raw"": ""?attr/daxColorPrimaryText"", ""status"": ""literal"", ""value"": ""?attr/daxColorPrimaryText""}, ""textSize"": {""raw"": ""16sp"", ""status"": ""literal"", ""value"": ""16sp""}, ""textStyle"": {""raw"": ""normal"", ""status"": ""literal"", ""value"": ""normal""}}","{""included_by"": [], ""is_merge_layout"": false, ""root_tag"": ""RelativeLayout"", ""selector_ancestors"": [""RelativeLayout[1]"", ""ConstraintLayout[1]"", ""DaxBubbleCardView[1]"", ""LinearLayout[1]"", ""FrameLayout[1]""]}",view_dax_dialog,existing_local,natural_source_issue,1c4a51f8f579203f90f4cf1f95033ecd0b9b0ee6f732942fd51febf57d85dc4d,pending,included,test,,formal_scan_162,xml_safe,false,error,high,true,false,${FDROID_ROOT}/selected_xml_apps/DuckDuckGo,android-design-system/design-system/src/main/res/layout/view_dax_dialog.xml,f5bce0543d66a07911575b1ec1a724b64cc96c5652408ec1191ff6b0593c16a9,f5bce0543d66a07911575b1ec1a724b64cc96c5652408ec1191ff6b0593c16a9,97,TextView,passed,v2.0.0,,existing_v2_test
src-98f6b50beb992cfca498,com.duckduckgo.mobile.android,DuckDuckGo Privacy Browser,https://github.com/duckduckgo/Android.git,git,b10c13f8328f6e610a9145b076a92ef9349bc1a8,,app/src/main/res/layout/view_brand_design_address_bar_position_picker.xml,68,RadioButton,@+id/topOmnibarToggleCheck,stateful_dynamic_value,stateful_control_missing_label,error,high,medium,true,false,交互控件缺少可访问名称。请使用 text、contentDescription、hint 或把现有可见 TextView 通过 labelFor 与控件关联。,"{""background"": ""@null"", ""buttonTint"": ""@color/onboarding_radio_button_tint"", ""clickable"": ""false"", ""focusable"": ""false"", ""id"": ""@+id/topOmnibarToggleCheck"", ""ignore"": ""DeprecatedWidgetInXml,InvalidColorAttribute"", ""layout_height"": ""wrap_content"", ""layout_marginTop"": ""6dp"", ""layout_width"": ""wrap_content"", ""minHeight"": ""0dp"", ""minWidth"": ""0dp"", ""padding"": ""0dp""}","{""background"": {""raw"": ""@null"", ""status"": ""literal"", ""value"": ""@null""}, ""buttonTint"": {""raw"": ""@color/onboarding_radio_button_tint"", ""status"": ""unsupported"", ""value"": ""@color/onboarding_radio_button_tint""}, ""clickable"": {""raw"": ""false"", ""status"": ""literal"", ""value"": ""false""}, ""focusable"": {""raw"": ""false"", ""status"": ""literal"", ""value"": ""false""}, ""id"": {""raw"": ""@+id/topOmnibarToggleCheck"", ""status"": ""resolved"", ""value"": [""app/src/main/res/layout/activity_appearance.xml"", ""app/src/main/res/layout/pre_onboarding_address_bar_position_horizontal.xml"", ""app/src/main/res/layout/view_brand_design_address_bar_position_picker.xml""]}, ""ignore"": {""raw"": ""DeprecatedWidgetInXml,InvalidColorAttribute"", ""status"": ""literal"", ""value"": ""DeprecatedWidgetInXml,InvalidColorAttribute""}, ""layout_height"": {""raw"": ""wrap_content"", ""status"": ""literal"", ""value"": ""wrap_content""}, ""layout_marginTop"": {""raw"": ""6dp"", ""status"": ""literal"", ""value"": ""6dp""}, ""layout_width"": {""raw"": ""wrap_content"", ""status"": ""literal"", ""value"": ""wrap_content""}, ""minHeight"": {""raw"": ""0dp"", ""status"": ""literal"", ""value"": ""0dp""}, ""minWidth"": {""raw"": ""0dp"", ""status"": ""literal"", ""value"": ""0dp""}, ""padding"": {""raw"": ""0dp"", ""status"": ""literal"", ""value"": ""0dp""}}","{""included_by"": [], ""is_merge_layout"": true, ""root_tag"": ""merge"", ""selector_ancestors"": [""merge[1]"", ""LinearLayout[1]""]}",view_brand_design_address_bar_position_picker,existing_local,natural_source_issue,4c766aa5f16ee494fcfb5a574a0d88e3d9291be554fcb36a8b9853fa0f7ef962,pending,included,test,,formal_scan_162,xml_safe,false,error,high,true,false,${FDROID_ROOT}/selected_xml_apps/DuckDuckGo,app/src/main/res/layout/view_brand_design_address_bar_position_picker.xml,5f75e4eebecd030640cc10e2bca59baef8975b3207f668c00951e71e91e2a907,5f75e4eebecd030640cc10e2bca59baef8975b3207f668c00951e71e91e2a907,68,Button,passed,v2.0.0,,existing_v2_test
src-ca2bc8f709b577774a3b,com.duckduckgo.mobile.android,DuckDuckGo Privacy Browser,https://github.com/duckduckgo/Android.git,git,b10c13f8328f6e610a9145b076a92ef9349bc1a8,,app/src/main/res/layout/view_brand_design_address_bar_position_picker.xml,208,RadioButton,@+id/splitOmnibarToggleCheck,stateful_dynamic_value,stateful_control_missing_label,error,high,medium,true,false,交互控件缺少可访问名称。请使用 text、contentDescription、hint 或把现有可见 TextView 通过 labelFor 与控件关联。,"{""background"": ""@null"", ""buttonTint"": ""@color/onboarding_radio_button_tint"", ""clickable"": ""false"", ""focusable"": ""false"", ""id"": ""@+id/splitOmnibarToggleCheck"", ""ignore"": ""DeprecatedWidgetInXml,InvalidColorAttribute"", ""layout_height"": ""wrap_content"", ""layout_marginTop"": ""6dp"", ""layout_width"": ""wrap_content"", ""minHeight"": ""0dp"", ""minWidth"": ""0dp"", ""padding"": ""0dp""}","{""background"": {""raw"": ""@null"", ""status"": ""literal"", ""value"": ""@null""}, ""buttonTint"": {""raw"": ""@color/onboarding_radio_button_tint"", ""status"": ""unsupported"", ""value"": ""@color/onboarding_radio_button_tint""}, ""clickable"": {""raw"": ""false"", ""status"": ""literal"", ""value"": ""false""}, ""focusable"": {""raw"": ""false"", ""status"": ""literal"", ""value"": ""false""}, ""id"": {""raw"": ""@+id/splitOmnibarToggleCheck"", ""status"": ""resolved"", ""value"": [""app/src/main/res/layout/activity_appearance.xml"", ""app/src/main/res/layout/pre_onboarding_address_bar_position_horizontal.xml"", ""app/src/main/res/layout/view_brand_design_address_bar_position_picker.xml""]}, ""ignore"": {""raw"": ""DeprecatedWidgetInXml,InvalidColorAttribute"", ""status"": ""literal"", ""value"": ""DeprecatedWidgetInXml,InvalidColorAttribute""}, ""layout_height"": {""raw"": ""wrap_content"", ""status"": ""literal"", ""value"": ""wrap_content""}, ""layout_marginTop"": {""raw"": ""6dp"", ""status"": ""literal"", ""value"": ""6dp""}, ""layout_width"": {""raw"": ""wrap_content"", ""status"": ""literal"", ""value"": ""wrap_content""}, ""minHeight"": {""raw"": ""0dp"", ""status"": ""literal"", ""value"": ""0dp""}, ""minWidth"": {""raw"": ""0dp"", ""status"": ""literal"", ""value"": ""0dp""}, ""padding"": {""raw"": ""0dp"", ""status"": ""literal"", ""value"": ""0dp""}}","{""included_by"": [], ""is_merge_layout"": true, ""root_tag"": ""merge"", ""selector_ancestors"": [""merge[1]"", ""LinearLayout[3]""]}",view_brand_design_address_bar_position_picker,existing_local,natural_source_issue,4c766aa5f16ee494fcfb5a574a0d88e3d9291be554fcb36a8b9853fa0f7ef962,pending,included,test,,formal_scan_162,xml_safe,false,error,high,true,false,${FDROID_ROOT}/selected_xml_apps/DuckDuckGo,app/src/main/res/layout/view_brand_design_address_bar_position_picker.xml,5f75e4eebecd030640cc10e2bca59baef8975b3207f668c00951e71e91e2a907,5f75e4eebecd030640cc10e2bca59baef8975b3207f668c00951e71e91e2a907,208,Button,passed,v2.0.0,,existing_v2_test
src-e7e302defd38125cb8f6,com.duckduckgo.mobile.android,DuckDuckGo Privacy Browser,https://github.com/duckduckgo/Android.git,git,b10c13f8328f6e610a9145b076a92ef9349bc1a8,,app/src/main/res/layout/view_site_protections_toggle.xml,27,DaxSwitch,@+id/protectionsSwitch,stateful_dynamic_value,stateful_control_missing_label,error,high,medium,true,false,交互控件缺少可访问名称。请使用 text、contentDescription、hint 或把现有可见 TextView 通过 labelFor 与控件关联。,"{""checked"": ""true"", ""id"": ""@+id/protectionsSwitch"", ""layout_constraintBottom_toBottomOf"": ""@id/protectionsSwitchLabel"", ""layout_constraintEnd_toEndOf"": ""parent"", ""layout_constraintStart_toEndOf"": ""@+id/protectionsSwitchLabel"", ""layout_constraintTop_toTopOf"": ""@id/protectionsSwitchLabel"", ""layout_height"": ""wrap_content"", ""layout_marginEnd"": ""@dimen/keyline_4"", ""layout_width"": ""wrap_content""}","{""checked"": {""raw"": ""true"", ""status"": ""literal"", ""value"": ""true""}, ""id"": {""raw"": ""@+id/protectionsSwitch"", ""status"": ""resolved"", ""value"": [""app/src/main/res/layout/view_site_protections_toggle.xml""]}, ""layout_constraintBottom_toBottomOf"": {""raw"": ""@id/protectionsSwitchLabel"", ""status"": ""resolved"", ""value"": [""app/src/main/res/layout/view_site_protections_toggle.xml""]}, ""layout_constraintEnd_toEndOf"": {""raw"": ""parent"", ""status"": ""literal"", ""value"": ""parent""}, ""layout_constraintStart_toEndOf"": {""raw"": ""@+id/protectionsSwitchLabel"", ""status"": ""resolved"", ""value"": [""app/src/main/res/layout/view_site_protections_toggle.xml""]}, ""layout_constraintTop_toTopOf"": {""raw"": ""@id/protectionsSwitchLabel"", ""status"": ""resolved"", ""value"": [""app/src/main/res/layout/view_site_protections_toggle.xml""]}, ""layout_height"": {""raw"": ""wrap_content"", ""status"": ""literal"", ""value"": ""wrap_content""}, ""layout_marginEnd"": {""raw"": ""@dimen/keyline_4"", ""status"": ""resolved"", ""value"": 16.0}, ""layout_width"": {""raw"": ""wrap_content"", ""status"": ""literal"", ""value"": ""wrap_content""}}","{""included_by"": [], ""is_merge_layout"": false, ""root_tag"": ""ConstraintLayout"", ""selector_ancestors"": [""ConstraintLayout[1]""]}",view_site_protections_toggle,existing_local,natural_source_issue,b0ea8d7fc5c959759693710f6eaf0236b99d9fccfcd88f76bb23e4e9bff55eb9,pending,included,test,,formal_scan_162,xml_safe,false,error,high,true,false,${FDROID_ROOT}/selected_xml_apps/DuckDuckGo,app/src/main/res/layout/view_site_protections_toggle.xml,d17357e4d1df0f208fd1ef2f8099261ef93578cf3f00a441ec532a75bd476fc7,d17357e4d1df0f208fd1ef2f8099261ef93578cf3f00a441ec532a75bd476fc7,27,SelectionControl,passed,v2.0.0,,existing_v2_test
tgt-c5ed5814ab3517d6bf0d,com.fastebro.androidrgbtool,RGB Tool,https://github.com/fasteque/rgb-tool,git,fef1ca039161741c22a4c13efdd13cf4dd6292b3,android-rgb-tool,android-rgb-tool/src/main/res/layout/color_list_row.xml,118,ImageButton,@+id/btn_popup_menu,accessibility_attribute_conflict,standard_interactive_focusable_false,error,high,hard,true,false,"已启用的标准交互控件显式设置了 focusable=""false""，会阻止键盘或方向键焦点访问。","{""background"": ""@null"", ""focusable"": ""false"", ""focusableInTouchMode"": ""false"", ""id"": ""@+id/btn_popup_menu"", ""layout_alignParentRight"": ""true"", ""layout_centerVertical"": ""true"", ""layout_height"": ""wrap_content"", ""layout_width"": ""wrap_content"", ""src"": ""@drawable/btn_more""}","{""background"": {""raw"": ""@null"", ""status"": ""literal"", ""value"": ""@null""}, ""focusable"": {""raw"": ""false"", ""status"": ""literal"", ""value"": ""false""}, ""focusableInTouchMode"": {""raw"": ""false"", ""status"": ""literal"", ""value"": ""false""}, ""id"": {""raw"": ""@+id/btn_popup_menu"", ""status"": ""resolved"", ""value"": [""android-rgb-tool/src/main/res/layout/color_list_row.xml""]}, ""layout_alignParentRight"": {""raw"": ""true"", ""status"": ""literal"", ""value"": ""true""}, ""layout_centerVertical"": {""raw"": ""true"", ""status"": ""literal"", ""value"": ""true""}, ""layout_height"": {""raw"": ""wrap_content"", ""status"": ""literal"", ""value"": ""wrap_content""}, ""layout_width"": {""raw"": ""wrap_content"", ""status"": ""literal"", ""value"": ""wrap_content""}, ""src"": {""raw"": ""@drawable/btn_more"", ""status"": ""unsupported"", ""value"": ""@drawable/btn_more""}}","{""included_by"": [], ""is_merge_layout"": false, ""root_tag"": ""LinearLayout"", ""selector_ancestors"": [""LinearLayout[1]"", ""LinearLayout[1]"", ""RelativeLayout[1]""]}",color_list_row,targeted_new_source,natural_source_issue,496e0cfa7d64aa6e7faa68a28e331e67c4c30aca9d3e06901f7a54cdfd068428,pending,included,test,targeted validation: standard interactive ImageButton explicitly sets focusable=false,targeted_gap_fill_audited,xml_safe,true,error,high,true,false,${REPO_ROOT}/outputs/source_prescreen/targeted_gap_fill/repositories/RGB-Tool-com.fastebro.androidrgbtool,android-rgb-tool/src/main/res/layout/color_list_row.xml,e5eb0e9ba5d46c72bcf9db7d92300be274e898728540b5104898d039328f7e21,e5eb0e9ba5d46c72bcf9db7d92300be274e898728540b5104898d039328f7e21,118,ImageButton,passed,v2.0.0,,existing_v2_test
src-1c2bf93ccd3688730f94,org.xbmc.android.remote,XBMC Remote,https://github.com/freezy/android-xbmcremote.git,git,9dd0d41d55639b846fad0d49fc316042962c3dbf,,res/layout-land-hdpi-v4/remote_xbox.xml,9,Button,@+id/RemoteXboxImgBtnImages,accessible_name_missing,button_missing_name,error,high,easy,true,false,交互控件缺少可访问名称。请使用 text、contentDescription、hint 或把现有可见 TextView 通过 labelFor 与控件关联。,"{""background"": ""@drawable/remote_xbox_images"", ""id"": ""@+id/RemoteXboxImgBtnImages"", ""layout_height"": ""0px"", ""layout_weight"": ""82"", ""layout_width"": ""fill_parent""}","{""background"": {""raw"": ""@drawable/remote_xbox_images"", ""status"": ""unsupported"", ""value"": ""@drawable/remote_xbox_images""}, ""id"": {""raw"": ""@+id/RemoteXboxImgBtnImages"", ""status"": ""resolved"", ""value"": [""res/layout/remote_gesture_extended.xml"", ""res/layout/remote_xbox_extended.xml"", ""res/layout-land/remote_xbox.xml"", ""res/layout-land-hdpi-v4/remote_xbox.xml"", ""res/layout-land-hdpi-v4/remote_xbox_extended.xml""]}, ""layout_height"": {""raw"": ""0px"", ""status"": ""literal"", ""value"": ""0px""}, ""layout_weight"": {""raw"": ""82"", ""status"": ""literal"", ""value"": ""82""}, ""layout_width"": {""raw"": ""fill_parent"", ""status"": ""literal"", ""value"": ""fill_parent""}}","{""included_by"": [], ""is_merge_layout"": false, ""root_tag"": ""LinearLayout"", ""selector_ancestors"": [""LinearLayout[1]"", ""LinearLayout[1]"", ""LinearLayout[1]""]}",remote_xbox,existing_local,natural_source_issue,21b7f94274fe3fa8a059aa3af484235f55e0ef22fbf03d6803bacdf64d22be96,pending,included,test,,formal_scan_162,xml_safe,false,error,high,true,false,${FDROID_ROOT}/selected_xml_apps/XBMC-Remote,res/layout/remote_xbox.xml,b10e30fe6ba7ff9b712a4e0a4e5ff881245de5aae208819637d25ae828e82986,b10e30fe6ba7ff9b712a4e0a4e5ff881245de5aae208819637d25ae828e82986,9,Button,passed,v2.0.0,,existing_v2_test
src-f0835296969e7aac5bf5,org.xbmc.android.remote,XBMC Remote,https://github.com/freezy/android-xbmcremote.git,git,9dd0d41d55639b846fad0d49fc316042962c3dbf,,res/layout-land-hdpi-v4/remote_xbox.xml,10,Button,@+id/RemoteXboxImgBtnTv,accessible_name_missing,button_missing_name,error,high,easy,true,false,交互控件缺少可访问名称。请使用 text、contentDescription、hint 或把现有可见 TextView 通过 labelFor 与控件关联。,"{""background"": ""@drawable/remote_xbox_tv"", ""id"": ""@+id/RemoteXboxImgBtnTv"", ""layout_height"": ""0px"", ""layout_weight"": ""81"", ""layout_width"": ""fill_parent""}","{""background"": {""raw"": ""@drawable/remote_xbox_tv"", ""status"": ""unsupported"", ""value"": ""@drawable/remote_xbox_tv""}, ""id"": {""raw"": ""@+id/RemoteXboxImgBtnTv"", ""status"": ""resolved"", ""value"": [""res/layout/remote_gesture_extended.xml"", ""res/layout/remote_xbox_extended.xml"", ""res/layout-land/remote_xbox.xml"", ""res/layout-land-hdpi-v4/remote_xbox.xml"", ""res/layout-land-hdpi-v4/remote_xbox_extended.xml""]}, ""layout_height"": {""raw"": ""0px"", ""status"": ""literal"", ""value"": ""0px""}, ""layout_weight"": {""raw"": ""81"", ""status"": ""literal"", ""value"": ""81""}, ""layout_width"": {""raw"": ""fill_parent"", ""status"": ""literal"", ""value"": ""fill_parent""}}","{""included_by"": [], ""is_merge_layout"": false, ""root_tag"": ""LinearLayout"", ""selector_ancestors"": [""LinearLayout[1]"", ""LinearLayout[1]"", ""LinearLayout[1]""]}",remote_xbox,existing_local,natural_source_issue,21b7f94274fe3fa8a059aa3af484235f55e0ef22fbf03d6803bacdf64d22be96,pending,included,test,,formal_scan_162,xml_safe,false,error,high,true,false,${FDROID_ROOT}/selected_xml_apps/XBMC-Remote,res/layout/remote_xbox.xml,b10e30fe6ba7ff9b712a4e0a4e5ff881245de5aae208819637d25ae828e82986,b10e30fe6ba7ff9b712a4e0a4e5ff881245de5aae208819637d25ae828e82986,10,Button,passed,v2.0.0,,existing_v2_test
src-8e85191a236c436185b9,org.xbmc.android.remote,XBMC Remote,https://github.com/freezy/android-xbmcremote.git,git,9dd0d41d55639b846fad0d49fc316042962c3dbf,,res/layout-ldpi-v4/remote_xbox.xml,11,Button,@+id/RemoteXboxImgBtnDisplay,focus_accessibility_tree,interactive_control_not_focusable,error,high,hard,true,false,"已启用的标准交互控件显式设置了 focusable=""false""，会阻止键盘或方向键焦点访问。","{""background"": ""@drawable/remote_xbox_display"", ""focusable"": ""false"", ""focusableInTouchMode"": ""false"", ""id"": ""@+id/RemoteXboxImgBtnDisplay"", ""layout_height"": ""wrap_content"", ""layout_width"": ""wrap_content""}","{""background"": {""raw"": ""@drawable/remote_xbox_display"", ""status"": ""unsupported"", ""value"": ""@drawable/remote_xbox_display""}, ""focusable"": {""raw"": ""false"", ""status"": ""literal"", ""value"": ""false""}, ""focusableInTouchMode"": {""raw"": ""false"", ""status"": ""literal"", ""value"": ""false""}, ""id"": {""raw"": ""@+id/RemoteXboxImgBtnDisplay"", ""status"": ""resolved"", ""value"": [""res/layout/remote_gesture.xml"", ""res/layout/remote_gesture_extended.xml"", ""res/layout/remote_xbox.xml"", ""res/layout/remote_xbox_extended.xml"", ""res/layout-land/remote_xbox.xml"", ""res/layout-land-hdpi-v4/remote_xbox.xml"", ""res/layout-land-hdpi-v4/remote_xbox_extended.xml"", ""res/layout-ldpi-v4/remote_xbox.xml""]}, ""layout_height"": {""raw"": ""wrap_content"", ""status"": ""literal"", ""value"": ""wrap_content""}, ""layout_width"": {""raw"": ""wrap_content"", ""status"": ""literal"", ""value"": ""wrap_content""}}","{""included_by"": [], ""is_merge_layout"": false, ""root_tag"": ""LinearLayout"", ""selector_ancestors"": [""LinearLayout[1]"", ""LinearLayout[1]""]}",remote_xbox,existing_local,natural_source_issue,8523a2504594805270fb0b5d97855ec6e5f1e91591a09eff98c4673410a01877,pending,included,test,,formal_scan_162,xml_safe,false,error,high,true,false,${FDROID_ROOT}/selected_xml_apps/XBMC-Remote,res/layout/remote_xbox.xml,ebdb79f219ab4ed5389e6e8770d27d3a085c65b98fe9af9d758c73fa677ade4e,ebdb79f219ab4ed5389e6e8770d27d3a085c65b98fe9af9d758c73fa677ade4e,11,Button,passed,v2.0.0,,existing_v2_test
src-4e66b107292d2f8b4efd,org.xbmc.android.remote,XBMC Remote,https://github.com/freezy/android-xbmcremote.git,git,9dd0d41d55639b846fad0d49fc316042962c3dbf,,res/layout-ldpi-v4/remote_xbox.xml,22,Button,@+id/RemoteXboxImgBtnPlay,focus_accessibility_tree,interactive_control_not_focusable,error,high,hard,true,false,"已启用的标准交互控件显式设置了 focusable=""false""，会阻止键盘或方向键焦点访问。","{""background"": ""@drawable/remote_xbox_play"", ""focusable"": ""false"", ""focusableInTouchMode"": ""false"", ""id"": ""@+id/RemoteXboxImgBtnPlay"", ""layout_height"": ""wrap_content"", ""layout_width"": ""wrap_content""}","{""background"": {""raw"": ""@drawable/remote_xbox_play"", ""status"": ""unsupported"", ""value"": ""@drawable/remote_xbox_play""}, ""focusable"": {""raw"": ""false"", ""status"": ""literal"", ""value"": ""false""}, ""focusableInTouchMode"": {""raw"": ""false"", ""status"": ""literal"", ""value"": ""false""}, ""id"": {""raw"": ""@+id/RemoteXboxImgBtnPlay"", ""status"": ""resolved"", ""value"": [""res/layout/remote_gesture.xml"", ""res/layout/remote_gesture_extended.xml"", ""res/layout/remote_xbox.xml"", ""res/layout/remote_xbox_extended.xml"", ""res/layout-land/remote_xbox.xml"", ""res/layout-land-hdpi-v4/remote_xbox.xml"", ""res/layout-land-hdpi-v4/remote_xbox_extended.xml"", ""res/layout-land-ldpi-v4/remote_xbox.xml"", ""res/layout-ldpi-v4/remote_xbox.xml""]}, ""layout_height"": {""raw"": ""wrap_content"", ""status"": ""literal"", ""value"": ""wrap_content""}, ""layout_width"": {""raw"": ""wrap_content"", ""status"": ""literal"", ""value"": ""wrap_content""}}","{""included_by"": [], ""is_merge_layout"": false, ""root_tag"": ""LinearLayout"", ""selector_ancestors"": [""LinearLayout[1]"", ""LinearLayout[2]""]}",remote_xbox,existing_local,natural_source_issue,8523a2504594805270fb0b5d97855ec6e5f1e91591a09eff98c4673410a01877,pending,included,test,,formal_scan_162,xml_safe,false,error,high,true,false,${FDROID_ROOT}/selected_xml_apps/XBMC-Remote,res/layout/remote_xbox.xml,ebdb79f219ab4ed5389e6e8770d27d3a085c65b98fe9af9d758c73fa677ade4e,ebdb79f219ab4ed5389e6e8770d27d3a085c65b98fe9af9d758c73fa677ade4e,22,Button,passed,v2.0.0,,existing_v2_test
src-c0aa57bb31b6c2c4394c,be.geecko.QuickLyric,QuickLyric (old),https://github.com/geecko86/QuickLyric,git,9847aa13ad4c4ee07d1dc13b5bde7892ac0716c5,QuickLyric,QuickLyric/src/main/res/layout/tutorial_4.xml,151,SwitchCompat,@+id/NL_switch,stateful_dynamic_value,stateful_control_missing_label,error,high,medium,true,false,交互控件缺少可访问名称。请使用 text、contentDescription、hint 或把现有可见 TextView 通过 labelFor 与控件关联。,"{""checked"": ""false"", ""clickable"": ""false"", ""id"": ""@+id/NL_switch"", ""layout_height"": ""wrap_content"", ""layout_width"": ""wrap_content"", ""paddingLeft"": ""10dp"", ""paddingRight"": ""10dp""}","{""checked"": {""raw"": ""false"", ""status"": ""literal"", ""value"": ""false""}, ""clickable"": {""raw"": ""false"", ""status"": ""literal"", ""value"": ""false""}, ""id"": {""raw"": ""@+id/NL_switch"", ""status"": ""resolved"", ""value"": [""QuickLyric/src/main/res/layout/tutorial_4.xml"", ""QuickLyric/src/main/res/layout-land/tutorial_4.xml""]}, ""layout_height"": {""raw"": ""wrap_content"", ""status"": ""literal"", ""value"": ""wrap_content""}, ""layout_width"": {""raw"": ""wrap_content"", ""status"": ""literal"", ""value"": ""wrap_content""}, ""paddingLeft"": {""raw"": ""10dp"", ""status"": ""literal"", ""value"": ""10dp""}, ""paddingRight"": {""raw"": ""10dp"", ""status"": ""literal"", ""value"": ""10dp""}}","{""included_by"": [], ""is_merge_layout"": false, ""root_tag"": ""PercentRelativeLayout"", ""selector_ancestors"": [""PercentRelativeLayout[1]"", ""LinearLayout[2]""]}",tutorial_4,existing_local,natural_source_issue,021533d36b2268931115fc52a7dd07af62952c817ac04a78a0767e8561cb4f69,pending,included,test,,formal_scan_162,xml_safe,false,error,high,true,false,${FDROID_ROOT}/selected_xml_apps/QuickLyric,QuickLyric/src/main/res/layout/tutorial_4.xml,1d9d237c1382d1701dcde2be746e39c8359ee2a177d1d400ed3e331f560b2e26,1d9d237c1382d1701dcde2be746e39c8359ee2a177d1d400ed3e331f560b2e26,151,SwitchCompat,passed,v2.0.0,,existing_v2_test
src-c762d03786a160b0d611,org.liberty.android.freeotpplus,FreeOTP Plus,https://github.com/helloworld1/FreeOTPPlus.git,git,e5807ee0ae74a9fe6cec61fc77f5a34ad2d9c352,app,app/src/main/res/layout/add.xml,180,Spinner,@+id/algorithm,stateful_dynamic_value,stateful_control_missing_label,error,high,medium,true,false,交互控件缺少可访问名称。请使用 text、contentDescription、hint 或把现有可见 TextView 通过 labelFor 与控件关联。,"{""entries"": ""@array/algorithms"", ""id"": ""@+id/algorithm"", ""layout_height"": ""match_parent"", ""layout_weight"": ""1"", ""layout_width"": ""match_parent""}","{""entries"": {""raw"": ""@array/algorithms"", ""status"": ""unsupported"", ""value"": ""@array/algorithms""}, ""id"": {""raw"": ""@+id/algorithm"", ""status"": ""resolved"", ""value"": [""app/src/main/res/layout/add.xml"", ""app/src/main/res/layout/edit.xml""]}, ""layout_height"": {""raw"": ""match_parent"", ""status"": ""literal"", ""value"": ""match_parent""}, ""layout_weight"": {""raw"": ""1"", ""status"": ""literal"", ""value"": ""1""}, ""layout_width"": {""raw"": ""match_parent"", ""status"": ""literal"", ""value"": ""match_parent""}}","{""included_by"": [], ""is_merge_layout"": false, ""root_tag"": ""LinearLayout"", ""selector_ancestors"": [""LinearLayout[1]"", ""LinearLayout[1]"", ""ScrollView[1]"", ""TableLayout[1]"", ""TableRow[4]""]}",add,existing_local,natural_source_issue,d60aafc15399efc379ec69eb0fd765ab8b425d2cf49889dd63111d9241b62456,pending,included,test,,formal_scan_162,xml_safe,false,error,high,true,false,${FDROID_ROOT}/selected_xml_apps/FreeOTP-Plus,app/src/main/res/layout/add.xml,cb19a2d60bb6fb432d3bc24c28ef6d9dab7e423d95afd639a0636aaf8e355528,cb19a2d60bb6fb432d3bc24c28ef6d9dab7e423d95afd639a0636aaf8e355528,180,SelectionControl,passed,v2.0.0,,existing_v2_test
src-971edf2ff00b7357431a,com.infomaniak.mail,Infomaniak Mail,https://github.com/Infomaniak/android-kMail.git,git,dbf462e3552e3bdb5de3bf1c52db77d06ade6b28,app,app/src/main/res/layout/fragment_ai_prompt.xml,78,MaterialButton,@+id/closeButton,accessible_name_missing,button_missing_name,error,high,easy,true,false,交互控件缺少可访问名称。请使用 text、contentDescription、hint 或把现有可见 TextView 通过 labelFor 与控件关联。,"{""cornerRadius"": ""@dimen/roundCornerRadius"", ""icon"": ""@drawable/ic_close_small"", ""iconGravity"": ""textStart"", ""iconPadding"": ""0dp"", ""iconSize"": ""@dimen/mediumIconSize"", ""iconTint"": ""@color/iconColor"", ""id"": ""@+id/closeButton"", ""insetBottom"": ""0dp"", ""insetLeft"": ""0dp"", ""insetRight"": ""0dp"", ""insetTop"": ""0dp"", ""layout_height"": ""@dimen/iconButtonSize"", ""layout_width"": ""@dimen/iconButtonSize"", ""style"": ""@style/IconButtonSmall""}","{""cornerRadius"": {""raw"": ""@dimen/roundCornerRadius"", ""status"": ""resolved"", ""value"": 100.0}, ""icon"": {""raw"": ""@drawable/ic_close_small"", ""status"": ""unsupported"", ""value"": ""@drawable/ic_close_small""}, ""iconGravity"": {""raw"": ""textStart"", ""status"": ""literal"", ""value"": ""textStart""}, ""iconPadding"": {""raw"": ""0dp"", ""status"": ""literal"", ""value"": ""0dp""}, ""iconSize"": {""raw"": ""@dimen/mediumIconSize"", ""status"": ""resolved"", ""value"": 16.0}, ""iconTint"": {""raw"": ""@color/iconColor"", ""status"": ""unsupported"", ""value"": ""@color/iconColor""}, ""id"": {""raw"": ""@+id/closeButton"", ""status"": ""resolved"", ""value"": [""app/src/main/res/layout/fragment_ai_prompt.xml"", ""app/src/main/res/layout/fragment_new_message.xml"", ""app/src/main/res/layout/view_banner_ksuite_storage.xml"", ""app/src/main/res/layout/view_information_block.xml""]}, ""insetBottom"": {""raw"": ""0dp"", ""status"": ""literal"", ""value"": ""0dp""}, ""insetLeft"": {""raw"": ""0dp"", ""status"": ""literal"", ""value"": ""0dp""}, ""insetRight"": {""raw"": ""0dp"", ""status"": ""literal"", ""value"": ""0dp""}, ""insetTop"": {""raw"": ""0dp"", ""status"": ""literal"", ""value"": ""0dp""}, ""layout_height"": {""raw"": ""@dimen/iconButtonSize"", ""status"": ""resolved"", ""value"": 32.0}, ""layout_width"": {""raw"": ""@dimen/iconButtonSize"", ""status"": ""resolved"", ""value"": 32.0}, ""style"": {""raw"": ""@style/IconButtonSmall"", ""status"": ""resolved"", ""value"": {""cornerRadius"": ""@dimen/roundCornerRadius"", ""iconGravity"": ""textStart"", ""iconPadding"": ""0dp"", ""iconSize"": ""@dimen/mediumIconSize"", ""iconTint"": ""@color/iconColor"", ""{http://schemas.android.com/apk/res/android}insetBottom"": ""0dp"", ""{http://schemas.android.com/apk/res/android}insetLeft"": ""0dp"", ""{http://schemas.android.com/apk/res/android}insetRight"": ""0dp"", ""{http://schemas.android.com/apk/res/android}insetTop"": ""0dp"", ""{http://schemas.android.com/apk/res/android}layout_height"": ""@dimen/iconButtonSize"", ""{http://schemas.android.com/apk/res/android}layout_width"": ""@dimen/iconButtonSize""}}, ""style_items"": {""cornerRadius"": ""@dimen/roundCornerRadius"", ""iconGravity"": ""textStart"", ""iconPadding"": ""0dp"", ""iconSize"": ""@dimen/mediumIconSize"", ""iconTint"": ""@color/iconColor"", ""{http://schemas.android.com/apk/res/android}insetBottom"": ""0dp"", ""{http://schemas.android.com/apk/res/android}insetLeft"": ""0dp"", ""{http://schemas.android.com/apk/res/android}insetRight"": ""0dp"", ""{http://schemas.android.com/apk/res/android}insetTop"": ""0dp"", ""{http://schemas.android.com/apk/res/android}layout_height"": ""@dimen/iconButtonSize"", ""{http://schemas.android.com/apk/res/android}layout_width"": ""@dimen/iconButtonSize""}}","{""included_by"": [], ""is_merge_layout"": false, ""root_tag"": ""ConstraintLayout"", ""selector_ancestors"": [""ConstraintLayout[1]"", ""MaterialCardView[1]"", ""LinearLayout[1]"", ""LinearLayout[1]""]}",fragment_ai_prompt,existing_local,natural_source_issue,f894622bc1b7b014d19daed7abafeab26985c4dc84c784527dbfd51928be29bb,pending,included,test,,formal_scan_162,xml_safe,false,error,high,true,false,${FDROID_ROOT}/selected_xml_apps/Infomaniak-Mail,app/src/main/res/layout/fragment_ai_prompt.xml,dcce2a2fcc0b16ce28d7e5c33467e891aac3a208df2e239197d77a929e9a6cfb,dcce2a2fcc0b16ce28d7e5c33467e891aac3a208df2e239197d77a929e9a6cfb,78,Button,passed,v2.0.0,,existing_v2_test
src-7d867e731de1255ddb58,com.infomaniak.mail,Infomaniak Mail,https://github.com/Infomaniak/android-kMail.git,git,dbf462e3552e3bdb5de3bf1c52db77d06ade6b28,app,app/src/main/res/layout/fragment_ai_prompt.xml,92,TextInputEditText,@+id/prompt,input_label_hint,input_missing_label_and_hint,error,high,medium,true,false,输入框缺少稳定标签或 hint。请添加 android:hint，或使用 TextView android:labelFor 关联标签。,"{""gravity"": ""top|start"", ""hint"": ""@string/aiPromptPlaceholder"", ""id"": ""@+id/prompt"", ""inputType"": ""textMultiLine|textCapSentences|textAutoCorrect"", ""layout_height"": ""wrap_content"", ""layout_width"": ""match_parent"", ""minLines"": ""3""}","{""gravity"": {""raw"": ""top|start"", ""status"": ""literal"", ""value"": ""top|start""}, ""hint"": {""raw"": ""@string/aiPromptPlaceholder"", ""status"": ""resolved"", ""value"": ""Tell Euria what you want to write. For example \\\""%s\\\"".""}, ""id"": {""raw"": ""@+id/prompt"", ""status"": ""resolved"", ""value"": [""app/src/main/res/layout/fragment_ai_prompt.xml""]}, ""inputType"": {""raw"": ""textMultiLine|textCapSentences|textAutoCorrect"", ""status"": ""literal"", ""value"": ""textMultiLine|textCapSentences|textAutoCorrect""}, ""layout_height"": {""raw"": ""wrap_content"", ""status"": ""literal"", ""value"": ""wrap_content""}, ""layout_width"": {""raw"": ""match_parent"", ""status"": ""literal"", ""value"": ""match_parent""}, ""minLines"": {""raw"": ""3"", ""status"": ""literal"", ""value"": ""3""}}","{""included_by"": [], ""is_merge_layout"": false, ""root_tag"": ""ConstraintLayout"", ""selector_ancestors"": [""ConstraintLayout[1]"", ""MaterialCardView[1]"", ""LinearLayout[1]"", ""TextInputLayout[1]""]}",fragment_ai_prompt,existing_local,natural_source_issue,f894622bc1b7b014d19daed7abafeab26985c4dc84c784527dbfd51928be29bb,pending,included,test,,formal_scan_162,xml_safe,false,error,high,true,false,${FDROID_ROOT}/selected_xml_apps/Infomaniak-Mail,app/src/main/res/layout/fragment_ai_prompt.xml,dcce2a2fcc0b16ce28d7e5c33467e891aac3a208df2e239197d77a929e9a6cfb,dcce2a2fcc0b16ce28d7e5c33467e891aac3a208df2e239197d77a929e9a6cfb,92,EditText,passed,v2.0.0,,existing_v2_test
src-424aca9b7bf3aae66658,com.infomaniak.mail,Infomaniak Mail,https://github.com/Infomaniak/android-kMail.git,git,dbf462e3552e3bdb5de3bf1c52db77d06ade6b28,app,app/src/main/res/layout/fragment_encryption_password.xml,117,TextInputEditText,@+id/passwordInput,input_type_semantics,password_input_type_missing,error,high,hard,true,false,XML 中存在明确密码字段证据，但输入框缺少 password 类型的 android:inputType。,"{""id"": ""@+id/passwordInput"", ""layout_height"": ""wrap_content"", ""layout_width"": ""match_parent""}","{""id"": {""raw"": ""@+id/passwordInput"", ""status"": ""resolved"", ""value"": [""app/src/main/res/layout/fragment_encryption_password.xml""]}, ""layout_height"": {""raw"": ""wrap_content"", ""status"": ""literal"", ""value"": ""wrap_content""}, ""layout_width"": {""raw"": ""match_parent"", ""status"": ""literal"", ""value"": ""match_parent""}}","{""included_by"": [], ""is_merge_layout"": false, ""root_tag"": ""ConstraintLayout"", ""selector_ancestors"": [""ConstraintLayout[1]"", ""MaterialCardView[1]"", ""LinearLayout[1]"", ""EndIconTextInputLayout[1]""]}",fragment_encryption_password,existing_local,natural_source_issue,573faace90f38e018c614d2828f23bc646a7a765c899007f12473e04c227316b,pending,included,test,,formal_scan_162,xml_safe,true,error,high,true,false,${FDROID_ROOT}/selected_xml_apps/Infomaniak-Mail,app/src/main/res/layout/fragment_encryption_password.xml,61211b59e3384b9c433f38e542f3748c8a5631052cbf66b411c4a190f1dc3d1e,61211b59e3384b9c433f38e542f3748c8a5631052cbf66b411c4a190f1dc3d1e,117,EditText,passed,v2.0.0,,existing_v2_test
src-f014be08b31cfd156303,com.infomaniak.mail,Infomaniak Mail,https://github.com/Infomaniak/android-kMail.git,git,dbf462e3552e3bdb5de3bf1c52db77d06ade6b28,app,app/src/main/res/layout/fragment_search.xml,224,FrameLayout,@+id/dragSeparator,accessible_name_missing,custom_clickable_missing_name,error,high,medium,true,false,交互控件缺少可访问名称。请使用 text、contentDescription、hint 或把现有可见 TextView 通过 labelFor 与控件关联。,"{""clickable"": ""true"", ""focusable"": ""true"", ""id"": ""@+id/dragSeparator"", ""layout_height"": ""match_parent"", ""layout_marginEnd"": ""@dimen/dragSeparatorTouchAreaMargin"", ""layout_marginStart"": ""@dimen/dragSeparatorTouchAreaMargin"", ""layout_width"": ""@dimen/dragSeparatorTouchAreaWidth"", ""translationZ"": ""@dimen/dragSeparatorTranslationZ""}","{""clickable"": {""raw"": ""true"", ""status"": ""literal"", ""value"": ""true""}, ""focusable"": {""raw"": ""true"", ""status"": ""literal"", ""value"": ""true""}, ""id"": {""raw"": ""@+id/dragSeparator"", ""status"": ""resolved"", ""value"": [""app/src/main/res/layout/fragment_search.xml"", ""app/src/main/res/layout/fragment_thread_list.xml""]}, ""layout_height"": {""raw"": ""match_parent"", ""status"": ""literal"", ""value"": ""match_parent""}, ""layout_marginEnd"": {""raw"": ""@dimen/dragSeparatorTouchAreaMargin"", ""status"": ""unresolved_resource"", ""value"": ""@dimen/dragSeparatorTouchAreaMargin""}, ""layout_marginStart"": {""raw"": ""@dimen/dragSeparatorTouchAreaMargin"", ""status"": ""unresolved_resource"", ""value"": ""@dimen/dragSeparatorTouchAreaMargin""}, ""layout_width"": {""raw"": ""@dimen/dragSeparatorTouchAreaWidth"", ""status"": ""resolved"", ""value"": 48.0}, ""translationZ"": {""raw"": ""@dimen/dragSeparatorTranslationZ"", ""status"": ""resolved"", ""value"": 10.0}}","{""included_by"": [], ""is_merge_layout"": false, ""root_tag"": ""LinearLayout"", ""selector_ancestors"": [""LinearLayout[1]""]}",fragment_search,existing_local,natural_source_issue,5551297d44436fe88248ceda62fcc3228d3a6140f1c6ac9473909cb783afc8aa,pending,included,test,,formal_scan_162,xml_safe,false,error,high,true,false,${FDROID_ROOT}/selected_xml_apps/Infomaniak-Mail,app/src/main/res/layout/fragment_search.xml,f3f95eba68e73cdaaac1253cb84bf8137d8df30e5e36639774bee3ee636bc0ba,f3f95eba68e73cdaaac1253cb84bf8137d8df30e5e36639774bee3ee636bc0ba,224,FrameLayout,passed,v2.0.0,,existing_v2_test
src-06cae7b934e486c57aff,com.infomaniak.mail,Infomaniak Mail,https://github.com/Infomaniak/android-kMail.git,git,dbf462e3552e3bdb5de3bf1c52db77d06ade6b28,app,app/src/main/res/layout/fragment_thread_list.xml,250,FrameLayout,@+id/dragSeparator,accessible_name_missing,custom_clickable_missing_name,error,high,medium,true,false,交互控件缺少可访问名称。请使用 text、contentDescription、hint 或把现有可见 TextView 通过 labelFor 与控件关联。,"{""clickable"": ""true"", ""focusable"": ""true"", ""id"": ""@+id/dragSeparator"", ""layout_height"": ""match_parent"", ""layout_marginEnd"": ""@dimen/dragSeparatorTouchAreaMargin"", ""layout_marginStart"": ""@dimen/dragSeparatorTouchAreaMargin"", ""layout_width"": ""@dimen/dragSeparatorTouchAreaWidth"", ""translationZ"": ""@dimen/dragSeparatorTranslationZ""}","{""clickable"": {""raw"": ""true"", ""status"": ""literal"", ""value"": ""true""}, ""focusable"": {""raw"": ""true"", ""status"": ""literal"", ""value"": ""true""}, ""id"": {""raw"": ""@+id/dragSeparator"", ""status"": ""resolved"", ""value"": [""app/src/main/res/layout/fragment_search.xml"", ""app/src/main/res/layout/fragment_thread_list.xml""]}, ""layout_height"": {""raw"": ""match_parent"", ""status"": ""literal"", ""value"": ""match_parent""}, ""layout_marginEnd"": {""raw"": ""@dimen/dragSeparatorTouchAreaMargin"", ""status"": ""unresolved_resource"", ""value"": ""@dimen/dragSeparatorTouchAreaMargin""}, ""layout_marginStart"": {""raw"": ""@dimen/dragSeparatorTouchAreaMargin"", ""status"": ""unresolved_resource"", ""value"": ""@dimen/dragSeparatorTouchAreaMargin""}, ""layout_width"": {""raw"": ""@dimen/dragSeparatorTouchAreaWidth"", ""status"": ""resolved"", ""value"": 48.0}, ""translationZ"": {""raw"": ""@dimen/dragSeparatorTranslationZ"", ""status"": ""resolved"", ""value"": 10.0}}","{""included_by"": [], ""is_merge_layout"": false, ""root_tag"": ""LinearLayout"", ""selector_ancestors"": [""LinearLayout[1]""]}",fragment_thread_list,existing_local,natural_source_issue,e2f87d7694ab68f72f49626a217ca586fffc911d013100f22d542ae67f6f8976,pending,included,test,,formal_scan_162,xml_safe,false,error,high,true,false,${FDROID_ROOT}/selected_xml_apps/Infomaniak-Mail,app/src/main/res/layout/fragment_thread_list.xml,f5a191850305610b73b8f65914fbef506cb2aa0d7bba2dcc1c67b4b7c4381fb7,f5a191850305610b73b8f65914fbef506cb2aa0d7bba2dcc1c67b4b7c4381fb7,250,FrameLayout,passed,v2.0.0,,existing_v2_test
src-da2276a99b6c98ff0235,com.jairaj.janglegmail.motioneye,Motion Eye,https://github.com/JairajJangle/motioneye-android,git,c3d8fd408ebf3b03ce2094113ca9887f7e9dbfe4,app,app/src/main/res/layout/activity_main.xml,6,ConstraintLayout,,label_association,label_for_target_missing,error,high,medium,true,false,TextView 的 android:labelFor 指向不存在的 id。请修正目标 id 或删除无效关联。,"{""animateLayoutChanges"": ""true"", ""background"": ""@color/motioneye_grey"", ""contentDescription"": ""@string/constraintlayout_for_list_ad_and_etc"", ""context"": "".activities.MainActivity.MainActivity"", ""ignore"": ""ContentDescription"", ""labelFor"": ""@+id/device_list"", ""layout_height"": ""match_parent"", ""layout_width"": ""match_parent""}","{""animateLayoutChanges"": {""raw"": ""true"", ""status"": ""literal"", ""value"": ""true""}, ""background"": {""raw"": ""@color/motioneye_grey"", ""status"": ""unsupported"", ""value"": ""@color/motioneye_grey""}, ""contentDescription"": {""raw"": ""@string/constraintlayout_for_list_ad_and_etc"", ""status"": ""resolved"", ""value"": ""This is just a layout containing other elements of this screen""}, ""context"": {""raw"": "".activities.MainActivity.MainActivity"", ""status"": ""literal"", ""value"": "".activities.MainActivity.MainActivity""}, ""ignore"": {""raw"": ""ContentDescription"", ""status"": ""literal"", ""value"": ""ContentDescription""}, ""labelFor"": {""raw"": ""@+id/device_list"", ""status"": ""unresolved"", ""value"": ""@+id/device_list""}, ""layout_height"": {""raw"": ""match_parent"", ""status"": ""literal"", ""value"": ""match_parent""}, ""layout_width"": {""raw"": ""match_parent"", ""status"": ""literal"", ""value"": ""match_parent""}}","{""included_by"": [], ""is_merge_layout"": false, ""root_tag"": ""layout"", ""selector_ancestors"": [""layout[1]""]}",activity_main,targeted_new_source,natural_source_issue,adb98f95a6a51b993a6594f47426b6892db056c6041f7b7892f4757ac4a2d377,pending,included,test,targeted validation: labelFor target @device_list is absent after complete include expansion,targeted_gap_fill_audited,xml_safe,true,error,high,true,false,${REPO_ROOT}/outputs/source_prescreen/targeted_gap_fill/repositories/Motion-Eye-com.jairaj.janglegmail.motioneye,app/src/main/res/layout/activity_main.xml,d963f2820bcf9e6db84a77e29df0a6129879b27b7a06950fa0373eb5b9b1678f,d963f2820bcf9e6db84a77e29df0a6129879b27b7a06950fa0373eb5b9b1678f,6,ConstraintLayout,passed,v2.0.0,,existing_v2_test
src-bf9ba939c2feb1550cb5,com.jairaj.janglegmail.motioneye,Motion Eye,https://github.com/JairajJangle/motioneye-android,git,c3d8fd408ebf3b03ce2094113ca9887f7e9dbfe4,app,app/src/main/res/layout/activity_main.xml,22,Button,@+id/dummy_show_case_button,label_association,label_for_target_missing,error,high,medium,true,false,TextView 的 android:labelFor 指向不存在的 id。请修正目标 id 或删除无效关联。,"{""background"": ""@color/transparent"", ""clickable"": ""false"", ""contentDescription"": ""@string/dummy_button_for_showcaseview"", ""id"": ""@+id/dummy_show_case_button"", ""labelFor"": ""@+id/device_list"", ""layout_constraintEnd_toEndOf"": ""parent"", ""layout_constraintStart_toStartOf"": ""parent"", ""layout_constraintTop_toTopOf"": ""@+id/device_list_rv"", ""layout_height"": ""wrap_content"", ""layout_marginTop"": ""14dp"", ""layout_width"": ""match_parent""}","{""background"": {""raw"": ""@color/transparent"", ""status"": ""unsupported"", ""value"": ""@color/transparent""}, ""clickable"": {""raw"": ""false"", ""status"": ""literal"", ""value"": ""false""}, ""contentDescription"": {""raw"": ""@string/dummy_button_for_showcaseview"", ""status"": ""resolved"", ""value"": ""Do not press this button, this is just a dummy button for displaying tutorial""}, ""id"": {""raw"": ""@+id/dummy_show_case_button"", ""status"": ""resolved"", ""value"": [""app/src/main/res/layout/activity_main.xml""]}, ""labelFor"": {""raw"": ""@+id/device_list"", ""status"": ""unresolved"", ""value"": ""@+id/device_list""}, ""layout_constraintEnd_toEndOf"": {""raw"": ""parent"", ""status"": ""literal"", ""value"": ""parent""}, ""layout_constraintStart_toStartOf"": {""raw"": ""parent"", ""status"": ""literal"", ""value"": ""parent""}, ""layout_constraintTop_toTopOf"": {""raw"": ""@+id/device_list_rv"", ""status"": ""resolved"", ""value"": [""app/src/main/res/layout/activity_main.xml""]}, ""layout_height"": {""raw"": ""wrap_content"", ""status"": ""literal"", ""value"": ""wrap_content""}, ""layout_marginTop"": {""raw"": ""14dp"", ""status"": ""literal"", ""value"": ""14dp""}, ""layout_width"": {""raw"": ""match_parent"", ""status"": ""literal"", ""value"": ""match_parent""}}","{""included_by"": [], ""is_merge_layout"": false, ""root_tag"": ""layout"", ""selector_ancestors"": [""layout[1]"", ""ConstraintLayout[1]""]}",activity_main,targeted_new_source,natural_source_issue,adb98f95a6a51b993a6594f47426b6892db056c6041f7b7892f4757ac4a2d377,pending,included,test,targeted validation: labelFor target @device_list is absent after complete include expansion,targeted_gap_fill_audited,xml_safe,true,error,high,true,false,${REPO_ROOT}/outputs/source_prescreen/targeted_gap_fill/repositories/Motion-Eye-com.jairaj.janglegmail.motioneye,app/src/main/res/layout/activity_main.xml,d963f2820bcf9e6db84a77e29df0a6129879b27b7a06950fa0373eb5b9b1678f,d963f2820bcf9e6db84a77e29df0a6129879b27b7a06950fa0373eb5b9b1678f,22,Button,passed,v2.0.0,,existing_v2_test
src-daa9fba94cb353897b7e,de.bitsharesmunich.smartcoinswallet,Smartcoins Wallet,https://github.com/kenCode-de/smartcoins-wallet.git,git,690ed7c9c5e5d99966483e532cafe151ad5aea55,app,app/src/main/res/layout/activity_account.xml,35,EditText,@+id/etAccountName,input_label_hint,input_missing_label_and_hint,error,high,medium,true,false,输入框缺少稳定标签或 hint。请添加 android:hint，或使用 TextView android:labelFor 关联标签。,"{""background"": ""@drawable/edittext_bg"", ""id"": ""@+id/etAccountName"", ""layout_height"": ""40dp"", ""layout_width"": ""match_parent"", ""maxLines"": ""1"", ""singleLine"": ""true""}","{""background"": {""raw"": ""@drawable/edittext_bg"", ""status"": ""unsupported"", ""value"": ""@drawable/edittext_bg""}, ""id"": {""raw"": ""@+id/etAccountName"", ""status"": ""resolved"", ""value"": [""app/src/main/res/layout/activity_account.xml""]}, ""layout_height"": {""raw"": ""40dp"", ""status"": ""literal"", ""value"": ""40dp""}, ""layout_width"": {""raw"": ""match_parent"", ""status"": ""literal"", ""value"": ""match_parent""}, ""maxLines"": {""raw"": ""1"", ""status"": ""literal"", ""value"": ""1""}, ""singleLine"": {""raw"": ""true"", ""status"": ""literal"", ""value"": ""true""}}","{""included_by"": [], ""is_merge_layout"": false, ""root_tag"": ""RelativeLayout"", ""selector_ancestors"": [""RelativeLayout[1]"", ""LinearLayout[1]""]}",activity_account,existing_local,natural_source_issue,7421ffec0740474649f56e13bcc9111dc8fcef0a7e96210fc7c8e047346b0ebd,pending,included,test,,formal_scan_162,xml_safe,false,error,high,true,false,${FDROID_ROOT}/selected_xml_apps/Smartcoins-Wallet,app/src/main/res/layout/activity_account.xml,e90885de710fbae40e94fcad7ef1c6eb3254497227514f630a84d418aa666423,e90885de710fbae40e94fcad7ef1c6eb3254497227514f630a84d418aa666423,35,EditText,passed,v2.0.0,,existing_v2_test
src-506f753e45c4ba8941c3,de.bitsharesmunich.smartcoinswallet,Smartcoins Wallet,https://github.com/kenCode-de/smartcoins-wallet.git,git,690ed7c9c5e5d99966483e532cafe151ad5aea55,app,app/src/main/res/layout/activity_account.xml,72,EditText,@+id/etPinConfirmation,input_label_hint,input_missing_label_and_hint,error,high,medium,true,false,输入框缺少稳定标签或 hint。请添加 android:hint，或使用 TextView android:labelFor 关联标签。,"{""background"": ""@drawable/edittext_bg"", ""id"": ""@+id/etPinConfirmation"", ""inputType"": ""number"", ""layout_height"": ""40dp"", ""layout_width"": ""match_parent"", ""maxLines"": ""1"", ""singleLine"": ""true""}","{""background"": {""raw"": ""@drawable/edittext_bg"", ""status"": ""unsupported"", ""value"": ""@drawable/edittext_bg""}, ""id"": {""raw"": ""@+id/etPinConfirmation"", ""status"": ""resolved"", ""value"": [""app/src/main/res/layout/activity_account.xml"", ""app/src/main/res/layout/activity_brainkey.xml"", ""app/src/main/res/layout/activity_create_pin.xml"", ""app/src/main/res/layout/activity_import_wif.xml""]}, ""inputType"": {""raw"": ""number"", ""status"": ""literal"", ""value"": ""number""}, ""layout_height"": {""raw"": ""40dp"", ""status"": ""literal"", ""value"": ""40dp""}, ""layout_width"": {""raw"": ""match_parent"", ""status"": ""literal"", ""value"": ""match_parent""}, ""maxLines"": {""raw"": ""1"", ""status"": ""literal"", ""value"": ""1""}, ""singleLine"": {""raw"": ""true"", ""status"": ""literal"", ""value"": ""true""}}","{""included_by"": [], ""is_merge_layout"": false, ""root_tag"": ""RelativeLayout"", ""selector_ancestors"": [""RelativeLayout[1]"", ""LinearLayout[1]""]}",activity_account,existing_local,natural_source_issue,7421ffec0740474649f56e13bcc9111dc8fcef0a7e96210fc7c8e047346b0ebd,pending,included,test,,formal_scan_162,xml_safe,false,error,high,true,false,${FDROID_ROOT}/selected_xml_apps/Smartcoins-Wallet,app/src/main/res/layout/activity_account.xml,e90885de710fbae40e94fcad7ef1c6eb3254497227514f630a84d418aa666423,e90885de710fbae40e94fcad7ef1c6eb3254497227514f630a84d418aa666423,72,EditText,passed,v2.0.0,,existing_v2_test
src-d0c0bc0a1184312329a2,de.bitsharesmunich.smartcoinswallet,Smartcoins Wallet,https://github.com/kenCode-de/smartcoins-wallet.git,git,690ed7c9c5e5d99966483e532cafe151ad5aea55,app,app/src/main/res/layout/activity_backup_brainkey.xml,13,ImageView,@+id/ivBackupBrainKey,accessible_name_missing,clickable_image_missing_name,error,high,medium,true,false,交互控件缺少可访问名称。请使用 text、contentDescription、hint 或把现有可见 TextView 通过 labelFor 与控件关联。,"{""id"": ""@+id/ivBackupBrainKey"", ""layout_centerHorizontal"": ""true"", ""layout_centerVertical"": ""true"", ""layout_gravity"": ""center"", ""layout_height"": ""wrap_content"", ""layout_width"": ""wrap_content"", ""onClick"": ""onClickBackupBrainkeybtn"", ""src"": ""@drawable/brainkey_ic""}","{""id"": {""raw"": ""@+id/ivBackupBrainKey"", ""status"": ""resolved"", ""value"": [""app/src/main/res/layout/activity_backup_brainkey.xml""]}, ""layout_centerHorizontal"": {""raw"": ""true"", ""status"": ""literal"", ""value"": ""true""}, ""layout_centerVertical"": {""raw"": ""true"", ""status"": ""literal"", ""value"": ""true""}, ""layout_gravity"": {""raw"": ""center"", ""status"": ""literal"", ""value"": ""center""}, ""layout_height"": {""raw"": ""wrap_content"", ""status"": ""literal"", ""value"": ""wrap_content""}, ""layout_width"": {""raw"": ""wrap_content"", ""status"": ""literal"", ""value"": ""wrap_content""}, ""onClick"": {""raw"": ""onClickBackupBrainkeybtn"", ""status"": ""literal"", ""value"": ""onClickBackupBrainkeybtn""}, ""src"": {""raw"": ""@drawable/brainkey_ic"", ""status"": ""unsupported"", ""value"": ""@drawable/brainkey_ic""}}","{""included_by"": [], ""is_merge_layout"": false, ""root_tag"": ""RelativeLayout"", ""selector_ancestors"": [""RelativeLayout[1]""]}",activity_backup_brainkey,existing_local,natural_source_issue,eeed20be07d630b5863baf6ae57ecef03569f811fc4d453f3cc53ff7f0c4f39b,pending,included,test,,formal_scan_162,xml_safe,false,error,high,true,false,${FDROID_ROOT}/selected_xml_apps/Smartcoins-Wallet,app/src/main/res/layout/activity_backup_brainkey.xml,ad6a4797e5998ea852bd11a814a8d2bb842cab4b4ba331057a27dcbb763a90dd,ad6a4797e5998ea852bd11a814a8d2bb842cab4b4ba331057a27dcbb763a90dd,13,ImageView,passed,v2.0.0,,existing_v2_test
src-32afa7827d519dec01c9,de.bitsharesmunich.smartcoinswallet,Smartcoins Wallet,https://github.com/kenCode-de/smartcoins-wallet.git,git,690ed7c9c5e5d99966483e532cafe151ad5aea55,app,app/src/main/res/layout/add_contacts.xml,151,EditText,@+id/email,input_type_semantics,email_input_type_missing,error,high,hard,true,false,XML 中存在明确邮箱字段证据 '@+id/email'，但输入框缺少 textEmailAddress 类型。,"{""background"": ""@drawable/rounded_corners"", ""id"": ""@+id/email"", ""layout_height"": ""50sp"", ""layout_weight"": ""2"", ""layout_width"": ""wrap_content"", ""lines"": ""1"", ""maxLength"": ""50"", ""minWidth"": ""200sp"", ""padding"": ""5dp""}","{""background"": {""raw"": ""@drawable/rounded_corners"", ""status"": ""unsupported"", ""value"": ""@drawable/rounded_corners""}, ""id"": {""raw"": ""@+id/email"", ""status"": ""resolved"", ""value"": [""app/src/main/res/layout/add_contacts.xml""]}, ""layout_height"": {""raw"": ""50sp"", ""status"": ""literal"", ""value"": ""50sp""}, ""layout_weight"": {""raw"": ""2"", ""status"": ""literal"", ""value"": ""2""}, ""layout_width"": {""raw"": ""wrap_content"", ""status"": ""literal"", ""value"": ""wrap_content""}, ""lines"": {""raw"": ""1"", ""status"": ""literal"", ""value"": ""1""}, ""maxLength"": {""raw"": ""50"", ""status"": ""literal"", ""value"": ""50""}, ""minWidth"": {""raw"": ""200sp"", ""status"": ""literal"", ""value"": ""200sp""}, ""padding"": {""raw"": ""5dp"", ""status"": ""literal"", ""value"": ""5dp""}}","{""included_by"": [], ""is_merge_layout"": false, ""root_tag"": ""ScrollView"", ""selector_ancestors"": [""ScrollView[1]"", ""LinearLayout[1]"", ""LinearLayout[4]""]}",add_contacts,existing_local,natural_source_issue,5bd1a65784f44502c805cc7eb5c65895e8869c59d38613e92c455cdebfccde76,pending,included,test,,formal_scan_162,xml_safe,true,error,high,true,false,${FDROID_ROOT}/selected_xml_apps/Smartcoins-Wallet,app/src/main/res/layout/add_contacts.xml,89c59983aece864ceb0bfb6f7900f31dd817f99e689dc870ccd8baae94ae303a,89c59983aece864ceb0bfb6f7900f31dd817f99e689dc870ccd8baae94ae303a,151,EditText,passed,v2.0.0,,existing_v2_test
src-d6237db8b5b1dc4626bd,de.bitsharesmunich.smartcoinswallet,Smartcoins Wallet,https://github.com/kenCode-de/smartcoins-wallet.git,git,690ed7c9c5e5d99966483e532cafe151ad5aea55,app,app/src/main/res/layout/content_setting.xml,275,Spinner,@+id/spFolderPath,stateful_dynamic_value,stateful_control_missing_label,error,high,medium,true,false,交互控件缺少可访问名称。请使用 text、contentDescription、hint 或把现有可见 TextView 通过 labelFor 与控件关联。,"{""id"": ""@+id/spFolderPath"", ""layout_gravity"": ""center"", ""layout_height"": ""0dp"", ""layout_weight"": ""2"", ""layout_width"": ""match_parent"", ""textColor"": ""#002""}","{""id"": {""raw"": ""@+id/spFolderPath"", ""status"": ""resolved"", ""value"": [""app/src/main/res/layout/content_setting.xml""]}, ""layout_gravity"": {""raw"": ""center"", ""status"": ""literal"", ""value"": ""center""}, ""layout_height"": {""raw"": ""0dp"", ""status"": ""literal"", ""value"": ""0dp""}, ""layout_weight"": {""raw"": ""2"", ""status"": ""literal"", ""value"": ""2""}, ""layout_width"": {""raw"": ""match_parent"", ""status"": ""literal"", ""value"": ""match_parent""}, ""textColor"": {""raw"": ""#002"", ""status"": ""literal"", ""value"": ""#002""}}","{""included_by"": [""app/src/main/res/layout/activity_setting.xml""], ""is_merge_layout"": false, ""root_tag"": ""LinearLayout"", ""selector_ancestors"": [""LinearLayout[1]"", ""ScrollView[1]"", ""RelativeLayout[1]"", ""LinearLayout[6]"", ""LinearLayout[1]""]}",content_setting,existing_local,natural_source_issue,52ac393867514aa557cbc0f8709c467cb558af7366dd26e83c8f4310ad1d772f,pending,included,test,,formal_scan_162,xml_safe,false,error,high,true,false,${FDROID_ROOT}/selected_xml_apps/Smartcoins-Wallet,app/src/main/res/layout/content_setting.xml,546b65750a2ec13be5dcdf0bda7ab703500821861fd38040e435c4ecff0040bd,546b65750a2ec13be5dcdf0bda7ab703500821861fd38040e435c4ecff0040bd,275,SelectionControl,passed,v2.0.0,,existing_v2_test
src-665cf5c55637058d0158,de.bitsharesmunich.smartcoinswallet,Smartcoins Wallet,https://github.com/kenCode-de/smartcoins-wallet.git,git,690ed7c9c5e5d99966483e532cafe151ad5aea55,app,app/src/main/res/layout/content_setting.xml,521,ImageView,@+id/brainkey_ic,accessible_name_missing,clickable_image_missing_name,error,high,medium,true,false,交互控件缺少可访问名称。请使用 text、contentDescription、hint 或把现有可见 TextView 通过 labelFor 与控件关联。,"{""background"": ""@color/whiteColor"", ""id"": ""@+id/brainkey_ic"", ""layout_gravity"": ""center"", ""layout_height"": ""@dimen/icon_size"", ""layout_weight"": ""1"", ""layout_width"": ""@dimen/icon_size"", ""onClick"": ""onClickBackupBrainkeybtn"", ""src"": ""@drawable/brainkey_ic""}","{""background"": {""raw"": ""@color/whiteColor"", ""status"": ""unsupported"", ""value"": ""@color/whiteColor""}, ""id"": {""raw"": ""@+id/brainkey_ic"", ""status"": ""resolved"", ""value"": [""app/src/main/res/layout/content_setting.xml""]}, ""layout_gravity"": {""raw"": ""center"", ""status"": ""literal"", ""value"": ""center""}, ""layout_height"": {""raw"": ""@dimen/icon_size"", ""status"": ""resolved"", ""value"": 70.0}, ""layout_weight"": {""raw"": ""1"", ""status"": ""literal"", ""value"": ""1""}, ""layout_width"": {""raw"": ""@dimen/icon_size"", ""status"": ""resolved"", ""value"": 70.0}, ""onClick"": {""raw"": ""onClickBackupBrainkeybtn"", ""status"": ""literal"", ""value"": ""onClickBackupBrainkeybtn""}, ""src"": {""raw"": ""@drawable/brainkey_ic"", ""status"": ""unsupported"", ""value"": ""@drawable/brainkey_ic""}}","{""included_by"": [""app/src/main/res/layout/activity_setting.xml""], ""is_merge_layout"": false, ""root_tag"": ""LinearLayout"", ""selector_ancestors"": [""LinearLayout[1]"", ""ScrollView[1]"", ""RelativeLayout[1]"", ""LinearLayout[9]"", ""LinearLayout[2]""]}",content_setting,existing_local,natural_source_issue,52ac393867514aa557cbc0f8709c467cb558af7366dd26e83c8f4310ad1d772f,pending,included,test,,formal_scan_162,xml_safe,false,error,high,true,false,${FDROID_ROOT}/selected_xml_apps/Smartcoins-Wallet,app/src/main/res/layout/content_setting.xml,546b65750a2ec13be5dcdf0bda7ab703500821861fd38040e435c4ecff0040bd,546b65750a2ec13be5dcdf0bda7ab703500821861fd38040e435c4ecff0040bd,521,ImageView,passed,v2.0.0,,existing_v2_test
src-391e412506f3d385b5f8,org.totschnig.myexpenses,MyExpenses,https://github.com/mtotschnig/MyExpenses.git,git,b1058b7afff31ddd5b909d13f6f26def149eed7f,myExpenses,myExpenses/src/main/res/layout-h400dp/calculator.xml,38,Button,@+id/b9,accessible_name_missing,button_missing_name,error,high,easy,true,false,交互控件缺少可访问名称。请使用 text、contentDescription、hint 或把现有可见 TextView 通过 labelFor 与控件关联。,"{""id"": ""@+id/b9"", ""layout_height"": ""wrap_content"", ""layout_marginBottom"": ""@dimen/calculator_button_layout_margin_vertical"", ""layout_marginEnd"": ""@dimen/calculator_button_layout_margin_horizontal"", ""layout_marginStart"": ""@dimen/calculator_button_layout_margin_horizontal"", ""layout_marginTop"": ""@dimen/calculator_button_layout_margin_vertical"", ""layout_weight"": ""1"", ""layout_width"": ""0dp"", ""minHeight"": ""@dimen/calculator_button_min"", ""minWidth"": ""@dimen/calculator_button_min"", ""padding"": ""0dp"", ""style"": ""@style/CalculatorButton"", ""text"": ""9"", ""textSize"": ""@dimen/calculator_button_text_size""}","{""id"": {""raw"": ""@+id/b9"", ""status"": ""resolved"", ""value"": [""myExpenses/src/main/res/layout/calculator.xml"", ""myExpenses/src/main/res/layout-h400dp/calculator.xml""]}, ""layout_height"": {""raw"": ""wrap_content"", ""status"": ""literal"", ""value"": ""wrap_content""}, ""layout_marginBottom"": {""raw"": ""@dimen/calculator_button_layout_margin_vertical"", ""status"": ""unresolved_resource"", ""value"": ""@dimen/calculator_button_layout_margin_vertical""}, ""layout_marginEnd"": {""raw"": ""@dimen/calculator_button_layout_margin_horizontal"", ""status"": ""resolved"", ""value"": 3.0}, ""layout_marginStart"": {""raw"": ""@dimen/calculator_button_layout_margin_horizontal"", ""status"": ""resolved"", ""value"": 3.0}, ""layout_marginTop"": {""raw"": ""@dimen/calculator_button_layout_margin_vertical"", ""status"": ""unresolved_resource"", ""value"": ""@dimen/calculator_button_layout_margin_vertical""}, ""layout_weight"": {""raw"": ""1"", ""status"": ""literal"", ""value"": ""1""}, ""layout_width"": {""raw"": ""0dp"", ""status"": ""literal"", ""value"": ""0dp""}, ""minHeight"": {""raw"": ""@dimen/calculator_button_min"", ""status"": ""resolved"", ""value"": 47.0}, ""minWidth"": {""raw"": ""@dimen/calculator_button_min"", ""status"": ""resolved"", ""value"": 47.0}, ""padding"": {""raw"": ""0dp"", ""status"": ""literal"", ""value"": ""0dp""}, ""style"": {""raw"": ""@style/CalculatorButton"", ""status"": ""resolved"", ""value"": {""{http://schemas.android.com/apk/res/android}layout_height"": ""wrap_content"", ""{http://schemas.android.com/apk/res/android}layout_marginBottom"": ""@dimen/calculator_button_layout_margin_vertical"", ""{http://schemas.android.com/apk/res/android}layout_marginEnd"": ""@dimen/calculator_button_layout_margin_horizontal"", ""{http://schemas.android.com/apk/res/android}layout_marginStart"": ""@dimen/calculator_button_layout_margin_horizontal"", ""{http://schemas.android.com/apk/res/android}layout_marginTop"": ""@dimen/calculator_button_layout_margin_vertical"", ""{http://schemas.android.com/apk/res/android}layout_weight"": ""1"", ""{http://schemas.android.com/apk/res/android}layout_width"": ""0dp"", ""{http://schemas.android.com/apk/res/android}minHeight"": ""@dimen/calculator_button_min"", ""{http://schemas.android.com/apk/res/android}minWidth"": ""@dimen/calculator_button_min"", ""{http://schemas.android.com/apk/res/android}padding"": ""0dp"", ""{http://schemas.android.com/apk/res/android}textSize"": ""@dimen/calculator_button_text_size""}}, ""style_items"": {""{http://schemas.android.com/apk/res/android}layout_height"": ""wrap_content"", ""{http://schemas.android.com/apk/res/android}layout_marginBottom"": ""@dimen/calculator_button_layout_margin_vertical"", ""{http://schemas.android.com/apk/res/android}layout_marginEnd"": ""@dimen/calculator_button_layout_margin_horizontal"", ""{http://schemas.android.com/apk/res/android}layout_marginStart"": ""@dimen/calculator_button_layout_margin_horizontal"", ""{http://schemas.android.com/apk/res/android}layout_marginTop"": ""@dimen/calculator_button_layout_margin_vertical"", ""{http://schemas.android.com/apk/res/android}layout_weight"": ""1"", ""{http://schemas.android.com/apk/res/android}layout_width"": ""0dp"", ""{http://schemas.android.com/apk/res/android}minHeight"": ""@dimen/calculator_button_min"", ""{http://schemas.android.com/apk/res/android}minWidth"": ""@dimen/calculator_button_min"", ""{http://schemas.android.com/apk/res/android}padding"": ""0dp"", ""{http://schemas.android.com/apk/res/android}textSize"": ""@dimen/calculator_button_text_size""}, ""text"": {""raw"": ""9"", ""status"": ""literal"", ""value"": ""9""}, ""textSize"": {""raw"": ""@dimen/calculator_button_text_size"", ""status"": ""unresolved_resource"", ""value"": ""@dimen/calculator_button_text_size""}}","{""included_by"": [], ""is_merge_layout"": false, ""root_tag"": ""LinearLayout"", ""selector_ancestors"": [""LinearLayout[1]"", ""LinearLayout[1]""]}",calculator,existing_local,natural_source_issue,a57331d1ed43601f28f51c873c00343591504abff2567ce14bdf91a57a383bff,pending,included,test,,formal_scan_162,xml_safe,false,error,high,true,false,${FDROID_ROOT}/selected_xml_apps/My-Expenses,myExpenses/src/main/res/layout/calculator.xml,7ad1ab78e9dc7dbca582be38e28bb7a806d2fe509914a6ea9e4720938dcaa98b,7ad1ab78e9dc7dbca582be38e28bb7a806d2fe509914a6ea9e4720938dcaa98b,38,Button,passed,v2.0.0,,existing_v2_test
src-57b5a6f5e62e6d25f5d8,org.totschnig.myexpenses,MyExpenses,https://github.com/mtotschnig/MyExpenses.git,git,b1058b7afff31ddd5b909d13f6f26def149eed7f,myExpenses,myExpenses/src/main/res/layout-h400dp/calculator.xml,57,Button,@+id/b4,accessible_name_missing,button_missing_name,error,high,easy,true,false,交互控件缺少可访问名称。请使用 text、contentDescription、hint 或把现有可见 TextView 通过 labelFor 与控件关联。,"{""id"": ""@+id/b4"", ""layout_height"": ""wrap_content"", ""layout_marginBottom"": ""@dimen/calculator_button_layout_margin_vertical"", ""layout_marginEnd"": ""@dimen/calculator_button_layout_margin_horizontal"", ""layout_marginStart"": ""@dimen/calculator_button_layout_margin_horizontal"", ""layout_marginTop"": ""@dimen/calculator_button_layout_margin_vertical"", ""layout_weight"": ""1"", ""layout_width"": ""0dp"", ""minHeight"": ""@dimen/calculator_button_min"", ""minWidth"": ""@dimen/calculator_button_min"", ""padding"": ""0dp"", ""style"": ""@style/CalculatorButton"", ""text"": ""4"", ""textSize"": ""@dimen/calculator_button_text_size""}","{""id"": {""raw"": ""@+id/b4"", ""status"": ""resolved"", ""value"": [""myExpenses/src/main/res/layout/calculator.xml"", ""myExpenses/src/main/res/layout-h400dp/calculator.xml""]}, ""layout_height"": {""raw"": ""wrap_content"", ""status"": ""literal"", ""value"": ""wrap_content""}, ""layout_marginBottom"": {""raw"": ""@dimen/calculator_button_layout_margin_vertical"", ""status"": ""unresolved_resource"", ""value"": ""@dimen/calculator_button_layout_margin_vertical""}, ""layout_marginEnd"": {""raw"": ""@dimen/calculator_button_layout_margin_horizontal"", ""status"": ""resolved"", ""value"": 3.0}, ""layout_marginStart"": {""raw"": ""@dimen/calculator_button_layout_margin_horizontal"", ""status"": ""resolved"", ""value"": 3.0}, ""layout_marginTop"": {""raw"": ""@dimen/calculator_button_layout_margin_vertical"", ""status"": ""unresolved_resource"", ""value"": ""@dimen/calculator_button_layout_margin_vertical""}, ""layout_weight"": {""raw"": ""1"", ""status"": ""literal"", ""value"": ""1""}, ""layout_width"": {""raw"": ""0dp"", ""status"": ""literal"", ""value"": ""0dp""}, ""minHeight"": {""raw"": ""@dimen/calculator_button_min"", ""status"": ""resolved"", ""value"": 47.0}, ""minWidth"": {""raw"": ""@dimen/calculator_button_min"", ""status"": ""resolved"", ""value"": 47.0}, ""padding"": {""raw"": ""0dp"", ""status"": ""literal"", ""value"": ""0dp""}, ""style"": {""raw"": ""@style/CalculatorButton"", ""status"": ""resolved"", ""value"": {""{http://schemas.android.com/apk/res/android}layout_height"": ""wrap_content"", ""{http://schemas.android.com/apk/res/android}layout_marginBottom"": ""@dimen/calculator_button_layout_margin_vertical"", ""{http://schemas.android.com/apk/res/android}layout_marginEnd"": ""@dimen/calculator_button_layout_margin_horizontal"", ""{http://schemas.android.com/apk/res/android}layout_marginStart"": ""@dimen/calculator_button_layout_margin_horizontal"", ""{http://schemas.android.com/apk/res/android}layout_marginTop"": ""@dimen/calculator_button_layout_margin_vertical"", ""{http://schemas.android.com/apk/res/android}layout_weight"": ""1"", ""{http://schemas.android.com/apk/res/android}layout_width"": ""0dp"", ""{http://schemas.android.com/apk/res/android}minHeight"": ""@dimen/calculator_button_min"", ""{http://schemas.android.com/apk/res/android}minWidth"": ""@dimen/calculator_button_min"", ""{http://schemas.android.com/apk/res/android}padding"": ""0dp"", ""{http://schemas.android.com/apk/res/android}textSize"": ""@dimen/calculator_button_text_size""}}, ""style_items"": {""{http://schemas.android.com/apk/res/android}layout_height"": ""wrap_content"", ""{http://schemas.android.com/apk/res/android}layout_marginBottom"": ""@dimen/calculator_button_layout_margin_vertical"", ""{http://schemas.android.com/apk/res/android}layout_marginEnd"": ""@dimen/calculator_button_layout_margin_horizontal"", ""{http://schemas.android.com/apk/res/android}layout_marginStart"": ""@dimen/calculator_button_layout_margin_horizontal"", ""{http://schemas.android.com/apk/res/android}layout_marginTop"": ""@dimen/calculator_button_layout_margin_vertical"", ""{http://schemas.android.com/apk/res/android}layout_weight"": ""1"", ""{http://schemas.android.com/apk/res/android}layout_width"": ""0dp"", ""{http://schemas.android.com/apk/res/android}minHeight"": ""@dimen/calculator_button_min"", ""{http://schemas.android.com/apk/res/android}minWidth"": ""@dimen/calculator_button_min"", ""{http://schemas.android.com/apk/res/android}padding"": ""0dp"", ""{http://schemas.android.com/apk/res/android}textSize"": ""@dimen/calculator_button_text_size""}, ""text"": {""raw"": ""4"", ""status"": ""literal"", ""value"": ""4""}, ""textSize"": {""raw"": ""@dimen/calculator_button_text_size"", ""status"": ""unresolved_resource"", ""value"": ""@dimen/calculator_button_text_size""}}","{""included_by"": [], ""is_merge_layout"": false, ""root_tag"": ""LinearLayout"", ""selector_ancestors"": [""LinearLayout[1]"", ""LinearLayout[2]""]}",calculator,existing_local,natural_source_issue,a57331d1ed43601f28f51c873c00343591504abff2567ce14bdf91a57a383bff,pending,included,test,,formal_scan_162,xml_safe,false,error,high,true,false,${FDROID_ROOT}/selected_xml_apps/My-Expenses,myExpenses/src/main/res/layout/calculator.xml,7ad1ab78e9dc7dbca582be38e28bb7a806d2fe509914a6ea9e4720938dcaa98b,7ad1ab78e9dc7dbca582be38e28bb7a806d2fe509914a6ea9e4720938dcaa98b,57,Button,passed,v2.0.0,,existing_v2_test
src-2b9b18c2cd3ebea1904c,org.totschnig.myexpenses,MyExpenses,https://github.com/mtotschnig/MyExpenses.git,git,b1058b7afff31ddd5b909d13f6f26def149eed7f,myExpenses,myExpenses/src/main/res/layout/amount_edittext.xml,5,AmountEditText,@+id/AmountEditText,input_label_hint,input_missing_label_and_hint,error,high,medium,true,false,输入框缺少稳定标签或 hint。请添加 android:hint，或使用 TextView android:labelFor 关联标签。,"{""id"": ""@+id/AmountEditText"", ""imeOptions"": ""actionNext"", ""layout_constraintEnd_toStartOf"": ""@+id/Calculator"", ""layout_constraintStart_toEndOf"": ""@+id/AmountCurrency"", ""layout_gravity"": ""center_vertical"", ""layout_height"": ""wrap_content"", ""layout_weight"": ""1"", ""layout_width"": ""0dp"", ""minHeight"": ""@dimen/accessibility_clickable_minimum"", ""showIn"": ""@layout/amount_input""}","{""id"": {""raw"": ""@+id/AmountEditText"", ""status"": ""resolved"", ""value"": [""myExpenses/src/main/res/layout/amount_edittext.xml"", ""myExpenses/src/main/res/layout/amount_input.xml"", ""myExpenses/src/main/res/layout/amount_input_alternate.xml"", ""myExpenses/src/main/res/layout/amount_input_compact.xml""]}, ""imeOptions"": {""raw"": ""actionNext"", ""status"": ""literal"", ""value"": ""actionNext""}, ""layout_constraintEnd_toStartOf"": {""raw"": ""@+id/Calculator"", ""status"": ""resolved"", ""value"": [""myExpenses/src/main/res/layout/amount_input.xml"", ""myExpenses/src/main/res/layout/amount_input_alternate.xml"", ""myExpenses/src/main/res/layout/amount_input_compact.xml"", ""myExpenses/src/main/res/layout/calc_icon.xml"", ""myExpenses/src/main/res/layout/calculator.xml"", ""myExpenses/src/main/res/layout-h400dp/calculator.xml""]}, ""layout_constraintStart_toEndOf"": {""raw"": ""@+id/AmountCurrency"", ""status"": ""resolved"", ""value"": [""myExpenses/src/main/res/layout/amount_currency.xml"", ""myExpenses/src/main/res/layout/amount_input.xml"", ""myExpenses/src/main/res/layout/amount_input_alternate.xml"", ""myExpenses/src/main/res/layout/amount_input_compact.xml""]}, ""layout_gravity"": {""raw"": ""center_vertical"", ""status"": ""literal"", ""value"": ""center_vertical""}, ""layout_height"": {""raw"": ""wrap_content"", ""status"": ""literal"", ""value"": ""wrap_content""}, ""layout_weight"": {""raw"": ""1"", ""status"": ""literal"", ""value"": ""1""}, ""layout_width"": {""raw"": ""0dp"", ""status"": ""literal"", ""value"": ""0dp""}, ""minHeight"": {""raw"": ""@dimen/accessibility_clickable_minimum"", ""status"": ""resolved"", ""value"": 48.0}, ""showIn"": {""raw"": ""@layout/amount_input"", ""status"": ""resolved"", ""value"": [""myExpenses/src/main/res/layout/amount_input.xml""]}}","{""included_by"": [""myExpenses/src/main/res/layout/amount_input.xml"", ""myExpenses/src/main/res/layout/amount_input_alternate.xml"", ""myExpenses/src/main/res/layout/amount_input_compact.xml""], ""is_merge_layout"": false, ""root_tag"": ""AmountEditText"", ""selector_ancestors"": []}",amount_edittext,existing_local,natural_source_issue,9f358645c404de380b3d0e98db788c26f47c5b825195b6c7d8896beb8105c2ed,pending,included,test,,formal_scan_162,xml_safe,false,error,high,true,false,${FDROID_ROOT}/selected_xml_apps/My-Expenses,myExpenses/src/main/res/layout/amount_edittext.xml,2fb31142eb6cd646143cb426a877ec3ecac9149a0ba968195e1d93dfcc7327f9,2fb31142eb6cd646143cb426a877ec3ecac9149a0ba968195e1d93dfcc7327f9,5,EditText,passed,v2.0.0,,existing_v2_test
src-5f4f37669f951565b390,org.totschnig.myexpenses,MyExpenses,https://github.com/mtotschnig/MyExpenses.git,git,b1058b7afff31ddd5b909d13f6f26def149eed7f,myExpenses,myExpenses/src/main/res/layout/contrib_dialog.xml,33,RadioButton,@+id/try_button,accessibility_attribute_conflict,interactive_control_hidden,error,high,hard,true,false,交互控件被 importantForAccessibility 隐藏，辅助技术可能无法发现或操作它。,"{""checked"": ""true"", ""id"": ""@+id/try_button"", ""importantForAccessibility"": ""no"", ""layout_gravity"": ""center"", ""layout_height"": ""wrap_content"", ""layout_width"": ""wrap_content"", ""style"": ""@style/SelectLicenceButton"", ""theme"": ""@style/SelectLicenceButtonTheme""}","{""checked"": {""raw"": ""true"", ""status"": ""literal"", ""value"": ""true""}, ""id"": {""raw"": ""@+id/try_button"", ""status"": ""resolved"", ""value"": [""myExpenses/src/main/res/layout/contrib_dialog.xml""]}, ""importantForAccessibility"": {""raw"": ""no"", ""status"": ""literal"", ""value"": ""no""}, ""layout_gravity"": {""raw"": ""center"", ""status"": ""literal"", ""value"": ""center""}, ""layout_height"": {""raw"": ""wrap_content"", ""status"": ""literal"", ""value"": ""wrap_content""}, ""layout_width"": {""raw"": ""wrap_content"", ""status"": ""literal"", ""value"": ""wrap_content""}, ""style"": {""raw"": ""@style/SelectLicenceButton"", ""status"": ""resolved"", ""value"": {""{http://schemas.android.com/apk/res/android}layout_height"": ""wrap_content"", ""{http://schemas.android.com/apk/res/android}layout_width"": ""match_parent"", ""{http://schemas.android.com/apk/res/android}theme"": ""@style/SelectLicenceButtonTheme""}}, ""style_items"": {""{http://schemas.android.com/apk/res/android}layout_height"": ""wrap_content"", ""{http://schemas.android.com/apk/res/android}layout_width"": ""match_parent"", ""{http://schemas.android.com/apk/res/android}theme"": ""@style/SelectLicenceButtonTheme""}, ""theme"": {""raw"": ""@style/SelectLicenceButtonTheme"", ""status"": ""resolved"", ""value"": {""colorControlActivated"": ""?android:textColorPrimary""}}}","{""included_by"": [], ""is_merge_layout"": false, ""root_tag"": ""ScrollView"", ""selector_ancestors"": [""ScrollView[1]"", ""LinearLayout[1]"", ""MaterialCardView[1]"", ""LinearLayout[1]""]}",contrib_dialog,existing_local,natural_source_issue,b7c1a89e698fe57f8b60d29360ff8a77eb231610ddcbdd9fa915a7e1f071a6fd,pending,included,test,,formal_scan_162,xml_safe,true,error,high,true,false,${FDROID_ROOT}/selected_xml_apps/My-Expenses,myExpenses/src/main/res/layout/contrib_dialog.xml,46d4a92db541b85f5282af4b4499c96401997de414b0fca9f87024efdedee672,46d4a92db541b85f5282af4b4499c96401997de414b0fca9f87024efdedee672,33,Button,passed,v2.0.0,,existing_v2_test
src-c28a14146817e04cff8f,org.totschnig.myexpenses,MyExpenses,https://github.com/mtotschnig/MyExpenses.git,git,b1058b7afff31ddd5b909d13f6f26def149eed7f,myExpenses,myExpenses/src/main/res/layout/date_format.xml,13,Spinner,@+id/DateFormat,stateful_dynamic_value,stateful_control_missing_label,error,high,medium,true,false,交互控件缺少可访问名称。请使用 text、contentDescription、hint 或把现有可见 TextView 通过 labelFor 与控件关联。,"{""id"": ""@+id/DateFormat"", ""layout_gravity"": ""center_vertical"", ""layout_weight"": ""@dimen/form_table_ratio"", ""layout_width"": ""0dp"", ""minHeight"": ""@dimen/accessibility_clickable_minimum"", ""style"": ""@style/FormField""}","{""id"": {""raw"": ""@+id/DateFormat"", ""status"": ""resolved"", ""value"": [""myExpenses/src/main/res/layout/date_format.xml""]}, ""layout_gravity"": {""raw"": ""center_vertical"", ""status"": ""literal"", ""value"": ""center_vertical""}, ""layout_weight"": {""raw"": ""@dimen/form_table_ratio"", ""status"": ""unresolved_resource"", ""value"": ""@dimen/form_table_ratio""}, ""layout_width"": {""raw"": ""0dp"", ""status"": ""literal"", ""value"": ""0dp""}, ""minHeight"": {""raw"": ""@dimen/accessibility_clickable_minimum"", ""status"": ""resolved"", ""value"": 48.0}, ""style"": {""raw"": ""@style/FormField"", ""status"": ""resolved"", ""value"": {""{http://schemas.android.com/apk/res/android}layout_gravity"": ""center_vertical"", ""{http://schemas.android.com/apk/res/android}layout_weight"": ""@dimen/form_table_ratio"", ""{http://schemas.android.com/apk/res/android}layout_width"": ""0dp"", ""{http://schemas.android.com/apk/res/android}minHeight"": ""@dimen/accessibility_clickable_minimum""}}, ""style_items"": {""{http://schemas.android.com/apk/res/android}layout_gravity"": ""center_vertical"", ""{http://schemas.android.com/apk/res/android}layout_weight"": ""@dimen/form_table_ratio"", ""{http://schemas.android.com/apk/res/android}layout_width"": ""0dp"", ""{http://schemas.android.com/apk/res/android}minHeight"": ""@dimen/accessibility_clickable_minimum""}}","{""included_by"": [""myExpenses/src/main/res/layout/import_csv_parse.xml"", ""myExpenses/src/main/res/layout/import_dialog.xml""], ""is_merge_layout"": false, ""root_tag"": ""TableRow"", ""selector_ancestors"": [""TableRow[1]""]}",date_format,existing_local,natural_source_issue,52e2c0d83091c172e91c001d882192d230418bfaa2864c1b44093b2ca702a47a,pending,included,test,,formal_scan_162,xml_safe,false,error,high,true,false,${FDROID_ROOT}/selected_xml_apps/My-Expenses,myExpenses/src/main/res/layout/date_format.xml,29957bc993afb400ef3e21ab54ea2bcb2be682c3e6d9b65d0a332fd5fd3fa751,29957bc993afb400ef3e21ab54ea2bcb2be682c3e6d9b65d0a332fd5fd3fa751,13,SelectionControl,passed,v2.0.0,,existing_v2_test
src-1fe915443e0b76465f83,org.totschnig.myexpenses,MyExpenses,https://github.com/mtotschnig/MyExpenses.git,git,b1058b7afff31ddd5b909d13f6f26def149eed7f,myExpenses,myExpenses/src/main/res/layout/method_row.xml,0,TextView,,label_association,label_for_target_missing,error,high,medium,true,false,TextView 的 android:labelFor 指向不存在的 id。请修正目标 id 或删除无效关联。,"{""gravity"": ""center_vertical"", ""labelFor"": ""@+id/MethodSpinner"", ""layout_gravity"": ""center_vertical"", ""layout_weight"": ""1"", ""layout_width"": ""0dp"", ""minHeight"": ""@dimen/accessibility_clickable_minimum"", ""paddingEnd"": ""12dp"", ""style"": ""@style/FormLabel"", ""text"": ""@string/method""}","{""gravity"": {""raw"": ""center_vertical"", ""status"": ""literal"", ""value"": ""center_vertical""}, ""labelFor"": {""raw"": ""@+id/MethodSpinner"", ""status"": ""resolved"", ""value"": [""myExpenses/src/main/res/layout/method_selection.xml""]}, ""layout_gravity"": {""raw"": ""center_vertical"", ""status"": ""literal"", ""value"": ""center_vertical""}, ""layout_weight"": {""raw"": ""1"", ""status"": ""literal"", ""value"": ""1""}, ""layout_width"": {""raw"": ""0dp"", ""status"": ""literal"", ""value"": ""0dp""}, ""minHeight"": {""raw"": ""@dimen/accessibility_clickable_minimum"", ""status"": ""resolved"", ""value"": 48.0}, ""paddingEnd"": {""raw"": ""12dp"", ""status"": ""literal"", ""value"": ""12dp""}, ""style"": {""raw"": ""@style/FormLabel"", ""status"": ""resolved"", ""value"": {""{http://schemas.android.com/apk/res/android}gravity"": ""center_vertical"", ""{http://schemas.android.com/apk/res/android}layout_gravity"": ""center_vertical"", ""{http://schemas.android.com/apk/res/android}layout_weight"": ""1"", ""{http://schemas.android.com/apk/res/android}layout_width"": ""0dp"", ""{http://schemas.android.com/apk/res/android}minHeight"": ""@dimen/accessibility_clickable_minimum"", ""{http://schemas.android.com/apk/res/android}paddingEnd"": ""12dp""}}, ""style_items"": {""{http://schemas.android.com/apk/res/android}gravity"": ""center_vertical"", ""{http://schemas.android.com/apk/res/android}layout_gravity"": ""center_vertical"", ""{http://schemas.android.com/apk/res/android}layout_weight"": ""1"", ""{http://schemas.android.com/apk/res/android}layout_width"": ""0dp"", ""{http://schemas.android.com/apk/res/android}minHeight"": ""@dimen/accessibility_clickable_minimum"", ""{http://schemas.android.com/apk/res/android}paddingEnd"": ""12dp""}, ""text"": {""raw"": ""@string/method"", ""status"": ""resolved"", ""value"": ""Payment method""}}","{""included_by"": [""myExpenses/src/main/res/layout/one_expense.xml""], ""is_merge_layout"": true, ""root_tag"": ""merge"", ""selector_ancestors"": [""merge[1]"", ""TableRow[1]""]}",method_row,existing_local,natural_source_issue,6e760fb38df6542cf0c5a58302a283a207c8ec0a6e0e2dea4d1c42a58903109e,pending,included,test,,formal_scan_162,xml_safe,true,error,high,true,false,${FDROID_ROOT}/selected_xml_apps/My-Expenses,myExpenses/src/main/res/layout/method_row.xml,b88f8cf5408bd10ac0b0415981000835bff00591c586735ba49b6575fad50c21,b88f8cf5408bd10ac0b0415981000835bff00591c586735ba49b6575fad50c21,8,TextView,passed,v2.0.0,,existing_v2_test
src-7ad473722e798a917f7f,org.totschnig.myexpenses,MyExpenses,https://github.com/mtotschnig/MyExpenses.git,git,b1058b7afff31ddd5b909d13f6f26def149eed7f,myExpenses,myExpenses/src/main/res/layout/onboarding_wizzard_ui.xml,0,TextView,,label_association,label_for_target_missing,error,high,medium,true,false,TextView 的 android:labelFor 指向不存在的 id。请修正目标 id 或删除无效关联。,"{""labelFor"": ""@id/themeSpinner"", ""layout_height"": ""wrap_content"", ""layout_marginBottom"": ""0dp"", ""layout_marginTop"": ""0dp"", ""layout_width"": ""match_parent"", ""style"": ""@style/OnboardingInputLabel"", ""text"": ""@string/pref_ui_theme_title"", ""textAppearance"": ""@style/AdaptiveLabelTextAppearance""}","{""labelFor"": {""raw"": ""@id/themeSpinner"", ""status"": ""resolved"", ""value"": [""myExpenses/src/main/res/layout-v29/onboarding_theme_selection.xml""]}, ""layout_height"": {""raw"": ""wrap_content"", ""status"": ""literal"", ""value"": ""wrap_content""}, ""layout_marginBottom"": {""raw"": ""0dp"", ""status"": ""literal"", ""value"": ""0dp""}, ""layout_marginTop"": {""raw"": ""0dp"", ""status"": ""literal"", ""value"": ""0dp""}, ""layout_width"": {""raw"": ""match_parent"", ""status"": ""literal"", ""value"": ""match_parent""}, ""style"": {""raw"": ""@style/OnboardingInputLabel"", ""status"": ""resolved"", ""value"": {""{http://schemas.android.com/apk/res/android}layout_marginBottom"": ""@dimen/suw_description_margin_bottom"", ""{http://schemas.android.com/apk/res/android}layout_marginTop"": ""@dimen/suw_description_margin_top"", ""{http://schemas.android.com/apk/res/android}textAppearance"": ""@style/AdaptiveLabelTextAppearance""}}, ""style_items"": {""{http://schemas.android.com/apk/res/android}layout_marginBottom"": ""@dimen/suw_description_margin_bottom"", ""{http://schemas.android.com/apk/res/android}layout_marginTop"": ""@dimen/suw_description_margin_top"", ""{http://schemas.android.com/apk/res/android}textAppearance"": ""@style/AdaptiveLabelTextAppearance""}, ""text"": {""raw"": ""@string/pref_ui_theme_title"", ""status"": ""resolved"", ""value"": ""Theme""}, ""textAppearance"": {""raw"": ""@style/AdaptiveLabelTextAppearance"", ""status"": ""resolved"", ""value"": {""{http://schemas.android.com/apk/res/android}textSize"": ""@dimen/textSizeLabel""}}}","{""included_by"": [], ""is_merge_layout"": false, ""root_tag"": ""LinearLayout"", ""selector_ancestors"": [""LinearLayout[1]""]}",onboarding_wizzard_ui,existing_local,natural_source_issue,6a8d21cba2ca37e9cf77bafd7783a105252d0b12ec258c4e0d62e33bc90dd243,pending,included,test,,formal_scan_162,xml_safe,true,error,high,true,false,${FDROID_ROOT}/selected_xml_apps/My-Expenses,myExpenses/src/main/res/layout/onboarding_wizzard_ui.xml,9e35b14bbf7c52a24b0a99abf878dc11d1021a321534d5644fcfdb895a8f181c,9e35b14bbf7c52a24b0a99abf878dc11d1021a321534d5644fcfdb895a8f181c,9,TextView,passed,v2.0.0,,existing_v2_test
src-ed9d17d2b0a353916b69,org.totschnig.myexpenses,MyExpenses,https://github.com/mtotschnig/MyExpenses.git,git,b1058b7afff31ddd5b909d13f6f26def149eed7f,myExpenses,myExpenses/src/main/res/layout/one_account.xml,80,TextView,@+id/AmountLabel,label_association,label_for_target_missing,error,high,medium,true,false,TextView 的 android:labelFor 指向不存在的 id。请修正目标 id 或删除无效关联。,"{""gravity"": ""center_vertical"", ""id"": ""@+id/AmountLabel"", ""labelFor"": ""@id/AmountEditText"", ""layout_gravity"": ""center_vertical"", ""layout_weight"": ""1"", ""layout_width"": ""0dp"", ""minHeight"": ""@dimen/accessibility_clickable_minimum"", ""paddingEnd"": ""12dp"", ""style"": ""@style/FormLabel"", ""text"": ""@string/opening_balance""}","{""gravity"": {""raw"": ""center_vertical"", ""status"": ""literal"", ""value"": ""center_vertical""}, ""id"": {""raw"": ""@+id/AmountLabel"", ""status"": ""resolved"", ""value"": [""myExpenses/src/main/res/layout/one_account.xml"", ""myExpenses/src/main/res/layout/one_budget.xml"", ""myExpenses/src/main/res/layout/one_debt.xml"", ""myExpenses/src/main/res/layout/one_expense.xml""]}, ""labelFor"": {""raw"": ""@id/AmountEditText"", ""status"": ""resolved"", ""value"": [""myExpenses/src/main/res/layout/amount_edittext.xml"", ""myExpenses/src/main/res/layout/amount_input.xml"", ""myExpenses/src/main/res/layout/amount_input_alternate.xml"", ""myExpenses/src/main/res/layout/amount_input_compact.xml""]}, ""layout_gravity"": {""raw"": ""center_vertical"", ""status"": ""literal"", ""value"": ""center_vertical""}, ""layout_weight"": {""raw"": ""1"", ""status"": ""literal"", ""value"": ""1""}, ""layout_width"": {""raw"": ""0dp"", ""status"": ""literal"", ""value"": ""0dp""}, ""minHeight"": {""raw"": ""@dimen/accessibility_clickable_minimum"", ""status"": ""resolved"", ""value"": 48.0}, ""paddingEnd"": {""raw"": ""12dp"", ""status"": ""literal"", ""value"": ""12dp""}, ""style"": {""raw"": ""@style/FormLabel"", ""status"": ""resolved"", ""value"": {""{http://schemas.android.com/apk/res/android}gravity"": ""center_vertical"", ""{http://schemas.android.com/apk/res/android}layout_gravity"": ""center_vertical"", ""{http://schemas.android.com/apk/res/android}layout_weight"": ""1"", ""{http://schemas.android.com/apk/res/android}layout_width"": ""0dp"", ""{http://schemas.android.com/apk/res/android}minHeight"": ""@dimen/accessibility_clickable_minimum"", ""{http://schemas.android.com/apk/res/android}paddingEnd"": ""12dp""}}, ""style_items"": {""{http://schemas.android.com/apk/res/android}gravity"": ""center_vertical"", ""{http://schemas.android.com/apk/res/android}layout_gravity"": ""center_vertical"", ""{http://schemas.android.com/apk/res/android}layout_weight"": ""1"", ""{http://schemas.android.com/apk/res/android}layout_width"": ""0dp"", ""{http://schemas.android.com/apk/res/android}minHeight"": ""@dimen/accessibility_clickable_minimum"", ""{http://schemas.android.com/apk/res/android}paddingEnd"": ""12dp""}, ""text"": {""raw"": ""@string/opening_balance"", ""status"": ""resolved"", ""value"": ""Opening balance""}}","{""included_by"": [], ""is_merge_layout"": false, ""root_tag"": ""CoordinatorLayout"", ""selector_ancestors"": [""CoordinatorLayout[1]"", ""NestedScrollView[1]"", ""TableLayout[1]"", ""TableRow[3]""]}",one_account,existing_local,natural_source_issue,c522302f0a5f09abcfa0ffe325e80ef2f8d34c0bf68cb5dbfc44757fba8c7068,pending,included,test,,formal_scan_162,xml_safe,true,error,high,true,false,${FDROID_ROOT}/selected_xml_apps/My-Expenses,myExpenses/src/main/res/layout/one_account.xml,a158c3f742a645dabfa8d0bedf41abdf297091e0b20f6aeed8aea22aed073a3f,a158c3f742a645dabfa8d0bedf41abdf297091e0b20f6aeed8aea22aed073a3f,80,TextView,passed,v2.0.0,,existing_v2_test
src-8ac5c82640115056fb76,org.totschnig.myexpenses,MyExpenses,https://github.com/mtotschnig/MyExpenses.git,git,b1058b7afff31ddd5b909d13f6f26def149eed7f,myExpenses,myExpenses/src/main/res/layout/package_container.xml,31,RadioButton,@+id/package_button,accessibility_attribute_conflict,interactive_control_hidden,error,high,hard,true,false,交互控件被 importantForAccessibility 隐藏，辅助技术可能无法发现或操作它。,"{""id"": ""@+id/package_button"", ""importantForAccessibility"": ""no"", ""layout_gravity"": ""center"", ""layout_height"": ""wrap_content"", ""layout_width"": ""wrap_content"", ""style"": ""@style/SelectLicenceButton"", ""theme"": ""@style/SelectLicenceButtonTheme""}","{""id"": {""raw"": ""@+id/package_button"", ""status"": ""resolved"", ""value"": [""myExpenses/src/main/res/layout/package_container.xml""]}, ""importantForAccessibility"": {""raw"": ""no"", ""status"": ""literal"", ""value"": ""no""}, ""layout_gravity"": {""raw"": ""center"", ""status"": ""literal"", ""value"": ""center""}, ""layout_height"": {""raw"": ""wrap_content"", ""status"": ""literal"", ""value"": ""wrap_content""}, ""layout_width"": {""raw"": ""wrap_content"", ""status"": ""literal"", ""value"": ""wrap_content""}, ""style"": {""raw"": ""@style/SelectLicenceButton"", ""status"": ""resolved"", ""value"": {""{http://schemas.android.com/apk/res/android}layout_height"": ""wrap_content"", ""{http://schemas.android.com/apk/res/android}layout_width"": ""match_parent"", ""{http://schemas.android.com/apk/res/android}theme"": ""@style/SelectLicenceButtonTheme""}}, ""style_items"": {""{http://schemas.android.com/apk/res/android}layout_height"": ""wrap_content"", ""{http://schemas.android.com/apk/res/android}layout_width"": ""match_parent"", ""{http://schemas.android.com/apk/res/android}theme"": ""@style/SelectLicenceButtonTheme""}, ""theme"": {""raw"": ""@style/SelectLicenceButtonTheme"", ""status"": ""resolved"", ""value"": {""colorControlActivated"": ""?android:textColorPrimary""}}}","{""included_by"": [""myExpenses/src/main/res/layout/contrib_dialog.xml""], ""is_merge_layout"": false, ""root_tag"": ""MaterialCardView"", ""selector_ancestors"": [""MaterialCardView[1]"", ""LinearLayout[1]"", ""LinearLayout[1]""]}",package_container,existing_local,natural_source_issue,5470e1fc10605481353566815e34ce3a67f9b15206cba50fb6ba8b2c40b539c5,pending,included,test,,formal_scan_162,xml_safe,true,error,high,true,false,${FDROID_ROOT}/selected_xml_apps/My-Expenses,myExpenses/src/main/res/layout/package_container.xml,d8ee88839a3deb9b691814ba1a6256a8d17f8b23049cf48e7a57e5fc9177d721,d8ee88839a3deb9b691814ba1a6256a8d17f8b23049cf48e7a57e5fc9177d721,31,Button,passed,v2.0.0,,existing_v2_test
src-1f7da6f85210bfc111b4,app.dumdum,app.dumdum,https://github.com/Project-Mandarin/DumDum,git,21d8c767ad0528c02fc46ba9046eb2116d789632,app,app/src/main/res/layout/layout_edit_group.xml,52,MaterialCheckBox,@+id/deduplication,stateful_dynamic_value,stateful_control_missing_label,error,high,medium,true,false,交互控件缺少可访问名称。请使用 text、contentDescription、hint 或把现有可见 TextView 通过 labelFor 与控件关联。,"{""id"": ""@+id/deduplication"", ""layout_height"": ""wrap_content"", ""layout_width"": ""wrap_content""}","{""id"": {""raw"": ""@+id/deduplication"", ""status"": ""resolved"", ""value"": [""app/src/main/res/layout/layout_edit_group.xml""]}, ""layout_height"": {""raw"": ""wrap_content"", ""status"": ""literal"", ""value"": ""wrap_content""}, ""layout_width"": {""raw"": ""wrap_content"", ""status"": ""literal"", ""value"": ""wrap_content""}}","{""included_by"": [], ""is_merge_layout"": false, ""root_tag"": ""LinearLayout"", ""selector_ancestors"": [""LinearLayout[1]"", ""NestedScrollView[1]"", ""LinearLayout[1]"", ""MaterialCardView[1]"", ""LinearLayout[1]""]}",layout_edit_group,existing_local,natural_source_issue,d0aede93a073adeda2c097dfac70152dd3391880727190d0328de976c0faef1c,pending,included,test,,formal_scan_162,xml_safe,false,error,high,true,false,${FDROID_ROOT}/selected_xml_apps/app.dumdum,app/src/main/res/layout/layout_edit_group.xml,b0879a5e873f67fdab0dd28b93101c321d3fc234f0924e3525a7c3fa05fe38af,b0879a5e873f67fdab0dd28b93101c321d3fc234f0924e3525a7c3fa05fe38af,52,SelectionControl,passed,v2.0.0,,existing_v2_test
src-29de1dc6143dee36de13,app.dumdum,app.dumdum,https://github.com/Project-Mandarin/DumDum,git,21d8c767ad0528c02fc46ba9046eb2116d789632,app,app/src/main/res/layout/layout_group_item.xml,71,AppCompatImageView,@+id/options,accessible_name_missing,clickable_image_missing_name,error,high,medium,true,false,交互控件缺少可访问名称。请使用 text、contentDescription、hint 或把现有可见 TextView 通过 labelFor 与控件关联。,"{""background"": ""?attr/selectableItemBackgroundBorderless"", ""focusable"": ""true"", ""id"": ""@+id/options"", ""layout_gravity"": ""top"", ""layout_height"": ""wrap_content"", ""layout_width"": ""wrap_content"", ""nextFocusLeft"": ""@+id/container"", ""padding"": ""12dp"", ""srcCompat"": ""@drawable/ic_baseline_more_vert_24""}","{""background"": {""raw"": ""?attr/selectableItemBackgroundBorderless"", ""status"": ""literal"", ""value"": ""?attr/selectableItemBackgroundBorderless""}, ""focusable"": {""raw"": ""true"", ""status"": ""literal"", ""value"": ""true""}, ""id"": {""raw"": ""@+id/options"", ""status"": ""resolved"", ""value"": [""app/src/main/res/layout/layout_group_item.xml""]}, ""layout_gravity"": {""raw"": ""top"", ""status"": ""literal"", ""value"": ""top""}, ""layout_height"": {""raw"": ""wrap_content"", ""status"": ""literal"", ""value"": ""wrap_content""}, ""layout_width"": {""raw"": ""wrap_content"", ""status"": ""literal"", ""value"": ""wrap_content""}, ""nextFocusLeft"": {""raw"": ""@+id/container"", ""status"": ""resolved"", ""value"": [""app/src/main/res/layout/layout_profile.xml"", ""app/src/main/res/layout/layout_route_item.xml""]}, ""padding"": {""raw"": ""12dp"", ""status"": ""literal"", ""value"": ""12dp""}, ""srcCompat"": {""raw"": ""@drawable/ic_baseline_more_vert_24"", ""status"": ""unsupported"", ""value"": ""@drawable/ic_baseline_more_vert_24""}}","{""included_by"": [], ""is_merge_layout"": false, ""root_tag"": ""MaterialCardView"", ""selector_ancestors"": [""MaterialCardView[1]"", ""LinearLayout[1]"", ""LinearLayout[1]""]}",layout_group_item,existing_local,natural_source_issue,9887765655afb6372301bf7aa81d1f56eca78f89867c00ea91475d958e342506,pending,included,test,,formal_scan_162,xml_safe,false,error,high,true,false,${FDROID_ROOT}/selected_xml_apps/app.dumdum,app/src/main/res/layout/layout_group_item.xml,ba7fbcdf6c42d79bf0f3e32fe6373835ccafe92ab89a14cc3a817f6daf6281e1,ba7fbcdf6c42d79bf0f3e32fe6373835ccafe92ab89a14cc3a817f6daf6281e1,71,ImageView,passed,v2.0.0,,existing_v2_test
src-b4f6c0e5b4a001b39ed1,app.dumdum,app.dumdum,https://github.com/Project-Mandarin/DumDum,git,21d8c767ad0528c02fc46ba9046eb2116d789632,app,app/src/main/res/layout/layout_password_dialog.xml,0,TextInputEditText,@android:id/edit,input_label_hint,input_missing_label_and_hint,error,high,medium,true,false,输入框缺少稳定标签或 hint。请添加 android:hint，或使用 TextView android:labelFor 关联标签。,"{""id"": ""@android:id/edit"", ""inputType"": ""textPassword"", ""layout_height"": ""wrap_content"", ""layout_width"": ""match_parent"", ""minHeight"": ""48dp"", ""paddingTop"": ""12dp"", ""singleLine"": ""true"", ""typeface"": ""monospace""}","{""id"": {""raw"": ""@android:id/edit"", ""status"": ""literal"", ""value"": ""@android:id/edit""}, ""inputType"": {""raw"": ""textPassword"", ""status"": ""literal"", ""value"": ""textPassword""}, ""layout_height"": {""raw"": ""wrap_content"", ""status"": ""literal"", ""value"": ""wrap_content""}, ""layout_width"": {""raw"": ""match_parent"", ""status"": ""literal"", ""value"": ""match_parent""}, ""minHeight"": {""raw"": ""48dp"", ""status"": ""literal"", ""value"": ""48dp""}, ""paddingTop"": {""raw"": ""12dp"", ""status"": ""literal"", ""value"": ""12dp""}, ""singleLine"": {""raw"": ""true"", ""status"": ""literal"", ""value"": ""true""}, ""typeface"": {""raw"": ""monospace"", ""status"": ""literal"", ""value"": ""monospace""}}","{""included_by"": [], ""is_merge_layout"": false, ""root_tag"": ""ScrollView"", ""selector_ancestors"": [""ScrollView[1]"", ""LinearLayout[1]"", ""TextInputLayout[1]""]}",layout_password_dialog,existing_local,natural_source_issue,86d3cec40bd1d2a1d2b4be76aec5adca94eea58a3b680a62769d8101f8fa70ac,pending,included,test,,formal_scan_162,xml_safe,false,error,high,true,false,${FDROID_ROOT}/selected_xml_apps/app.dumdum,app/src/main/res/layout/layout_password_dialog.xml,094e47f300f4a6568cc12a37ceca7a70b856b3e03919fb3e47326b1ae788922b,094e47f300f4a6568cc12a37ceca7a70b856b3e03919fb3e47326b1ae788922b,37,EditText,passed,v2.0.0,,existing_v2_test
src-9f91394382d708c124e6,network.loki.messenger.fdroid,Session,https://github.com/session-foundation/session-android.git,git,09d77582d2490ba46bba96bb6730ab9e8750916e,app,app/src/main/res/layout/activity_appearance_settings.xml,61,RadioButton,@+id/theme_radio_classic_dark,stateful_dynamic_value,stateful_control_missing_label,error,high,medium,true,false,交互控件缺少可访问名称。请使用 text、contentDescription、hint 或把现有可见 TextView 通过 labelFor 与控件关联。,"{""id"": ""@+id/theme_radio_classic_dark"", ""layout_gravity"": ""center"", ""layout_height"": ""wrap_content"", ""layout_margin"": ""@dimen/small_spacing"", ""layout_width"": ""wrap_content""}","{""id"": {""raw"": ""@+id/theme_radio_classic_dark"", ""status"": ""resolved"", ""value"": [""app/src/main/res/layout/activity_appearance_settings.xml""]}, ""layout_gravity"": {""raw"": ""center"", ""status"": ""literal"", ""value"": ""center""}, ""layout_height"": {""raw"": ""wrap_content"", ""status"": ""literal"", ""value"": ""wrap_content""}, ""layout_margin"": {""raw"": ""@dimen/small_spacing"", ""status"": ""resolved"", ""value"": 8.0}, ""layout_width"": {""raw"": ""wrap_content"", ""status"": ""literal"", ""value"": ""wrap_content""}}","{""included_by"": [], ""is_merge_layout"": false, ""root_tag"": ""ScrollView"", ""selector_ancestors"": [""ScrollView[1]"", ""LinearLayout[1]"", ""CardView[1]"", ""LinearLayout[1]"", ""LinearLayout[1]""]}",activity_appearance_settings,existing_local,natural_source_issue,6d912adc908f4aeaa1f5554db6b3af0089cd887ad5c6f93739e512bbdbcee25c,pending,included,test,,formal_scan_162,xml_safe,false,error,high,true,false,${FDROID_ROOT}/selected_xml_apps/Session,app/src/main/res/layout/activity_appearance_settings.xml,df24da2dd0980a3f8b92ce7a4eedf3a9d04922f56ffcc3f30702859473232b6a,df24da2dd0980a3f8b92ce7a4eedf3a9d04922f56ffcc3f30702859473232b6a,61,Button,passed,v2.0.0,,existing_v2_test
src-bb53f766e21438488b82,network.loki.messenger.fdroid,Session,https://github.com/session-foundation/session-android.git,git,09d77582d2490ba46bba96bb6730ab9e8750916e,app,app/src/main/res/layout/activity_appearance_settings.xml,178,RadioButton,@+id/theme_radio_ocean_light,stateful_dynamic_value,stateful_control_missing_label,error,high,medium,true,false,交互控件缺少可访问名称。请使用 text、contentDescription、hint 或把现有可见 TextView 通过 labelFor 与控件关联。,"{""id"": ""@+id/theme_radio_ocean_light"", ""layout_gravity"": ""center"", ""layout_height"": ""wrap_content"", ""layout_margin"": ""@dimen/small_spacing"", ""layout_width"": ""wrap_content""}","{""id"": {""raw"": ""@+id/theme_radio_ocean_light"", ""status"": ""resolved"", ""value"": [""app/src/main/res/layout/activity_appearance_settings.xml""]}, ""layout_gravity"": {""raw"": ""center"", ""status"": ""literal"", ""value"": ""center""}, ""layout_height"": {""raw"": ""wrap_content"", ""status"": ""literal"", ""value"": ""wrap_content""}, ""layout_margin"": {""raw"": ""@dimen/small_spacing"", ""status"": ""resolved"", ""value"": 8.0}, ""layout_width"": {""raw"": ""wrap_content"", ""status"": ""literal"", ""value"": ""wrap_content""}}","{""included_by"": [], ""is_merge_layout"": false, ""root_tag"": ""ScrollView"", ""selector_ancestors"": [""ScrollView[1]"", ""LinearLayout[1]"", ""CardView[1]"", ""LinearLayout[1]"", ""LinearLayout[4]""]}",activity_appearance_settings,existing_local,natural_source_issue,6d912adc908f4aeaa1f5554db6b3af0089cd887ad5c6f93739e512bbdbcee25c,pending,included,test,,formal_scan_162,xml_safe,false,error,high,true,false,${FDROID_ROOT}/selected_xml_apps/Session,app/src/main/res/layout/activity_appearance_settings.xml,df24da2dd0980a3f8b92ce7a4eedf3a9d04922f56ffcc3f30702859473232b6a,df24da2dd0980a3f8b92ce7a4eedf3a9d04922f56ffcc3f30702859473232b6a,178,Button,passed,v2.0.0,,existing_v2_test
src-cfdcc0d76855b19a756e,com.amaze.fileutilities,Amaze Utilities,https://github.com/TeamAmaze/AmazeFileUtilities,git,272a2846c1af5314a9e75090b1a8472d6915b718,app,app/src/main/res/layout/activity_error.xml,103,EditText,@+id/errorCommentBox,input_label_hint,input_missing_label_and_hint,error,high,medium,true,false,输入框缺少稳定标签或 hint。请添加 android:hint，或使用 TextView android:labelFor 关联标签。,"{""id"": ""@+id/errorCommentBox"", ""inputType"": """", ""layout_height"": ""wrap_content"", ""layout_width"": ""match_parent"", ""textColor"": ""@color/white""}","{""id"": {""raw"": ""@+id/errorCommentBox"", ""status"": ""resolved"", ""value"": [""app/src/main/res/layout/activity_error.xml""]}, ""inputType"": {""raw"": """", ""status"": ""literal"", ""value"": """"}, ""layout_height"": {""raw"": ""wrap_content"", ""status"": ""literal"", ""value"": ""wrap_content""}, ""layout_width"": {""raw"": ""match_parent"", ""status"": ""literal"", ""value"": ""match_parent""}, ""textColor"": {""raw"": ""@color/white"", ""status"": ""unsupported"", ""value"": ""@color/white""}}","{""included_by"": [], ""is_merge_layout"": false, ""root_tag"": ""FrameLayout"", ""selector_ancestors"": [""FrameLayout[1]"", ""ScrollView[1]"", ""LinearLayout[1]""]}",activity_error,existing_local,natural_source_issue,1a2d54d0be5bd061d8d2c95857e80fc8aea36662e4b497cac41852f908829017,pending,included,test,,formal_scan_162,xml_safe,false,error,high,true,false,${FDROID_ROOT}/selected_xml_apps/Amaze-Utilities,app/src/main/res/layout/activity_error.xml,f0967aecdd71ff129ef2d3adf588dd8b6dcd1c83e02b80089ffe8f88609c1e3e,f0967aecdd71ff129ef2d3adf588dd8b6dcd1c83e02b80089ffe8f88609c1e3e,103,EditText,passed,v2.0.0,,existing_v2_test
src-4c71cf74d2d508b786bd,com.amaze.fileutilities,Amaze Utilities,https://github.com/TeamAmaze/AmazeFileUtilities,git,272a2846c1af5314a9e75090b1a8472d6915b718,app,app/src/main/res/layout/fragment_audios_list.xml,50,FloatingActionButton,@+id/shuffleButtonFab,accessible_name_missing,button_missing_name,error,high,easy,true,false,交互控件缺少可访问名称。请使用 text、contentDescription、hint 或把现有可见 TextView 通过 labelFor 与控件关联。,"{""backgroundTint"": ""@color/highlight_yellow"", ""id"": ""@+id/shuffleButtonFab"", ""layout_anchor"": ""@+id/layoutBottomSheet"", ""layout_anchorGravity"": ""top|end"", ""layout_height"": ""wrap_content"", ""layout_width"": ""wrap_content"", ""srcCompat"": ""@drawable/ic_round_shuffle_24"", ""tint"": ""@color/black""}","{""backgroundTint"": {""raw"": ""@color/highlight_yellow"", ""status"": ""unsupported"", ""value"": ""@color/highlight_yellow""}, ""id"": {""raw"": ""@+id/shuffleButtonFab"", ""status"": ""resolved"", ""value"": [""app/src/main/res/layout/fragment_audios_list.xml""]}, ""layout_anchor"": {""raw"": ""@+id/layoutBottomSheet"", ""status"": ""resolved"", ""value"": [""app/src/main/res/layout/activity_edit_image.xml"", ""app/src/main/res/layout/fragment_audios_list.xml"", ""app/src/main/res/layout/quick_view_fragment.xml""]}, ""layout_anchorGravity"": {""raw"": ""top|end"", ""status"": ""literal"", ""value"": ""top|end""}, ""layout_height"": {""raw"": ""wrap_content"", ""status"": ""literal"", ""value"": ""wrap_content""}, ""layout_width"": {""raw"": ""wrap_content"", ""status"": ""literal"", ""value"": ""wrap_content""}, ""srcCompat"": {""raw"": ""@drawable/ic_round_shuffle_24"", ""status"": ""unsupported"", ""value"": ""@drawable/ic_round_shuffle_24""}, ""tint"": {""raw"": ""@color/black"", ""status"": ""unsupported"", ""value"": ""@color/black""}}","{""included_by"": [], ""is_merge_layout"": false, ""root_tag"": ""CoordinatorLayout"", ""selector_ancestors"": [""CoordinatorLayout[1]""]}",fragment_audios_list,existing_local,natural_source_issue,26ecd03d31c8489c8484666c8fdb5c2dcfb7a6da04b0c54e96c00a43c524d07d,pending,included,test,,formal_scan_162,xml_safe,false,error,high,true,false,${FDROID_ROOT}/selected_xml_apps/Amaze-Utilities,app/src/main/res/layout/fragment_audios_list.xml,45a284f0cbfed29862f3024adaaab780b875bf9dc98285d36c45085df793c5a9,45a284f0cbfed29862f3024adaaab780b875bf9dc98285d36c45085df793c5a9,50,Button,passed,v2.0.0,,existing_v2_test
src-a92911801c1cb4d4424b,com.amaze.fileutilities,Amaze Utilities,https://github.com/TeamAmaze/AmazeFileUtilities,git,272a2846c1af5314a9e75090b1a8472d6915b718,app,app/src/main/res/layout/subtitles_search_view.xml,22,AutoCompleteTextView,@+id/movie_name_edit_text,input_label_hint,input_missing_label_and_hint,error,high,medium,true,false,输入框缺少稳定标签或 hint。请添加 android:hint，或使用 TextView android:labelFor 关联标签。,"{""id"": ""@+id/movie_name_edit_text"", ""inputType"": ""text"", ""layout_constraintRight_toRightOf"": ""parent"", ""layout_constraintTop_toBottomOf"": ""@id/info_text"", ""layout_height"": ""wrap_content"", ""layout_marginTop"": ""@dimen/material_generic"", ""layout_width"": ""match_parent"", ""textColor"": ""@color/white"", ""textColorHint"": ""@color/white""}","{""id"": {""raw"": ""@+id/movie_name_edit_text"", ""status"": ""resolved"", ""value"": [""app/src/main/res/layout/subtitles_search_view.xml""]}, ""inputType"": {""raw"": ""text"", ""status"": ""literal"", ""value"": ""text""}, ""layout_constraintRight_toRightOf"": {""raw"": ""parent"", ""status"": ""literal"", ""value"": ""parent""}, ""layout_constraintTop_toBottomOf"": {""raw"": ""@id/info_text"", ""status"": ""resolved"", ""value"": [""app/src/main/res/layout/subtitles_search_view.xml""]}, ""layout_height"": {""raw"": ""wrap_content"", ""status"": ""literal"", ""value"": ""wrap_content""}, ""layout_marginTop"": {""raw"": ""@dimen/material_generic"", ""status"": ""resolved"", ""value"": 16.0}, ""layout_width"": {""raw"": ""match_parent"", ""status"": ""literal"", ""value"": ""match_parent""}, ""textColor"": {""raw"": ""@color/white"", ""status"": ""unsupported"", ""value"": ""@color/white""}, ""textColorHint"": {""raw"": ""@color/white"", ""status"": ""unsupported"", ""value"": ""@color/white""}}","{""included_by"": [], ""is_merge_layout"": false, ""root_tag"": ""ConstraintLayout"", ""selector_ancestors"": [""ConstraintLayout[1]""]}",subtitles_search_view,existing_local,natural_source_issue,15fcd1859b99e14874234528b320bafbe214b5c523c89c23b6f0c2f5893639a4,pending,included,test,,formal_scan_162,xml_safe,false,error,high,true,false,${FDROID_ROOT}/selected_xml_apps/Amaze-Utilities,app/src/main/res/layout/subtitles_search_view.xml,945dad04c4296a19e21826c8a917983094d3f72c6f28e00d2c95430dec3f75f0,945dad04c4296a19e21826c8a917983094d3f72c6f28e00d2c95430dec3f75f0,22,SelectionControl,passed,v2.0.0,,existing_v2_test
src-bef9be46c861ccdcff1a,com.amaze.fileutilities,Amaze Utilities,https://github.com/TeamAmaze/AmazeFileUtilities,git,272a2846c1af5314a9e75090b1a8472d6915b718,app,app/src/main/res/layout/subtitles_search_view.xml,33,Spinner,@+id/language_selection_spinner,stateful_dynamic_value,stateful_control_missing_label,error,high,medium,true,false,交互控件缺少可访问名称。请使用 text、contentDescription、hint 或把现有可见 TextView 通过 labelFor 与控件关联。,"{""id"": ""@+id/language_selection_spinner"", ""layout_constraintRight_toRightOf"": ""parent"", ""layout_constraintTop_toBottomOf"": ""@id/movie_name_edit_text"", ""layout_height"": ""wrap_content"", ""layout_marginTop"": ""@dimen/material_generic"", ""layout_width"": ""wrap_content""}","{""id"": {""raw"": ""@+id/language_selection_spinner"", ""status"": ""resolved"", ""value"": [""app/src/main/res/layout/subtitles_search_view.xml""]}, ""layout_constraintRight_toRightOf"": {""raw"": ""parent"", ""status"": ""literal"", ""value"": ""parent""}, ""layout_constraintTop_toBottomOf"": {""raw"": ""@id/movie_name_edit_text"", ""status"": ""resolved"", ""value"": [""app/src/main/res/layout/subtitles_search_view.xml""]}, ""layout_height"": {""raw"": ""wrap_content"", ""status"": ""literal"", ""value"": ""wrap_content""}, ""layout_marginTop"": {""raw"": ""@dimen/material_generic"", ""status"": ""resolved"", ""value"": 16.0}, ""layout_width"": {""raw"": ""wrap_content"", ""status"": ""literal"", ""value"": ""wrap_content""}}","{""included_by"": [], ""is_merge_layout"": false, ""root_tag"": ""ConstraintLayout"", ""selector_ancestors"": [""ConstraintLayout[1]""]}",subtitles_search_view,existing_local,natural_source_issue,15fcd1859b99e14874234528b320bafbe214b5c523c89c23b6f0c2f5893639a4,pending,included,test,,formal_scan_162,xml_safe,false,error,high,true,false,${FDROID_ROOT}/selected_xml_apps/Amaze-Utilities,app/src/main/res/layout/subtitles_search_view.xml,945dad04c4296a19e21826c8a917983094d3f72c6f28e00d2c95430dec3f75f0,945dad04c4296a19e21826c8a917983094d3f72c6f28e00d2c95430dec3f75f0,33,SelectionControl,passed,v2.0.0,,existing_v2_test
src-0d35c5a6f1908f8efccc,com.amaze.fileutilities,Amaze Utilities,https://github.com/TeamAmaze/AmazeFileUtilities,git,272a2846c1af5314a9e75090b1a8472d6915b718,app,app/src/main/res/layout/welcome_permission_privacy_layout.xml,187,CheckBox,@+id/license_agreement_checkbox,stateful_dynamic_value,stateful_control_missing_label,error,high,medium,true,false,交互控件缺少可访问名称。请使用 text、contentDescription、hint 或把现有可见 TextView 通过 labelFor 与控件关联。,"{""id"": ""@+id/license_agreement_checkbox"", ""layout_alignParentStart"": ""true"", ""layout_height"": ""wrap_content"", ""layout_width"": ""wrap_content""}","{""id"": {""raw"": ""@+id/license_agreement_checkbox"", ""status"": ""resolved"", ""value"": [""app/src/main/res/layout/welcome_permission_privacy_layout.xml""]}, ""layout_alignParentStart"": {""raw"": ""true"", ""status"": ""literal"", ""value"": ""true""}, ""layout_height"": {""raw"": ""wrap_content"", ""status"": ""literal"", ""value"": ""wrap_content""}, ""layout_width"": {""raw"": ""wrap_content"", ""status"": ""literal"", ""value"": ""wrap_content""}}","{""included_by"": [], ""is_merge_layout"": false, ""root_tag"": ""RelativeLayout"", ""selector_ancestors"": [""RelativeLayout[1]"", ""RelativeLayout[1]""]}",welcome_permission_privacy_layout,existing_local,natural_source_issue,aa62d3f8d525c41f3c7e11aa5addeff3acf99e91696cd687927bb11603801c9c,pending,included,test,,formal_scan_162,xml_safe,false,error,high,true,false,${FDROID_ROOT}/selected_xml_apps/Amaze-Utilities,app/src/main/res/layout/welcome_permission_privacy_layout.xml,80325601d089174b07d24cde3835f929a3756d01ee5a569345c67c228a9d0724,80325601d089174b07d24cde3835f929a3756d01ee5a569345c67c228a9d0724,187,SelectionControl,passed,v2.0.0,,existing_v2_test
src-4dd685ae893ba377435d,net.tjado.passwdsafe,Authorizer,https://github.com/tejado/Authorizer.git,git,06e8f7d87ddf9aafc5df5fc7380767d6de596a45,authorizer,authorizer/src/main/res/layout/activity_otp_add.xml,158,Spinner,@+id/algorithm,stateful_dynamic_value,stateful_control_missing_label,error,high,medium,true,false,交互控件缺少可访问名称。请使用 text、contentDescription、hint 或把现有可见 TextView 通过 labelFor 与控件关联。,"{""entries"": ""@array/algorithms"", ""id"": ""@+id/algorithm"", ""layout_height"": ""match_parent"", ""layout_weight"": ""1"", ""layout_width"": ""match_parent""}","{""entries"": {""raw"": ""@array/algorithms"", ""status"": ""unsupported"", ""value"": ""@array/algorithms""}, ""id"": {""raw"": ""@+id/algorithm"", ""status"": ""resolved"", ""value"": [""authorizer/src/main/res/layout/activity_otp_add.xml""]}, ""layout_height"": {""raw"": ""match_parent"", ""status"": ""literal"", ""value"": ""match_parent""}, ""layout_weight"": {""raw"": ""1"", ""status"": ""literal"", ""value"": ""1""}, ""layout_width"": {""raw"": ""match_parent"", ""status"": ""literal"", ""value"": ""match_parent""}}","{""included_by"": [], ""is_merge_layout"": false, ""root_tag"": ""LinearLayout"", ""selector_ancestors"": [""LinearLayout[1]"", ""LinearLayout[1]"", ""ScrollView[1]"", ""TableLayout[1]"", ""TableRow[4]""]}",activity_otp_add,existing_local,natural_source_issue,c0f001483ff4eb340903745ea0c116d9be2a426f816ab4d442c89fd6c2bea482,pending,included,test,,formal_scan_162,xml_safe,false,error,high,true,false,${FDROID_ROOT}/selected_xml_apps/Authorizer,authorizer/src/main/res/layout/activity_otp_add.xml,2779b85cdd1980b9737cc4c9a988a5e25f80b874e9ef2c4778aa3a13352177d9,2779b85cdd1980b9737cc4c9a988a5e25f80b874e9ef2c4778aa3a13352177d9,158,SelectionControl,passed,v2.0.0,,existing_v2_test
src-449d769b894491cf1fe1,net.tjado.passwdsafe,Authorizer,https://github.com/tejado/Authorizer.git,git,06e8f7d87ddf9aafc5df5fc7380767d6de596a45,authorizer,authorizer/src/main/res/layout/fragment_bluetooth.xml,65,CheckBox,@+id/cb_pref_bt,stateful_dynamic_value,stateful_control_missing_label,error,high,medium,true,false,交互控件缺少可访问名称。请使用 text、contentDescription、hint 或把现有可见 TextView 通过 labelFor 与控件关联。,"{""id"": ""@+id/cb_pref_bt"", ""layout_height"": ""wrap_content"", ""layout_weight"": ""8"", ""layout_width"": ""fill_parent""}","{""id"": {""raw"": ""@+id/cb_pref_bt"", ""status"": ""resolved"", ""value"": [""authorizer/src/main/res/layout/fragment_bluetooth.xml""]}, ""layout_height"": {""raw"": ""wrap_content"", ""status"": ""literal"", ""value"": ""wrap_content""}, ""layout_weight"": {""raw"": ""8"", ""status"": ""literal"", ""value"": ""8""}, ""layout_width"": {""raw"": ""fill_parent"", ""status"": ""literal"", ""value"": ""fill_parent""}}","{""included_by"": [], ""is_merge_layout"": false, ""root_tag"": ""LinearLayout"", ""selector_ancestors"": [""LinearLayout[1]"", ""ViewFlipper[1]"", ""NestedScrollView[1]"", ""LinearLayout[1]"", ""LinearLayout[1]""]}",fragment_bluetooth,existing_local,natural_source_issue,c03a99a8c7c1637b251a6c927e5516726b153f9ba45638a00fe549dc03a9759e,pending,included,test,,formal_scan_162,xml_safe,false,error,high,true,false,${FDROID_ROOT}/selected_xml_apps/Authorizer,authorizer/src/main/res/layout/fragment_bluetooth.xml,e5a079033276c23aadd03d3f025df83bc7173beda47d7080eca498f1df94b7c6,e5a079033276c23aadd03d3f025df83bc7173beda47d7080eca498f1df94b7c6,65,SelectionControl,passed,v2.0.0,,existing_v2_test
src-aaf4ba9e46c3e931a272,net.tjado.passwdsafe,Authorizer,https://github.com/tejado/Authorizer.git,git,06e8f7d87ddf9aafc5df5fc7380767d6de596a45,authorizer,authorizer/src/main/res/layout/fragment_bluetooth.xml,86,CheckBox,@+id/cb_pref_bt_fido,stateful_dynamic_value,stateful_control_missing_label,error,high,medium,true,false,交互控件缺少可访问名称。请使用 text、contentDescription、hint 或把现有可见 TextView 通过 labelFor 与控件关联。,"{""id"": ""@+id/cb_pref_bt_fido"", ""layout_height"": ""wrap_content"", ""layout_weight"": ""8"", ""layout_width"": ""fill_parent""}","{""id"": {""raw"": ""@+id/cb_pref_bt_fido"", ""status"": ""resolved"", ""value"": [""authorizer/src/main/res/layout/fragment_bluetooth.xml""]}, ""layout_height"": {""raw"": ""wrap_content"", ""status"": ""literal"", ""value"": ""wrap_content""}, ""layout_weight"": {""raw"": ""8"", ""status"": ""literal"", ""value"": ""8""}, ""layout_width"": {""raw"": ""fill_parent"", ""status"": ""literal"", ""value"": ""fill_parent""}}","{""included_by"": [], ""is_merge_layout"": false, ""root_tag"": ""LinearLayout"", ""selector_ancestors"": [""LinearLayout[1]"", ""ViewFlipper[1]"", ""NestedScrollView[1]"", ""LinearLayout[1]"", ""LinearLayout[2]""]}",fragment_bluetooth,existing_local,natural_source_issue,c03a99a8c7c1637b251a6c927e5516726b153f9ba45638a00fe549dc03a9759e,pending,included,test,,formal_scan_162,xml_safe,false,error,high,true,false,${FDROID_ROOT}/selected_xml_apps/Authorizer,authorizer/src/main/res/layout/fragment_bluetooth.xml,e5a079033276c23aadd03d3f025df83bc7173beda47d7080eca498f1df94b7c6,e5a079033276c23aadd03d3f025df83bc7173beda47d7080eca498f1df94b7c6,86,SelectionControl,passed,v2.0.0,,existing_v2_test
src-3f04d2cf94c52c8f5398,ch.threema.app.libre,ch.threema.app.libre,https://github.com/threema-ch/threema-android.git,git,ef63ad83fff7f2828cb899e2557848e13a210835,app,app/src/main/res/layout/activity_notifications.xml,338,MaterialSwitch,@+id/individual_settings_switch,stateful_dynamic_value,stateful_control_missing_label,error,high,medium,true,false,交互控件缺少可访问名称。请使用 text、contentDescription、hint 或把现有可见 TextView 通过 labelFor 与控件关联。,"{""id"": ""@+id/individual_settings_switch"", ""layout_alignParentEnd"": ""true"", ""layout_centerVertical"": ""true"", ""layout_height"": ""wrap_content"", ""layout_margin"": ""@dimen/grid_unit_x0_5"", ""layout_width"": ""wrap_content""}","{""id"": {""raw"": ""@+id/individual_settings_switch"", ""status"": ""resolved"", ""value"": [""app/src/main/res/layout/activity_notifications.xml""]}, ""layout_alignParentEnd"": {""raw"": ""true"", ""status"": ""literal"", ""value"": ""true""}, ""layout_centerVertical"": {""raw"": ""true"", ""status"": ""literal"", ""value"": ""true""}, ""layout_height"": {""raw"": ""wrap_content"", ""status"": ""literal"", ""value"": ""wrap_content""}, ""layout_margin"": {""raw"": ""@dimen/grid_unit_x0_5"", ""status"": ""resolved"", ""value"": 4.0}, ""layout_width"": {""raw"": ""wrap_content"", ""status"": ""literal"", ""value"": ""wrap_content""}}","{""included_by"": [], ""is_merge_layout"": false, ""root_tag"": ""ScrollView"", ""selector_ancestors"": [""ScrollView[1]"", ""MaterialCardView[1]"", ""LinearLayout[1]"", ""MaterialCardView[4]"", ""RelativeLayout[1]""]}",activity_notifications,existing_local,natural_source_issue,6d20a85f699dc9148d2dfc255a4756aa9479e5d9df02145a95adfa52997699ac,pending,included,test,,formal_scan_162,xml_safe,false,error,high,true,false,${FDROID_ROOT}/selected_xml_apps/ch.threema.app.libre,app/src/main/res/layout/activity_notifications.xml,0b0550f461d9438828345462ccdb12b620b72295462b34a36149e856a6dd062c,0b0550f461d9438828345462ccdb12b620b72295462b34a36149e856a6dd062c,338,SelectionControl,passed,v2.0.0,,existing_v2_test
src-9601d3bc7f5d10aaa891,ch.threema.app.libre,ch.threema.app.libre,https://github.com/threema-ch/threema-android.git,git,ef63ad83fff7f2828cb899e2557848e13a210835,app,app/src/main/res/layout/activity_sessions_intro.xml,47,TextView,@+id/webclient_link,accessible_name_missing,custom_clickable_missing_name,error,high,medium,true,false,交互控件缺少可访问名称。请使用 text、contentDescription、hint 或把现有可见 TextView 通过 labelFor 与控件关联。,"{""clickable"": ""true"", ""focusable"": ""true"", ""gravity"": ""center_horizontal"", ""id"": ""@+id/webclient_link"", ""layout_gravity"": ""center_horizontal"", ""layout_height"": ""wrap_content"", ""layout_marginTop"": ""@dimen/grid_unit_x3"", ""layout_width"": ""wrap_content"", ""letterSpacing"": ""0.01"", ""lineHeight"": ""21sp"", ""linksClickable"": ""true"", ""style"": ""@style/Threema.TextAppearance.BodyLarge"", ""text"": ""https://threema.com/threema-web""}","{""clickable"": {""raw"": ""true"", ""status"": ""literal"", ""value"": ""true""}, ""focusable"": {""raw"": ""true"", ""status"": ""literal"", ""value"": ""true""}, ""gravity"": {""raw"": ""center_horizontal"", ""status"": ""literal"", ""value"": ""center_horizontal""}, ""id"": {""raw"": ""@+id/webclient_link"", ""status"": ""resolved"", ""value"": [""app/src/main/res/layout/activity_sessions_intro.xml""]}, ""layout_gravity"": {""raw"": ""center_horizontal"", ""status"": ""literal"", ""value"": ""center_horizontal""}, ""layout_height"": {""raw"": ""wrap_content"", ""status"": ""literal"", ""value"": ""wrap_content""}, ""layout_marginTop"": {""raw"": ""@dimen/grid_unit_x3"", ""status"": ""resolved"", ""value"": 24.0}, ""layout_width"": {""raw"": ""wrap_content"", ""status"": ""literal"", ""value"": ""wrap_content""}, ""letterSpacing"": {""raw"": ""0.01"", ""status"": ""literal"", ""value"": ""0.01""}, ""lineHeight"": {""raw"": ""21sp"", ""status"": ""literal"", ""value"": ""21sp""}, ""linksClickable"": {""raw"": ""true"", ""status"": ""literal"", ""value"": ""true""}, ""style"": {""raw"": ""@style/Threema.TextAppearance.BodyLarge"", ""status"": ""resolved"", ""value"": {""lineHeight"": ""21sp"", ""{http://schemas.android.com/apk/res/android}letterSpacing"": ""0.01"", ""{http://schemas.android.com/apk/res/android}lineHeight"": ""21sp""}}, ""style_items"": {""lineHeight"": ""21sp"", ""{http://schemas.android.com/apk/res/android}letterSpacing"": ""0.01"", ""{http://schemas.android.com/apk/res/android}lineHeight"": ""21sp""}, ""text"": {""raw"": ""https://threema.com/threema-web"", ""status"": ""literal"", ""value"": ""https://threema.com/threema-web""}}","{""included_by"": [], ""is_merge_layout"": false, ""root_tag"": ""CoordinatorLayout"", ""selector_ancestors"": [""CoordinatorLayout[1]"", ""ScrollView[1]"", ""LinearLayout[1]""]}",activity_sessions_intro,existing_local,natural_source_issue,132782195df1fbb4fbc232fce8c12b17f7baf21e55ef2b3a9628ebd9c8ffe5ab,pending,included,test,,formal_scan_162,xml_safe,false,error,high,true,false,${FDROID_ROOT}/selected_xml_apps/ch.threema.app.libre,app/src/main/res/layout/activity_sessions_intro.xml,69659323ebd6a68f26ce9e91688a162eabefbfd00646e17bf0b5177437e4ce86,69659323ebd6a68f26ce9e91688a162eabefbfd00646e17bf0b5177437e4ce86,47,TextView,passed,v2.0.0,,existing_v2_test
src-f129415c5d1fd0b762c5,ch.threema.app.libre,ch.threema.app.libre,https://github.com/threema-ch/threema-android.git,git,ef63ad83fff7f2828cb899e2557848e13a210835,app,app/src/main/res/layout/activity_wizard_restore_id.xml,58,ThreemaTextInputEditText,@+id/restore_password,input_label_hint,input_missing_label_and_hint,error,high,medium,true,false,输入框缺少稳定标签或 hint。请添加 android:hint，或使用 TextView android:labelFor 关联标签。,"{""background"": ""@drawable/wizard_edittext_shape_selector"", ""fontFamily"": ""sans-serif-light"", ""id"": ""@+id/restore_password"", ""imeOptions"": ""actionDone"", ""inputType"": ""textPassword|textNoSuggestions"", ""layout_height"": ""wrap_content"", ""layout_width"": ""match_parent"", ""minHeight"": ""@dimen/wizard_default_view_height"", ""padding"": ""@dimen/wizard_edittext_padding"", ""singleLine"": ""true"", ""style"": ""@style/WizardEditText"", ""textColor"": ""@drawable/wizard_edittext_selector"", ""textSize"": ""@dimen/wizard_edittext_text_size""}","{""background"": {""raw"": ""@drawable/wizard_edittext_shape_selector"", ""status"": ""unsupported"", ""value"": ""@drawable/wizard_edittext_shape_selector""}, ""fontFamily"": {""raw"": ""sans-serif-light"", ""status"": ""literal"", ""value"": ""sans-serif-light""}, ""id"": {""raw"": ""@+id/restore_password"", ""status"": ""resolved"", ""value"": [""app/src/main/res/layout/activity_wizard_restore_id.xml""]}, ""imeOptions"": {""raw"": ""actionDone"", ""status"": ""literal"", ""value"": ""actionDone""}, ""inputType"": {""raw"": ""textPassword|textNoSuggestions"", ""status"": ""literal"", ""value"": ""textPassword|textNoSuggestions""}, ""layout_height"": {""raw"": ""wrap_content"", ""status"": ""literal"", ""value"": ""wrap_content""}, ""layout_width"": {""raw"": ""match_parent"", ""status"": ""literal"", ""value"": ""match_parent""}, ""minHeight"": {""raw"": ""@dimen/wizard_default_view_height"", ""status"": ""resolved"", ""value"": 32.0}, ""padding"": {""raw"": ""@dimen/wizard_edittext_padding"", ""status"": ""resolved"", ""value"": 8.0}, ""singleLine"": {""raw"": ""true"", ""status"": ""literal"", ""value"": ""true""}, ""style"": {""raw"": ""@style/WizardEditText"", ""status"": ""resolved"", ""value"": {""{http://schemas.android.com/apk/res/android}background"": ""@drawable/wizard_edittext_shape_selector"", ""{http://schemas.android.com/apk/res/android}fontFamily"": ""sans-serif-light"", ""{http://schemas.android.com/apk/res/android}minHeight"": ""@dimen/wizard_default_view_height"", ""{http://schemas.android.com/apk/res/android}padding"": ""@dimen/wizard_edittext_padding"", ""{http://schemas.android.com/apk/res/android}textColor"": ""@drawable/wizard_edittext_selector"", ""{http://schemas.android.com/apk/res/android}textSize"": ""@dimen/wizard_edittext_text_size""}}, ""style_items"": {""{http://schemas.android.com/apk/res/android}background"": ""@drawable/wizard_edittext_shape_selector"", ""{http://schemas.android.com/apk/res/android}fontFamily"": ""sans-serif-light"", ""{http://schemas.android.com/apk/res/android}minHeight"": ""@dimen/wizard_default_view_height"", ""{http://schemas.android.com/apk/res/android}padding"": ""@dimen/wizard_edittext_padding"", ""{http://schemas.android.com/apk/res/android}textColor"": ""@drawable/wizard_edittext_selector"", ""{http://schemas.android.com/apk/res/android}textSize"": ""@dimen/wizard_edittext_text_size""}, ""textColor"": {""raw"": ""@drawable/wizard_edittext_selector"", ""status"": ""unsupported"", ""value"": ""@drawable/wizard_edittext_selector""}, ""textSize"": {""raw"": ""@dimen/wizard_edittext_text_size"", ""status"": ""unresolved_resource"", ""value"": ""@dimen/wizard_edittext_text_size""}}","{""included_by"": [], ""is_merge_layout"": false, ""root_tag"": ""FrameLayout"", ""selector_ancestors"": [""FrameLayout[1]"", ""LinearLayout[1]"", ""ScrollView[1]"", ""LinearLayout[1]"", ""ConstraintLayout[1]"", ""TextInputLayout[1]""]}",activity_wizard_restore_id,existing_local,natural_source_issue,c8ee6df1078d13066115486756e73907696038856a5a2a74971d5de7e3407e70,pending,included,test,,formal_scan_162,xml_safe,false,error,high,true,false,${FDROID_ROOT}/selected_xml_apps/ch.threema.app.libre,app/src/main/res/layout/activity_wizard_restore_id.xml,a19e9064b3ee6b739527848444889225a99c53ded412ba67926c27a3f8c46e5c,a19e9064b3ee6b739527848444889225a99c53ded412ba67926c27a3f8c46e5c,58,EditText,passed,v2.0.0,,existing_v2_test
src-d1c25b418a1f7ed45e0d,ch.threema.app.libre,ch.threema.app.libre,https://github.com/threema-ch/threema-android.git,git,ef63ad83fff7f2828cb899e2557848e13a210835,app,app/src/main/res/layout/dialog_new_contact.xml,32,EmojiEditText,@+id/edit_text,input_label_hint,input_missing_label_and_hint,error,high,medium,true,false,输入框缺少稳定标签或 hint。请添加 android:hint，或使用 TextView android:labelFor 关联标签。,"{""id"": ""@+id/edit_text"", ""layout_height"": ""wrap_content"", ""layout_width"": ""match_parent"", ""singleLine"": ""true""}","{""id"": {""raw"": ""@+id/edit_text"", ""status"": ""resolved"", ""value"": [""app/src/main/res/layout/dialog_new_contact.xml"", ""app/src/main/res/layout/dialog_text_entry.xml""]}, ""layout_height"": {""raw"": ""wrap_content"", ""status"": ""literal"", ""value"": ""wrap_content""}, ""layout_width"": {""raw"": ""match_parent"", ""status"": ""literal"", ""value"": ""match_parent""}, ""singleLine"": {""raw"": ""true"", ""status"": ""literal"", ""value"": ""true""}}","{""included_by"": [], ""is_merge_layout"": false, ""root_tag"": ""ScrollView"", ""selector_ancestors"": [""ScrollView[1]"", ""LinearLayout[1]"", ""TextInputLayout[1]""]}",dialog_new_contact,existing_local,natural_source_issue,b03741260781b4efc60dbd97a1861d5acf3a7905e467070a02d72c1179ca0b43,pending,included,test,,formal_scan_162,xml_safe,false,error,high,true,false,${FDROID_ROOT}/selected_xml_apps/ch.threema.app.libre,app/src/main/res/layout/dialog_new_contact.xml,bb683ae8789d74ff67c537b76bc3f72bdbb2e01e1490a4f776947dfa0e0b67aa,bb683ae8789d74ff67c537b76bc3f72bdbb2e01e1490a4f776947dfa0e0b67aa,32,EditText,passed,v2.0.0,,existing_v2_test
src-07f8989c0bc39001ddb7,ch.threema.app.libre,ch.threema.app.libre,https://github.com/threema-ch/threema-android.git,git,ef63ad83fff7f2828cb899e2557848e13a210835,app,app/src/main/res/layout/fragment_wizard3.xml,24,Spinner,@+id/country_spinner,stateful_dynamic_value,stateful_control_missing_label,error,high,medium,true,false,交互控件缺少可访问名称。请使用 text、contentDescription、hint 或把现有可见 TextView 通过 labelFor 与控件关联。,"{""background"": ""@drawable/shape_spinner"", ""focusable"": ""true"", ""id"": ""@+id/country_spinner"", ""layout_height"": ""wrap_content"", ""layout_marginTop"": ""@dimen/grid_unit_x2"", ""layout_width"": ""match_parent"", ""minHeight"": ""@dimen/wizard_default_view_height"", ""spinnerMode"": ""dropdown"", ""style"": ""@style/WizardSpinner"", ""textSize"": ""@dimen/wizard_small_text_size""}","{""background"": {""raw"": ""@drawable/shape_spinner"", ""status"": ""unsupported"", ""value"": ""@drawable/shape_spinner""}, ""focusable"": {""raw"": ""true"", ""status"": ""literal"", ""value"": ""true""}, ""id"": {""raw"": ""@+id/country_spinner"", ""status"": ""resolved"", ""value"": [""app/src/main/res/layout/fragment_wizard3.xml""]}, ""layout_height"": {""raw"": ""wrap_content"", ""status"": ""literal"", ""value"": ""wrap_content""}, ""layout_marginTop"": {""raw"": ""@dimen/grid_unit_x2"", ""status"": ""resolved"", ""value"": 16.0}, ""layout_width"": {""raw"": ""match_parent"", ""status"": ""literal"", ""value"": ""match_parent""}, ""minHeight"": {""raw"": ""@dimen/wizard_default_view_height"", ""status"": ""resolved"", ""value"": 32.0}, ""spinnerMode"": {""raw"": ""dropdown"", ""status"": ""literal"", ""value"": ""dropdown""}, ""style"": {""raw"": ""@style/WizardSpinner"", ""status"": ""resolved"", ""value"": {""{http://schemas.android.com/apk/res/android}background"": ""@drawable/shape_spinner"", ""{http://schemas.android.com/apk/res/android}textSize"": ""@dimen/wizard_small_text_size""}}, ""style_items"": {""{http://schemas.android.com/apk/res/android}background"": ""@drawable/shape_spinner"", ""{http://schemas.android.com/apk/res/android}textSize"": ""@dimen/wizard_small_text_size""}, ""textSize"": {""raw"": ""@dimen/wizard_small_text_size"", ""status"": ""unresolved_resource"", ""value"": ""@dimen/wizard_small_text_size""}}","{""included_by"": [], ""is_merge_layout"": false, ""root_tag"": ""ScrollView"", ""selector_ancestors"": [""ScrollView[1]"", ""LinearLayout[1]""]}",fragment_wizard3,existing_local,natural_source_issue,c999e210143cbcba17cc08deada1f2b9fcf6246e90f9c7f2c3d38999bed71211,pending,included,test,,formal_scan_162,xml_safe,false,error,high,true,false,${FDROID_ROOT}/selected_xml_apps/ch.threema.app.libre,app/src/main/res/layout/fragment_wizard3.xml,ed00b16279b817ac86f9dca0d3ad388491bf00857c7c239ba9714a8bbaae0193,ed00b16279b817ac86f9dca0d3ad388491bf00857c7c239ba9714a8bbaae0193,24,SelectionControl,passed,v2.0.0,,existing_v2_test
src-4bc126a67079b7fac6ba,tranquvis.simplesmsremote,Simple sms remote,https://github.com/tranquvis/SimpleSmsRemote,git,fdfa1f2d3b8304e572fd15ab2ca264452f10b156,app,app/src/main/res/layout/content_module_settings_grant_phone_remotely.xml,53,EditText,@+id/editText_password,input_label_hint,input_missing_label_and_hint,error,high,medium,true,false,输入框缺少稳定标签或 hint。请添加 android:hint，或使用 TextView android:labelFor 关联标签。,"{""id"": ""@+id/editText_password"", ""layout_alignParentEnd"": ""true"", ""layout_alignParentRight"": ""true"", ""layout_alignParentTop"": ""true"", ""layout_height"": ""wrap_content"", ""layout_marginLeft"": ""10dp"", ""layout_marginStart"": ""10dp"", ""layout_toEndOf"": ""@+id/imageView_type"", ""layout_toRightOf"": ""@+id/imageView_type"", ""layout_width"": ""wrap_content""}","{""id"": {""raw"": ""@+id/editText_password"", ""status"": ""resolved"", ""value"": [""app/src/main/res/layout/content_module_settings_grant_phone_remotely.xml""]}, ""layout_alignParentEnd"": {""raw"": ""true"", ""status"": ""literal"", ""value"": ""true""}, ""layout_alignParentRight"": {""raw"": ""true"", ""status"": ""literal"", ""value"": ""true""}, ""layout_alignParentTop"": {""raw"": ""true"", ""status"": ""literal"", ""value"": ""true""}, ""layout_height"": {""raw"": ""wrap_content"", ""status"": ""literal"", ""value"": ""wrap_content""}, ""layout_marginLeft"": {""raw"": ""10dp"", ""status"": ""literal"", ""value"": ""10dp""}, ""layout_marginStart"": {""raw"": ""10dp"", ""status"": ""literal"", ""value"": ""10dp""}, ""layout_toEndOf"": {""raw"": ""@+id/imageView_type"", ""status"": ""resolved"", ""value"": [""app/src/main/res/layout/content_module_settings_grant_phone_remotely.xml"", ""app/src/main/res/layout/listview_item_granted_phones_editable.xml"", ""app/src/main/res/layout/listview_item_log.xml"", ""app/src/main/res/layout/listview_item_manage_control_modules.xml""]}, ""layout_toRightOf"": {""raw"": ""@+id/imageView_type"", ""status"": ""resolved"", ""value"": [""app/src/main/res/layout/content_module_settings_grant_phone_remotely.xml"", ""app/src/main/res/layout/listview_item_granted_phones_editable.xml"", ""app/src/main/res/layout/listview_item_log.xml"", ""app/src/main/res/layout/listview_item_manage_control_modules.xml""]}, ""layout_width"": {""raw"": ""wrap_content"", ""status"": ""literal"", ""value"": ""wrap_content""}}","{""included_by"": [], ""is_merge_layout"": false, ""root_tag"": ""LinearLayout"", ""selector_ancestors"": [""LinearLayout[1]"", ""CardView[1]"", ""LinearLayout[1]"", ""RelativeLayout[1]""]}",content_module_settings_grant_phone_remotely,existing_local,natural_source_issue,70bf2ef4f4c8d236b2fe543b9ca7bb7f19458d509332dac94269bf936ee1bc36,pending,included,test,,formal_scan_162,xml_safe,false,error,high,true,false,${FDROID_ROOT}/selected_xml_apps/Simple-sms-remote,app/src/main/res/layout/content_module_settings_grant_phone_remotely.xml,4416d8b849ef16528ba9541b1784d2908fbb3a53cadbdc9046cb69555e393126,4416d8b849ef16528ba9541b1784d2908fbb3a53cadbdc9046cb69555e393126,53,EditText,passed,v2.0.0,,existing_v2_test
src-c241a18305d43969568c,tranquvis.simplesmsremote,Simple sms remote,https://github.com/tranquvis/SimpleSmsRemote,git,fdfa1f2d3b8304e572fd15ab2ca264452f10b156,app,app/src/main/res/layout/content_module_settings_grant_phone_remotely.xml,53,EditText,@+id/editText_password,input_type_semantics,password_input_type_missing,error,high,hard,true,false,XML 中存在明确密码字段证据，但输入框缺少 password 类型的 android:inputType。,"{""id"": ""@+id/editText_password"", ""layout_alignParentEnd"": ""true"", ""layout_alignParentRight"": ""true"", ""layout_alignParentTop"": ""true"", ""layout_height"": ""wrap_content"", ""layout_marginLeft"": ""10dp"", ""layout_marginStart"": ""10dp"", ""layout_toEndOf"": ""@+id/imageView_type"", ""layout_toRightOf"": ""@+id/imageView_type"", ""layout_width"": ""wrap_content""}","{""id"": {""raw"": ""@+id/editText_password"", ""status"": ""resolved"", ""value"": [""app/src/main/res/layout/content_module_settings_grant_phone_remotely.xml""]}, ""layout_alignParentEnd"": {""raw"": ""true"", ""status"": ""literal"", ""value"": ""true""}, ""layout_alignParentRight"": {""raw"": ""true"", ""status"": ""literal"", ""value"": ""true""}, ""layout_alignParentTop"": {""raw"": ""true"", ""status"": ""literal"", ""value"": ""true""}, ""layout_height"": {""raw"": ""wrap_content"", ""status"": ""literal"", ""value"": ""wrap_content""}, ""layout_marginLeft"": {""raw"": ""10dp"", ""status"": ""literal"", ""value"": ""10dp""}, ""layout_marginStart"": {""raw"": ""10dp"", ""status"": ""literal"", ""value"": ""10dp""}, ""layout_toEndOf"": {""raw"": ""@+id/imageView_type"", ""status"": ""resolved"", ""value"": [""app/src/main/res/layout/content_module_settings_grant_phone_remotely.xml"", ""app/src/main/res/layout/listview_item_granted_phones_editable.xml"", ""app/src/main/res/layout/listview_item_log.xml"", ""app/src/main/res/layout/listview_item_manage_control_modules.xml""]}, ""layout_toRightOf"": {""raw"": ""@+id/imageView_type"", ""status"": ""resolved"", ""value"": [""app/src/main/res/layout/content_module_settings_grant_phone_remotely.xml"", ""app/src/main/res/layout/listview_item_granted_phones_editable.xml"", ""app/src/main/res/layout/listview_item_log.xml"", ""app/src/main/res/layout/listview_item_manage_control_modules.xml""]}, ""layout_width"": {""raw"": ""wrap_content"", ""status"": ""literal"", ""value"": ""wrap_content""}}","{""included_by"": [], ""is_merge_layout"": false, ""root_tag"": ""LinearLayout"", ""selector_ancestors"": [""LinearLayout[1]"", ""CardView[1]"", ""LinearLayout[1]"", ""RelativeLayout[1]""]}",content_module_settings_grant_phone_remotely,existing_local,natural_source_issue,70bf2ef4f4c8d236b2fe543b9ca7bb7f19458d509332dac94269bf936ee1bc36,pending,included,test,,formal_scan_162,xml_safe,true,error,high,true,false,${FDROID_ROOT}/selected_xml_apps/Simple-sms-remote,app/src/main/res/layout/content_module_settings_grant_phone_remotely.xml,4416d8b849ef16528ba9541b1784d2908fbb3a53cadbdc9046cb69555e393126,4416d8b849ef16528ba9541b1784d2908fbb3a53cadbdc9046cb69555e393126,53,EditText,passed,v2.0.0,,existing_v2_test
src-124763fee7a0cbf2b09e,org.sugr.gearshift,Gear Shift,https://github.com/urandom/gearshift,git,5e0077087ba5fadae81973146692eee5b72e499c,gearshift,gearshift/src/main/res/layout/replace_tracker_dialog.xml,16,EditText,@+id/tracker_announce_url,input_label_hint,input_missing_label_and_hint,error,high,medium,true,false,输入框缺少稳定标签或 hint。请添加 android:hint，或使用 TextView android:labelFor 关联标签。,"{""id"": ""@+id/tracker_announce_url"", ""inputType"": ""textNoSuggestions"", ""layout_height"": ""wrap_content"", ""layout_marginTop"": ""8dp"", ""layout_width"": ""match_parent""}","{""id"": {""raw"": ""@+id/tracker_announce_url"", ""status"": ""resolved"", ""value"": [""gearshift/src/main/res/layout/replace_tracker_dialog.xml""]}, ""inputType"": {""raw"": ""textNoSuggestions"", ""status"": ""literal"", ""value"": ""textNoSuggestions""}, ""layout_height"": {""raw"": ""wrap_content"", ""status"": ""literal"", ""value"": ""wrap_content""}, ""layout_marginTop"": {""raw"": ""8dp"", ""status"": ""literal"", ""value"": ""8dp""}, ""layout_width"": {""raw"": ""match_parent"", ""status"": ""literal"", ""value"": ""match_parent""}}","{""included_by"": [], ""is_merge_layout"": false, ""root_tag"": ""LinearLayout"", ""selector_ancestors"": [""LinearLayout[1]""]}",replace_tracker_dialog,existing_local,natural_source_issue,0c55452c67b3c13cba1ae5abbfbbdd23c5e3720aa0d03f2c027d3509c77d9eee,pending,included,test,,formal_scan_162,xml_safe,false,error,high,true,false,${FDROID_ROOT}/selected_xml_apps/Gear-Shift,gearshift/src/main/res/layout/replace_tracker_dialog.xml,1b09a659f1f942a925805683a3b73e392b5d13f650bb6e0cf2efd539881ac047,1b09a659f1f942a925805683a3b73e392b5d13f650bb6e0cf2efd539881ac047,16,EditText,passed,v2.0.0,,existing_v2_test
src-fb6a216031d5a3c31e86,org.sugr.gearshift,Gear Shift,https://github.com/urandom/gearshift,git,5e0077087ba5fadae81973146692eee5b72e499c,gearshift,gearshift/src/main/res/layout/transmission_session_bandwidth.xml,72,EditText,@+id/transmission_session_up_limit,input_label_hint,input_missing_label_and_hint,error,high,medium,true,false,输入框缺少稳定标签或 hint。请添加 android:hint，或使用 TextView android:labelFor 关联标签。,"{""id"": ""@+id/transmission_session_up_limit"", ""imeOptions"": ""actionDone|flagNoExtractUi"", ""inputType"": ""number"", ""layout_height"": ""wrap_content"", ""layout_margin"": ""4dp"", ""layout_width"": ""wrap_content"", ""paddingBottom"": ""@dimen/card_entry_padding_bottom"", ""paddingLeft"": ""4dp"", ""paddingRight"": ""4dp"", ""paddingTop"": ""4dp"", ""selectAllOnFocus"": ""true"", ""style"": ""@style/CardEntry"", ""textSize"": ""16sp""}","{""id"": {""raw"": ""@+id/transmission_session_up_limit"", ""status"": ""resolved"", ""value"": [""gearshift/src/main/res/layout/transmission_session_bandwidth.xml""]}, ""imeOptions"": {""raw"": ""actionDone|flagNoExtractUi"", ""status"": ""literal"", ""value"": ""actionDone|flagNoExtractUi""}, ""inputType"": {""raw"": ""number"", ""status"": ""literal"", ""value"": ""number""}, ""layout_height"": {""raw"": ""wrap_content"", ""status"": ""literal"", ""value"": ""wrap_content""}, ""layout_margin"": {""raw"": ""4dp"", ""status"": ""literal"", ""value"": ""4dp""}, ""layout_width"": {""raw"": ""wrap_content"", ""status"": ""literal"", ""value"": ""wrap_content""}, ""paddingBottom"": {""raw"": ""@dimen/card_entry_padding_bottom"", ""status"": ""resolved"", ""value"": 8.0}, ""paddingLeft"": {""raw"": ""4dp"", ""status"": ""literal"", ""value"": ""4dp""}, ""paddingRight"": {""raw"": ""4dp"", ""status"": ""literal"", ""value"": ""4dp""}, ""paddingTop"": {""raw"": ""4dp"", ""status"": ""literal"", ""value"": ""4dp""}, ""selectAllOnFocus"": {""raw"": ""true"", ""status"": ""literal"", ""value"": ""true""}, ""style"": {""raw"": ""@style/CardEntry"", ""status"": ""resolved"", ""value"": {""{http://schemas.android.com/apk/res/android}imeOptions"": ""actionDone|flagNoExtractUi"", ""{http://schemas.android.com/apk/res/android}layout_height"": ""wrap_content"", ""{http://schemas.android.com/apk/res/android}layout_margin"": ""4dp"", ""{http://schemas.android.com/apk/res/android}layout_width"": ""wrap_content"", ""{http://schemas.android.com/apk/res/android}paddingBottom"": ""@dimen/card_entry_padding_bottom"", ""{http://schemas.android.com/apk/res/android}paddingLeft"": ""4dp"", ""{http://schemas.android.com/apk/res/android}paddingRight"": ""4dp"", ""{http://schemas.android.com/apk/res/android}paddingTop"": ""4dp"", ""{http://schemas.android.com/apk/res/android}selectAllOnFocus"": ""true"", ""{http://schemas.android.com/apk/res/android}textSize"": ""16sp""}}, ""style_items"": {""{http://schemas.android.com/apk/res/android}imeOptions"": ""actionDone|flagNoExtractUi"", ""{http://schemas.android.com/apk/res/android}layout_height"": ""wrap_content"", ""{http://schemas.android.com/apk/res/android}layout_margin"": ""4dp"", ""{http://schemas.android.com/apk/res/android}layout_width"": ""wrap_content"", ""{http://schemas.android.com/apk/res/android}paddingBottom"": ""@dimen/card_entry_padding_bottom"", ""{http://schemas.android.com/apk/res/android}paddingLeft"": ""4dp"", ""{http://schemas.android.com/apk/res/android}paddingRight"": ""4dp"", ""{http://schemas.android.com/apk/res/android}paddingTop"": ""4dp"", ""{http://schemas.android.com/apk/res/android}selectAllOnFocus"": ""true"", ""{http://schemas.android.com/apk/res/android}textSize"": ""16sp""}, ""textSize"": {""raw"": ""16sp"", ""status"": ""literal"", ""value"": ""16sp""}}","{""included_by"": [""gearshift/src/main/res/layout-sw600dp-w720dp/activity_transmission_session.xml"", ""gearshift/src/main/res/layout/activity_transmission_session.xml""], ""is_merge_layout"": false, ""root_tag"": ""CardView"", ""selector_ancestors"": [""CardView[1]"", ""LinearLayout[1]"", ""TableLayout[1]"", ""TableRow[5]""]}",transmission_session_bandwidth,existing_local,natural_source_issue,007224d89bc79908b837d0ba2bb7b642f20f030af5b405611a88512e2658845b,pending,included,test,,formal_scan_162,xml_safe,false,error,high,true,false,${FDROID_ROOT}/selected_xml_apps/Gear-Shift,gearshift/src/main/res/layout/transmission_session_bandwidth.xml,5c01e0ad51896ab89957037fc0ca092fc884f4dabdd51c9f62c0ccaa698bf3b7,5c01e0ad51896ab89957037fc0ca092fc884f4dabdd51c9f62c0ccaa698bf3b7,72,EditText,passed,v2.0.0,,existing_v2_test
src-02e88f1b6a134336a6f2,org.sugr.gearshift,Gear Shift,https://github.com/urandom/gearshift,git,5e0077087ba5fadae81973146692eee5b72e499c,gearshift,gearshift/src/main/res/layout/transmission_session_bandwidth.xml,129,EditText,@+id/transmission_session_alt_down_limit,input_label_hint,input_missing_label_and_hint,error,high,medium,true,false,输入框缺少稳定标签或 hint。请添加 android:hint，或使用 TextView android:labelFor 关联标签。,"{""id"": ""@+id/transmission_session_alt_down_limit"", ""imeOptions"": ""actionDone|flagNoExtractUi"", ""inputType"": ""number"", ""layout_height"": ""wrap_content"", ""layout_margin"": ""4dp"", ""layout_width"": ""wrap_content"", ""paddingBottom"": ""@dimen/card_entry_padding_bottom"", ""paddingLeft"": ""4dp"", ""paddingRight"": ""4dp"", ""paddingTop"": ""4dp"", ""selectAllOnFocus"": ""true"", ""style"": ""@style/CardEntry"", ""textSize"": ""16sp""}","{""id"": {""raw"": ""@+id/transmission_session_alt_down_limit"", ""status"": ""resolved"", ""value"": [""gearshift/src/main/res/layout/transmission_session_bandwidth.xml""]}, ""imeOptions"": {""raw"": ""actionDone|flagNoExtractUi"", ""status"": ""literal"", ""value"": ""actionDone|flagNoExtractUi""}, ""inputType"": {""raw"": ""number"", ""status"": ""literal"", ""value"": ""number""}, ""layout_height"": {""raw"": ""wrap_content"", ""status"": ""literal"", ""value"": ""wrap_content""}, ""layout_margin"": {""raw"": ""4dp"", ""status"": ""literal"", ""value"": ""4dp""}, ""layout_width"": {""raw"": ""wrap_content"", ""status"": ""literal"", ""value"": ""wrap_content""}, ""paddingBottom"": {""raw"": ""@dimen/card_entry_padding_bottom"", ""status"": ""resolved"", ""value"": 8.0}, ""paddingLeft"": {""raw"": ""4dp"", ""status"": ""literal"", ""value"": ""4dp""}, ""paddingRight"": {""raw"": ""4dp"", ""status"": ""literal"", ""value"": ""4dp""}, ""paddingTop"": {""raw"": ""4dp"", ""status"": ""literal"", ""value"": ""4dp""}, ""selectAllOnFocus"": {""raw"": ""true"", ""status"": ""literal"", ""value"": ""true""}, ""style"": {""raw"": ""@style/CardEntry"", ""status"": ""resolved"", ""value"": {""{http://schemas.android.com/apk/res/android}imeOptions"": ""actionDone|flagNoExtractUi"", ""{http://schemas.android.com/apk/res/android}layout_height"": ""wrap_content"", ""{http://schemas.android.com/apk/res/android}layout_margin"": ""4dp"", ""{http://schemas.android.com/apk/res/android}layout_width"": ""wrap_content"", ""{http://schemas.android.com/apk/res/android}paddingBottom"": ""@dimen/card_entry_padding_bottom"", ""{http://schemas.android.com/apk/res/android}paddingLeft"": ""4dp"", ""{http://schemas.android.com/apk/res/android}paddingRight"": ""4dp"", ""{http://schemas.android.com/apk/res/android}paddingTop"": ""4dp"", ""{http://schemas.android.com/apk/res/android}selectAllOnFocus"": ""true"", ""{http://schemas.android.com/apk/res/android}textSize"": ""16sp""}}, ""style_items"": {""{http://schemas.android.com/apk/res/android}imeOptions"": ""actionDone|flagNoExtractUi"", ""{http://schemas.android.com/apk/res/android}layout_height"": ""wrap_content"", ""{http://schemas.android.com/apk/res/android}layout_margin"": ""4dp"", ""{http://schemas.android.com/apk/res/android}layout_width"": ""wrap_content"", ""{http://schemas.android.com/apk/res/android}paddingBottom"": ""@dimen/card_entry_padding_bottom"", ""{http://schemas.android.com/apk/res/android}paddingLeft"": ""4dp"", ""{http://schemas.android.com/apk/res/android}paddingRight"": ""4dp"", ""{http://schemas.android.com/apk/res/android}paddingTop"": ""4dp"", ""{http://schemas.android.com/apk/res/android}selectAllOnFocus"": ""true"", ""{http://schemas.android.com/apk/res/android}textSize"": ""16sp""}, ""textSize"": {""raw"": ""16sp"", ""status"": ""literal"", ""value"": ""16sp""}}","{""included_by"": [""gearshift/src/main/res/layout-sw600dp-w720dp/activity_transmission_session.xml"", ""gearshift/src/main/res/layout/activity_transmission_session.xml""], ""is_merge_layout"": false, ""root_tag"": ""CardView"", ""selector_ancestors"": [""CardView[1]"", ""LinearLayout[1]"", ""TableLayout[1]"", ""TableRow[8]""]}",transmission_session_bandwidth,existing_local,natural_source_issue,007224d89bc79908b837d0ba2bb7b642f20f030af5b405611a88512e2658845b,pending,included,test,,formal_scan_162,xml_safe,false,error,high,true,false,${FDROID_ROOT}/selected_xml_apps/Gear-Shift,gearshift/src/main/res/layout/transmission_session_bandwidth.xml,5c01e0ad51896ab89957037fc0ca092fc884f4dabdd51c9f62c0ccaa698bf3b7,5c01e0ad51896ab89957037fc0ca092fc884f4dabdd51c9f62c0ccaa698bf3b7,129,EditText,passed,v2.0.0,,existing_v2_test
src-28435fae69ea5e480fe6,org.sugr.gearshift,Gear Shift,https://github.com/urandom/gearshift,git,5e0077087ba5fadae81973146692eee5b72e499c,gearshift,gearshift/src/main/res/layout/transmission_session_connections.xml,84,Spinner,@+id/transmission_session_encryption,stateful_dynamic_value,stateful_control_missing_label,error,high,medium,true,false,交互控件缺少可访问名称。请使用 text、contentDescription、hint 或把现有可见 TextView 通过 labelFor 与控件关联。,"{""entries"": ""@array/session_settings_encryption"", ""id"": ""@+id/transmission_session_encryption"", ""layout_height"": ""wrap_content"", ""layout_width"": ""wrap_content""}","{""entries"": {""raw"": ""@array/session_settings_encryption"", ""status"": ""unsupported"", ""value"": ""@array/session_settings_encryption""}, ""id"": {""raw"": ""@+id/transmission_session_encryption"", ""status"": ""resolved"", ""value"": [""gearshift/src/main/res/layout/transmission_session_connections.xml""]}, ""layout_height"": {""raw"": ""wrap_content"", ""status"": ""literal"", ""value"": ""wrap_content""}, ""layout_width"": {""raw"": ""wrap_content"", ""status"": ""literal"", ""value"": ""wrap_content""}}","{""included_by"": [""gearshift/src/main/res/layout-sw600dp-w720dp/activity_transmission_session.xml"", ""gearshift/src/main/res/layout/activity_transmission_session.xml""], ""is_merge_layout"": false, ""root_tag"": ""CardView"", ""selector_ancestors"": [""CardView[1]"", ""LinearLayout[1]"", ""TableLayout[1]"", ""TableRow[3]""]}",transmission_session_connections,existing_local,natural_source_issue,fdae2c76c67c008ac1d67ffc684f32a3062cb8d997e1c72d3de6697abe4b21e1,pending,included,test,,formal_scan_162,xml_safe,false,error,high,true,false,${FDROID_ROOT}/selected_xml_apps/Gear-Shift,gearshift/src/main/res/layout/transmission_session_connections.xml,7d816df014d7a3f36da2ebfd52faa7e30f157754cfea92aa127d5f12dd260849,7d816df014d7a3f36da2ebfd52faa7e30f157754cfea92aa127d5f12dd260849,84,SelectionControl,passed,v2.0.0,,existing_v2_test
src-6f73c3e24a552437ec4c,biz.binarysolutions.mindfulnessmeditation,Mindfulness Meditation,https://github.com/vbresan/MindfulnessMeditation,git,e90ad6f65b575a757ab913e415e8752678855216,app,app/src/main/res/layout/list_item_downloadable.xml,11,CheckBox,@+id/checkboxSelected,focus_accessibility_tree,interactive_control_not_focusable,error,high,hard,true,false,"已启用的标准交互控件显式设置了 focusable=""false""，会阻止键盘或方向键焦点访问。","{""focusable"": ""false"", ""id"": ""@+id/checkboxSelected"", ""layout_height"": ""wrap_content"", ""layout_width"": ""wrap_content""}","{""focusable"": {""raw"": ""false"", ""status"": ""literal"", ""value"": ""false""}, ""id"": {""raw"": ""@+id/checkboxSelected"", ""status"": ""resolved"", ""value"": [""app/src/main/res/layout/list_item_downloadable.xml""]}, ""layout_height"": {""raw"": ""wrap_content"", ""status"": ""literal"", ""value"": ""wrap_content""}, ""layout_width"": {""raw"": ""wrap_content"", ""status"": ""literal"", ""value"": ""wrap_content""}}","{""included_by"": [], ""is_merge_layout"": false, ""root_tag"": ""LinearLayout"", ""selector_ancestors"": [""LinearLayout[1]""]}",list_item_downloadable,existing_local,natural_source_issue,215bd1460f6db25aa362658fade2b948d063d5720f36d87748beb6971f4ef264,pending,included,test,,formal_scan_162,xml_safe,false,error,high,true,false,${FDROID_ROOT}/selected_xml_apps/Mindfulness-Meditation,app/src/main/res/layout/list_item_downloadable.xml,66db763cb9409137b521208c0a53430ae627ea58cf3a3d76a68e8e1b7ced7bd3,66db763cb9409137b521208c0a53430ae627ea58cf3a3d76a68e8e1b7ced7bd3,11,SelectionControl,passed,v2.0.0,,existing_v2_test
src-09818963a65a75c517f4,com.github.yeriomin.dumbphoneassistant,Dumbphone Assistant,https://github.com/yeriomin/DumbphoneAssistant,git,0d9bcfe8f2d39c7bed3e00f537a93ace2f37e0a1,app,app/src/main/res/layout/list_item_phone.xml,22,ImageButton,@+id/button_to_sim,focus_accessibility_tree,interactive_control_not_focusable,error,high,hard,true,false,"已启用的标准交互控件显式设置了 focusable=""false""，会阻止键盘或方向键焦点访问。","{""clickable"": ""true"", ""contentDescription"": ""@string/content_description_button_to_sim"", ""focusable"": ""false"", ""id"": ""@+id/button_to_sim"", ""layout_alignParentEnd"": ""true"", ""layout_alignParentRight"": ""true"", ""layout_alignParentTop"": ""true"", ""layout_height"": ""@dimen/ImageButtonDim"", ""layout_width"": ""@dimen/ImageButtonDim"", ""src"": ""@drawable/ic_arrow_right""}","{""clickable"": {""raw"": ""true"", ""status"": ""literal"", ""value"": ""true""}, ""contentDescription"": {""raw"": ""@string/content_description_button_to_sim"", ""status"": ""resolved"", ""value"": ""Copy contact to SIM""}, ""focusable"": {""raw"": ""false"", ""status"": ""literal"", ""value"": ""false""}, ""id"": {""raw"": ""@+id/button_to_sim"", ""status"": ""resolved"", ""value"": [""app/src/main/res/layout/list_item_phone.xml""]}, ""layout_alignParentEnd"": {""raw"": ""true"", ""status"": ""literal"", ""value"": ""true""}, ""layout_alignParentRight"": {""raw"": ""true"", ""status"": ""literal"", ""value"": ""true""}, ""layout_alignParentTop"": {""raw"": ""true"", ""status"": ""literal"", ""value"": ""true""}, ""layout_height"": {""raw"": ""@dimen/ImageButtonDim"", ""status"": ""resolved"", ""value"": 64.0}, ""layout_width"": {""raw"": ""@dimen/ImageButtonDim"", ""status"": ""resolved"", ""value"": 64.0}, ""src"": {""raw"": ""@drawable/ic_arrow_right"", ""status"": ""unsupported"", ""value"": ""@drawable/ic_arrow_right""}}","{""included_by"": [], ""is_merge_layout"": false, ""root_tag"": ""RelativeLayout"", ""selector_ancestors"": [""RelativeLayout[1]""]}",list_item_phone,existing_local,natural_source_issue,b5acced3ce59fdbc91604b742cb76781640c3b3772b9068607f04798d170248e,pending,included,test,,formal_scan_162,xml_safe,false,error,high,true,false,${FDROID_ROOT}/selected_xml_apps/Dumbphone-Assistant,app/src/main/res/layout/list_item_phone.xml,682b471969d3603132ab85eddf36a73ae31ce9837e1b65029ecb2f16358d6548,682b471969d3603132ab85eddf36a73ae31ce9837e1b65029ecb2f16358d6548,22,ImageButton,passed,v2.0.0,,existing_v2_test
src-51dd0a5d52cd5f535116,com.github.yeriomin.dumbphoneassistant,Dumbphone Assistant,https://github.com/yeriomin/DumbphoneAssistant,git,0d9bcfe8f2d39c7bed3e00f537a93ace2f37e0a1,app,app/src/main/res/layout/list_item_sim.xml,30,ImageButton,@+id/button_delete,focus_accessibility_tree,interactive_control_not_focusable,error,high,hard,true,false,"已启用的标准交互控件显式设置了 focusable=""false""，会阻止键盘或方向键焦点访问。","{""clickable"": ""true"", ""contentDescription"": ""@string/content_description_button_delete"", ""focusable"": ""false"", ""id"": ""@+id/button_delete"", ""layout_alignParentEnd"": ""true"", ""layout_alignParentRight"": ""true"", ""layout_alignParentTop"": ""true"", ""layout_height"": ""@dimen/ImageButtonDim"", ""layout_width"": ""@dimen/ImageButtonDim"", ""src"": ""@android:drawable/ic_menu_delete""}","{""clickable"": {""raw"": ""true"", ""status"": ""literal"", ""value"": ""true""}, ""contentDescription"": {""raw"": ""@string/content_description_button_delete"", ""status"": ""resolved"", ""value"": ""Delete contact from SIM""}, ""focusable"": {""raw"": ""false"", ""status"": ""literal"", ""value"": ""false""}, ""id"": {""raw"": ""@+id/button_delete"", ""status"": ""resolved"", ""value"": [""app/src/main/res/layout/list_item_sim.xml""]}, ""layout_alignParentEnd"": {""raw"": ""true"", ""status"": ""literal"", ""value"": ""true""}, ""layout_alignParentRight"": {""raw"": ""true"", ""status"": ""literal"", ""value"": ""true""}, ""layout_alignParentTop"": {""raw"": ""true"", ""status"": ""literal"", ""value"": ""true""}, ""layout_height"": {""raw"": ""@dimen/ImageButtonDim"", ""status"": ""resolved"", ""value"": 64.0}, ""layout_width"": {""raw"": ""@dimen/ImageButtonDim"", ""status"": ""resolved"", ""value"": 64.0}, ""src"": {""raw"": ""@android:drawable/ic_menu_delete"", ""status"": ""literal"", ""value"": ""@android:drawable/ic_menu_delete""}}","{""included_by"": [], ""is_merge_layout"": false, ""root_tag"": ""RelativeLayout"", ""selector_ancestors"": [""RelativeLayout[1]""]}",list_item_sim,existing_local,natural_source_issue,39647461512aa5a44b54f4a4242ccbe3d1e5e7a9584cbea4b59d3f637b674ae3,pending,included,test,,formal_scan_162,xml_safe,false,error,high,true,false,${FDROID_ROOT}/selected_xml_apps/Dumbphone-Assistant,app/src/main/res/layout/list_item_sim.xml,b03c12343ba5bc4f4e6667cb2bbbd38a506ffa8bdf5d678d2cdd093ee7885720,b03c12343ba5bc4f4e6667cb2bbbd38a506ffa8bdf5d678d2cdd093ee7885720,30,ImageButton,passed,v2.0.0,,existing_v2_test
src-6447fbc68cd1f6a6b3e5,app.crescentcash.src,Crescent,https://gitlab.com/pokkst/crescentcash.git,git,f67dd1d01e39f48766d833663580c19221aa158c,app,app/src/main/res/layout/advanced_settings.xml,164,Switch,@+id/addOpReturnSwitch,stateful_dynamic_value,stateful_control_missing_label,error,high,medium,true,false,交互控件缺少可访问名称。请使用 text、contentDescription、hint 或把现有可见 TextView 通过 labelFor 与控件关联。,"{""checked"": ""false"", ""id"": ""@+id/addOpReturnSwitch"", ""layout_gravity"": ""center"", ""layout_height"": ""wrap_content"", ""layout_weight"": ""1"", ""layout_width"": ""match_parent""}","{""checked"": {""raw"": ""false"", ""status"": ""literal"", ""value"": ""false""}, ""id"": {""raw"": ""@+id/addOpReturnSwitch"", ""status"": ""resolved"", ""value"": [""app/src/main/res/layout/advanced_settings.xml""]}, ""layout_gravity"": {""raw"": ""center"", ""status"": ""literal"", ""value"": ""center""}, ""layout_height"": {""raw"": ""wrap_content"", ""status"": ""literal"", ""value"": ""wrap_content""}, ""layout_weight"": {""raw"": ""1"", ""status"": ""literal"", ""value"": ""1""}, ""layout_width"": {""raw"": ""match_parent"", ""status"": ""literal"", ""value"": ""match_parent""}}","{""included_by"": [], ""is_merge_layout"": false, ""root_tag"": ""FrameLayout"", ""selector_ancestors"": [""FrameLayout[1]"", ""LinearLayout[1]"", ""ScrollView[1]"", ""LinearLayout[1]"", ""LinearLayout[1]""]}",advanced_settings,existing_local,natural_source_issue,f1d848e85bebfbc487dbc5322e7287b4cf55eaa465b70fd31762cdd6ea6d17fa,pending,included,test,,formal_scan_162,xml_safe,false,error,high,true,false,${FDROID_ROOT}/selected_xml_apps/Crescent,app/src/main/res/layout/advanced_settings.xml,191ac9ea356fd9b5254ecc0fda9fb00374a9651fb4d4e4841fe43483cc5a055b,191ac9ea356fd9b5254ecc0fda9fb00374a9651fb4d4e4841fe43483cc5a055b,164,SelectionControl,passed,v2.0.0,,existing_v2_test
src-a72f23fd21956f4735db,app.crescentcash.src,Crescent,https://gitlab.com/pokkst/crescentcash.git,git,f67dd1d01e39f48766d833663580c19221aa158c,app,app/src/main/res/layout/advanced_settings.xml,194,Switch,@+id/allowLegacyP2SHSwitch,stateful_dynamic_value,stateful_control_missing_label,error,high,medium,true,false,交互控件缺少可访问名称。请使用 text、contentDescription、hint 或把现有可见 TextView 通过 labelFor 与控件关联。,"{""checked"": ""false"", ""id"": ""@+id/allowLegacyP2SHSwitch"", ""layout_gravity"": ""center"", ""layout_height"": ""wrap_content"", ""layout_weight"": ""2"", ""layout_width"": ""match_parent""}","{""checked"": {""raw"": ""false"", ""status"": ""literal"", ""value"": ""false""}, ""id"": {""raw"": ""@+id/allowLegacyP2SHSwitch"", ""status"": ""resolved"", ""value"": [""app/src/main/res/layout/advanced_settings.xml""]}, ""layout_gravity"": {""raw"": ""center"", ""status"": ""literal"", ""value"": ""center""}, ""layout_height"": {""raw"": ""wrap_content"", ""status"": ""literal"", ""value"": ""wrap_content""}, ""layout_weight"": {""raw"": ""2"", ""status"": ""literal"", ""value"": ""2""}, ""layout_width"": {""raw"": ""match_parent"", ""status"": ""literal"", ""value"": ""match_parent""}}","{""included_by"": [], ""is_merge_layout"": false, ""root_tag"": ""FrameLayout"", ""selector_ancestors"": [""FrameLayout[1]"", ""LinearLayout[1]"", ""ScrollView[1]"", ""LinearLayout[1]"", ""LinearLayout[2]""]}",advanced_settings,existing_local,natural_source_issue,f1d848e85bebfbc487dbc5322e7287b4cf55eaa465b70fd31762cdd6ea6d17fa,pending,included,test,,formal_scan_162,xml_safe,false,error,high,true,false,${FDROID_ROOT}/selected_xml_apps/Crescent,app/src/main/res/layout/advanced_settings.xml,191ac9ea356fd9b5254ecc0fda9fb00374a9651fb4d4e4841fe43483cc5a055b,191ac9ea356fd9b5254ecc0fda9fb00374a9651fb4d4e4841fe43483cc5a055b,194,SelectionControl,passed,v2.0.0,,existing_v2_test
src-46a638db57774b73e1d9,app.crescentcash.src,Crescent,https://gitlab.com/pokkst/crescentcash.git,git,f67dd1d01e39f48766d833663580c19221aa158c,app,app/src/main/res/layout/send.xml,33,Spinner,@+id/sendType,stateful_dynamic_value,stateful_control_missing_label,error,high,medium,true,false,交互控件缺少可访问名称。请使用 text、contentDescription、hint 或把现有可见 TextView 通过 labelFor 与控件关联。,"{""id"": ""@+id/sendType"", ""layout_gravity"": ""center"", ""layout_height"": ""wrap_content"", ""layout_marginTop"": ""5dp"", ""layout_weight"": ""2"", ""layout_width"": ""match_parent""}","{""id"": {""raw"": ""@+id/sendType"", ""status"": ""resolved"", ""value"": [""app/src/main/res/layout/send.xml""]}, ""layout_gravity"": {""raw"": ""center"", ""status"": ""literal"", ""value"": ""center""}, ""layout_height"": {""raw"": ""wrap_content"", ""status"": ""literal"", ""value"": ""wrap_content""}, ""layout_marginTop"": {""raw"": ""5dp"", ""status"": ""literal"", ""value"": ""5dp""}, ""layout_weight"": {""raw"": ""2"", ""status"": ""literal"", ""value"": ""2""}, ""layout_width"": {""raw"": ""match_parent"", ""status"": ""literal"", ""value"": ""match_parent""}}","{""included_by"": [], ""is_merge_layout"": false, ""root_tag"": ""FrameLayout"", ""selector_ancestors"": [""FrameLayout[1]"", ""LinearLayout[1]"", ""LinearLayout[1]""]}",send,existing_local,natural_source_issue,217d9236034ddd3e87461c2ecd1fa0125150c69a712dde9c052f42bbe12e98bb,pending,included,test,,formal_scan_162,xml_safe,false,error,high,true,false,${FDROID_ROOT}/selected_xml_apps/Crescent,app/src/main/res/layout/send.xml,b5dd97141eabac20d96d3869fcc7613fd499d4b41394e1f0bffd7fdbcb5b56a3,b5dd97141eabac20d96d3869fcc7613fd499d4b41394e1f0bffd7fdbcb5b56a3,33,SelectionControl,passed,v2.0.0,,existing_v2_test
src-3635028749703dfa5ea6,app.crescentcash.src,Crescent,https://gitlab.com/pokkst/crescentcash.git,git,f67dd1d01e39f48766d833663580c19221aa158c,app,app/src/main/res/layout/send.xml,198,EditText,@+id/opReturnText,input_label_hint,input_missing_label_and_hint,error,high,medium,true,false,输入框缺少稳定标签或 hint。请添加 android:hint，或使用 TextView android:labelFor 关联标签。,"{""background"": ""@drawable/circle_button"", ""backgroundTint"": ""?attr/textboxOnWhite"", ""id"": ""@+id/opReturnText"", ""layout_height"": ""50sp"", ""layout_weight"": ""1"", ""layout_width"": ""match_parent"", ""maxLength"": ""150"", ""paddingEnd"": ""20dp"", ""paddingStart"": ""20dp"", ""singleLine"": ""true"", ""textColor"": ""?attr/textColor"", ""textColorHint"": ""?attr/textHintOnWhite"", ""textCursorDrawable"": ""@null"", ""textSize"": ""14sp""}","{""background"": {""raw"": ""@drawable/circle_button"", ""status"": ""unsupported"", ""value"": ""@drawable/circle_button""}, ""backgroundTint"": {""raw"": ""?attr/textboxOnWhite"", ""status"": ""literal"", ""value"": ""?attr/textboxOnWhite""}, ""id"": {""raw"": ""@+id/opReturnText"", ""status"": ""resolved"", ""value"": [""app/src/main/res/layout/send.xml""]}, ""layout_height"": {""raw"": ""50sp"", ""status"": ""literal"", ""value"": ""50sp""}, ""layout_weight"": {""raw"": ""1"", ""status"": ""literal"", ""value"": ""1""}, ""layout_width"": {""raw"": ""match_parent"", ""status"": ""literal"", ""value"": ""match_parent""}, ""maxLength"": {""raw"": ""150"", ""status"": ""literal"", ""value"": ""150""}, ""paddingEnd"": {""raw"": ""20dp"", ""status"": ""literal"", ""value"": ""20dp""}, ""paddingStart"": {""raw"": ""20dp"", ""status"": ""literal"", ""value"": ""20dp""}, ""singleLine"": {""raw"": ""true"", ""status"": ""literal"", ""value"": ""true""}, ""textColor"": {""raw"": ""?attr/textColor"", ""status"": ""literal"", ""value"": ""?attr/textColor""}, ""textColorHint"": {""raw"": ""?attr/textHintOnWhite"", ""status"": ""literal"", ""value"": ""?attr/textHintOnWhite""}, ""textCursorDrawable"": {""raw"": ""@null"", ""status"": ""literal"", ""value"": ""@null""}, ""textSize"": {""raw"": ""14sp"", ""status"": ""literal"", ""value"": ""14sp""}}","{""included_by"": [], ""is_merge_layout"": false, ""root_tag"": ""FrameLayout"", ""selector_ancestors"": [""FrameLayout[1]"", ""LinearLayout[1]"", ""ScrollView[1]"", ""LinearLayout[1]"", ""LinearLayout[1]"", ""LinearLayout[3]""]}",send,existing_local,natural_source_issue,217d9236034ddd3e87461c2ecd1fa0125150c69a712dde9c052f42bbe12e98bb,pending,included,test,,formal_scan_162,xml_safe,false,error,high,true,false,${FDROID_ROOT}/selected_xml_apps/Crescent,app/src/main/res/layout/send.xml,b5dd97141eabac20d96d3869fcc7613fd499d4b41394e1f0bffd7fdbcb5b56a3,b5dd97141eabac20d96d3869fcc7613fd499d4b41394e1f0bffd7fdbcb5b56a3,198,EditText,passed,v2.0.0,,existing_v2_test
src-a4361c3c309d71d4ace0,app.crescentcash.src,Crescent,https://gitlab.com/pokkst/crescentcash.git,git,f67dd1d01e39f48766d833663580c19221aa158c,app,app/src/main/res/layout/send_slp.xml,33,Spinner,@+id/sendTypeSlp,stateful_dynamic_value,stateful_control_missing_label,error,high,medium,true,false,交互控件缺少可访问名称。请使用 text、contentDescription、hint 或把现有可见 TextView 通过 labelFor 与控件关联。,"{""id"": ""@+id/sendTypeSlp"", ""layout_gravity"": ""center"", ""layout_height"": ""wrap_content"", ""layout_marginTop"": ""5dp"", ""layout_weight"": ""2"", ""layout_width"": ""match_parent""}","{""id"": {""raw"": ""@+id/sendTypeSlp"", ""status"": ""resolved"", ""value"": [""app/src/main/res/layout/send_slp.xml""]}, ""layout_gravity"": {""raw"": ""center"", ""status"": ""literal"", ""value"": ""center""}, ""layout_height"": {""raw"": ""wrap_content"", ""status"": ""literal"", ""value"": ""wrap_content""}, ""layout_marginTop"": {""raw"": ""5dp"", ""status"": ""literal"", ""value"": ""5dp""}, ""layout_weight"": {""raw"": ""2"", ""status"": ""literal"", ""value"": ""2""}, ""layout_width"": {""raw"": ""match_parent"", ""status"": ""literal"", ""value"": ""match_parent""}}","{""included_by"": [], ""is_merge_layout"": false, ""root_tag"": ""FrameLayout"", ""selector_ancestors"": [""FrameLayout[1]"", ""LinearLayout[1]"", ""LinearLayout[1]""]}",send_slp,existing_local,natural_source_issue,2dbe11a1983e686b8ba7222b6372247aade97165f3efe7ee9be80e0b9528b613,pending,included,test,,formal_scan_162,xml_safe,false,error,high,true,false,${FDROID_ROOT}/selected_xml_apps/Crescent,app/src/main/res/layout/send_slp.xml,391ae2bdd8b51f55d81f3bc375423bcee81f48985aaed9949f43b7e8c23d77b8,391ae2bdd8b51f55d81f3bc375423bcee81f48985aaed9949f43b7e8c23d77b8,33,SelectionControl,passed,v2.0.0,,existing_v2_test
src-89ddeb6e1dcee1f34e69,com.blogspot.e_kanivets.moneytracker,Money Tracker,https://github.com/xorum-io/open_money_tracker,git,0bd1332b5d0743f3fffe1452bc97b079f7f6e2ea,app,app/src/main/res/layout/activity_add_record.xml,103,AppCompatSpinner,@+id/spinnerAccount,stateful_dynamic_value,stateful_control_missing_label,error,high,medium,true,false,交互控件缺少可访问名称。请使用 text、contentDescription、hint 或把现有可见 TextView 通过 labelFor 与控件关联。,"{""id"": ""@+id/spinnerAccount"", ""layout_height"": ""@dimen/spinner_height"", ""layout_width"": ""match_parent"", ""listitem"": ""@layout/view_spinner_item""}","{""id"": {""raw"": ""@+id/spinnerAccount"", ""status"": ""resolved"", ""value"": [""app/src/main/res/layout/activity_add_record.xml""]}, ""layout_height"": {""raw"": ""@dimen/spinner_height"", ""status"": ""resolved"", ""value"": 40.0}, ""layout_width"": {""raw"": ""match_parent"", ""status"": ""literal"", ""value"": ""match_parent""}, ""listitem"": {""raw"": ""@layout/view_spinner_item"", ""status"": ""resolved"", ""value"": [""app/src/main/res/layout/view_spinner_item.xml""]}}","{""included_by"": [], ""is_merge_layout"": false, ""root_tag"": ""CoordinatorLayout"", ""selector_ancestors"": [""CoordinatorLayout[1]"", ""LinearLayout[1]"", ""LinearLayout[1]"", ""LinearLayout[3]""]}",activity_add_record,existing_local,natural_source_issue,f9eb93592facf32e40e62a498d4429689fe01862bccdfcf4e070eae1c76dea2d,pending,included,external_test,,formal_scan_162,xml_safe,false,error,high,true,false,${FDROID_ROOT}/selected_xml_apps/Money-Tracker,app/src/main/res/layout/activity_add_record.xml,d3c6f0bc68777927396828512e58de98c9bb68fed8d9f39ae4a2e6ef2a59fa86,d3c6f0bc68777927396828512e58de98c9bb68fed8d9f39ae4a2e6ef2a59fa86,103,SelectionControl,passed,v2.1-external-extension,,external_extension
src-4eb1e92e81f006faf885,com.blogspot.e_kanivets.moneytracker,Money Tracker,https://github.com/xorum-io/open_money_tracker,git,0bd1332b5d0743f3fffe1452bc97b079f7f6e2ea,app,app/src/main/res/layout/activity_add_exchange_rate.xml,47,AppCompatSpinner,@+id/spinner_from_currency,stateful_dynamic_value,stateful_control_missing_label,error,high,medium,true,false,交互控件缺少可访问名称。请使用 text、contentDescription、hint 或把现有可见 TextView 通过 labelFor 与控件关联。,"{""id"": ""@+id/spinner_from_currency"", ""layout_height"": ""@dimen/spinner_height"", ""layout_width"": ""match_parent"", ""listitem"": ""@layout/view_spinner_item""}","{""id"": {""raw"": ""@+id/spinner_from_currency"", ""status"": ""resolved"", ""value"": [""app/src/main/res/layout/activity_add_exchange_rate.xml""]}, ""layout_height"": {""raw"": ""@dimen/spinner_height"", ""status"": ""resolved"", ""value"": 40.0}, ""layout_width"": {""raw"": ""match_parent"", ""status"": ""literal"", ""value"": ""match_parent""}, ""listitem"": {""raw"": ""@layout/view_spinner_item"", ""status"": ""resolved"", ""value"": [""app/src/main/res/layout/view_spinner_item.xml""]}}","{""included_by"": [], ""is_merge_layout"": false, ""root_tag"": ""CoordinatorLayout"", ""selector_ancestors"": [""CoordinatorLayout[1]"", ""LinearLayout[1]"", ""LinearLayout[1]""]}",activity_add_exchange_rate,existing_local,natural_source_issue,16c99ad9faf4ecc94407ddce0d9779c242e08e240ce2865a720299d759cfdf12,pending,included,external_test,,formal_scan_162,xml_safe,false,error,high,true,false,${FDROID_ROOT}/selected_xml_apps/Money-Tracker,app/src/main/res/layout/activity_add_exchange_rate.xml,666d70fb012e1b263f04e4fa0632dea16031ad9a3db174dd5d62c0a5f0241d7c,666d70fb012e1b263f04e4fa0632dea16031ad9a3db174dd5d62c0a5f0241d7c,47,SelectionControl,passed,v2.1-external-extension,,external_extension
src-9fc9ea4b465c64070dc8,com.blogspot.e_kanivets.moneytracker,Money Tracker,https://github.com/xorum-io/open_money_tracker,git,0bd1332b5d0743f3fffe1452bc97b079f7f6e2ea,app,app/src/main/res/layout/activity_import_export.xml,32,EditText,@+id/et_import_data,input_label_hint,input_missing_label_and_hint,error,high,medium,true,false,输入框缺少稳定标签或 hint。请添加 android:hint，或使用 TextView android:labelFor 关联标签。,"{""gravity"": ""top"", ""id"": ""@+id/et_import_data"", ""layout_gravity"": ""center_horizontal|top"", ""layout_height"": ""0dp"", ""layout_marginBottom"": ""@dimen/activity_vertical_margin"", ""layout_marginLeft"": ""@dimen/activity_horizontal_margin"", ""layout_marginRight"": ""@dimen/activity_horizontal_margin"", ""layout_marginTop"": ""@dimen/activity_vertical_margin"", ""layout_weight"": ""1"", ""layout_width"": ""match_parent"", ""textSize"": ""12sp""}","{""gravity"": {""raw"": ""top"", ""status"": ""literal"", ""value"": ""top""}, ""id"": {""raw"": ""@+id/et_import_data"", ""status"": ""resolved"", ""value"": [""app/src/main/res/layout/activity_import_export.xml""]}, ""layout_gravity"": {""raw"": ""center_horizontal|top"", ""status"": ""literal"", ""value"": ""center_horizontal|top""}, ""layout_height"": {""raw"": ""0dp"", ""status"": ""literal"", ""value"": ""0dp""}, ""layout_marginBottom"": {""raw"": ""@dimen/activity_vertical_margin"", ""status"": ""resolved"", ""value"": 16.0}, ""layout_marginLeft"": {""raw"": ""@dimen/activity_horizontal_margin"", ""status"": ""resolved"", ""value"": 16.0}, ""layout_marginRight"": {""raw"": ""@dimen/activity_horizontal_margin"", ""status"": ""resolved"", ""value"": 16.0}, ""layout_marginTop"": {""raw"": ""@dimen/activity_vertical_margin"", ""status"": ""resolved"", ""value"": 16.0}, ""layout_weight"": {""raw"": ""1"", ""status"": ""literal"", ""value"": ""1""}, ""layout_width"": {""raw"": ""match_parent"", ""status"": ""literal"", ""value"": ""match_parent""}, ""textSize"": {""raw"": ""12sp"", ""status"": ""literal"", ""value"": ""12sp""}}","{""included_by"": [], ""is_merge_layout"": false, ""root_tag"": ""CoordinatorLayout"", ""selector_ancestors"": [""CoordinatorLayout[1]"", ""LinearLayout[1]""]}",activity_import_export,existing_local,natural_source_issue,f9ee86e3b9863d45172dfe6f121a029c978cc4c1716ea96f555ddb89961d9cca,pending,included,external_test,,formal_scan_162,xml_safe,false,error,high,true,false,${FDROID_ROOT}/selected_xml_apps/Money-Tracker,app/src/main/res/layout/activity_import_export.xml,0fbc35da2dbeaa185fac310962492995bb3c67ade529f2adaf36cda99725d90c,0fbc35da2dbeaa185fac310962492995bb3c67ade529f2adaf36cda99725d90c,32,EditText,passed,v2.1-external-extension,,external_extension
src-07f958ac3899bbfae7fe,com.blogspot.e_kanivets.moneytracker,Money Tracker,https://github.com/xorum-io/open_money_tracker,git,0bd1332b5d0743f3fffe1452bc97b079f7f6e2ea,app,app/src/main/res/layout/activity_add_record.xml,25,FloatingActionButton,@+id/fabDone,accessible_name_missing,button_missing_name,error,high,easy,true,false,交互控件缺少可访问名称。请使用 text、contentDescription、hint 或把现有可见 TextView 通过 labelFor 与控件关联。,"{""id"": ""@+id/fabDone"", ""layout_gravity"": ""bottom|end"", ""layout_height"": ""wrap_content"", ""layout_margin"": ""@dimen/normal_margin"", ""layout_width"": ""wrap_content"", ""src"": ""@drawable/ic_done""}","{""id"": {""raw"": ""@+id/fabDone"", ""status"": ""resolved"", ""value"": [""app/src/main/res/layout/activity_add_record.xml"", ""app/src/main/res/layout/activity_edit_account.xml""]}, ""layout_gravity"": {""raw"": ""bottom|end"", ""status"": ""literal"", ""value"": ""bottom|end""}, ""layout_height"": {""raw"": ""wrap_content"", ""status"": ""literal"", ""value"": ""wrap_content""}, ""layout_margin"": {""raw"": ""@dimen/normal_margin"", ""status"": ""resolved"", ""value"": 16.0}, ""layout_width"": {""raw"": ""wrap_content"", ""status"": ""literal"", ""value"": ""wrap_content""}, ""src"": {""raw"": ""@drawable/ic_done"", ""status"": ""unsupported"", ""value"": ""@drawable/ic_done""}}","{""included_by"": [], ""is_merge_layout"": false, ""root_tag"": ""CoordinatorLayout"", ""selector_ancestors"": [""CoordinatorLayout[1]""]}",activity_add_record,existing_local,natural_source_issue,f9eb93592facf32e40e62a498d4429689fe01862bccdfcf4e070eae1c76dea2d,pending,included,external_test,,formal_scan_162,xml_safe,false,error,high,true,false,${FDROID_ROOT}/selected_xml_apps/Money-Tracker,app/src/main/res/layout/activity_add_record.xml,d3c6f0bc68777927396828512e58de98c9bb68fed8d9f39ae4a2e6ef2a59fa86,d3c6f0bc68777927396828512e58de98c9bb68fed8d9f39ae4a2e6ef2a59fa86,25,Button,passed,v2.1-external-extension,,external_extension
src-16e6ddf45f2eaa7cc34e,de.eidottermihi.raspicheck,RasPi Check,https://github.com/eidottermihi/rpicheck,git,28b5e65aa8ab4f19627ebd65d3eda4a27cd85991,app,app/src/main/res/layout/activity_raspi_new_auth.xml,56,Spinner,@+id/spinnerAuthMethod,stateful_dynamic_value,stateful_control_missing_label,error,high,medium,true,false,交互控件缺少可访问名称。请使用 text、contentDescription、hint 或把现有可见 TextView 通过 labelFor 与控件关联。,"{""id"": ""@+id/spinnerAuthMethod"", ""layout_alignParentLeft"": ""true"", ""layout_below"": ""@+id/textAuthMethod"", ""layout_height"": ""wrap_content"", ""layout_width"": ""match_parent""}","{""id"": {""raw"": ""@+id/spinnerAuthMethod"", ""status"": ""resolved"", ""value"": [""app/src/main/res/layout/activity_raspi_edit.xml"", ""app/src/main/res/layout/activity_raspi_new_auth.xml""]}, ""layout_alignParentLeft"": {""raw"": ""true"", ""status"": ""literal"", ""value"": ""true""}, ""layout_below"": {""raw"": ""@+id/textAuthMethod"", ""status"": ""resolved"", ""value"": [""app/src/main/res/layout/activity_raspi_edit.xml"", ""app/src/main/res/layout/activity_raspi_new_auth.xml""]}, ""layout_height"": {""raw"": ""wrap_content"", ""status"": ""literal"", ""value"": ""wrap_content""}, ""layout_width"": {""raw"": ""match_parent"", ""status"": ""literal"", ""value"": ""match_parent""}}","{""included_by"": [], ""is_merge_layout"": false, ""root_tag"": ""ScrollView"", ""selector_ancestors"": [""ScrollView[1]"", ""LinearLayout[1]"", ""RelativeLayout[1]""]}",activity_raspi_new_auth,existing_local,natural_source_issue,8338d19acc8fe7a5f9d4f2fc33f8bc5b3bcefe4a9eb92f2bc9d7c4db5623d259,pending,included,external_test,,formal_scan_162,xml_safe,false,error,high,true,false,${FDROID_ROOT}/selected_xml_apps/RasPi-Check,app/src/main/res/layout/activity_raspi_new_auth.xml,90b616d73309da43fbb0cb9a0ccff75fd87480231c2744601d0937e13f9468dc,90b616d73309da43fbb0cb9a0ccff75fd87480231c2744601d0937e13f9468dc,56,SelectionControl,passed,v2.1-external-extension,,external_extension
src-bf8f7c2f6e32a91edf50,de.eidottermihi.raspicheck,RasPi Check,https://github.com/eidottermihi/rpicheck,git,28b5e65aa8ab4f19627ebd65d3eda4a27cd85991,app,app/src/main/res/layout/activity_raspi_edit.xml,130,Spinner,@+id/spinnerAuthMethod,stateful_dynamic_value,stateful_control_missing_label,error,high,medium,true,false,交互控件缺少可访问名称。请使用 text、contentDescription、hint 或把现有可见 TextView 通过 labelFor 与控件关联。,"{""id"": ""@+id/spinnerAuthMethod"", ""layout_alignParentLeft"": ""true"", ""layout_below"": ""@+id/textAuthMethod"", ""layout_height"": ""wrap_content"", ""layout_width"": ""match_parent""}","{""id"": {""raw"": ""@+id/spinnerAuthMethod"", ""status"": ""resolved"", ""value"": [""app/src/main/res/layout/activity_raspi_edit.xml"", ""app/src/main/res/layout/activity_raspi_new_auth.xml""]}, ""layout_alignParentLeft"": {""raw"": ""true"", ""status"": ""literal"", ""value"": ""true""}, ""layout_below"": {""raw"": ""@+id/textAuthMethod"", ""status"": ""resolved"", ""value"": [""app/src/main/res/layout/activity_raspi_edit.xml"", ""app/src/main/res/layout/activity_raspi_new_auth.xml""]}, ""layout_height"": {""raw"": ""wrap_content"", ""status"": ""literal"", ""value"": ""wrap_content""}, ""layout_width"": {""raw"": ""match_parent"", ""status"": ""literal"", ""value"": ""match_parent""}}","{""included_by"": [], ""is_merge_layout"": false, ""root_tag"": ""ScrollView"", ""selector_ancestors"": [""ScrollView[1]"", ""LinearLayout[1]"", ""RelativeLayout[1]""]}",activity_raspi_edit,existing_local,natural_source_issue,9158cdf3e24ca65f1539f55f76239534b65fdc03d82883503d13b0f6cbbf0b58,pending,included,external_test,,formal_scan_162,xml_safe,false,error,high,true,false,${FDROID_ROOT}/selected_xml_apps/RasPi-Check,app/src/main/res/layout/activity_raspi_edit.xml,0c513f28bf123309777bc6d999ebb3a1fdebf9d9571bcec1e2b354b4da0bd6f1,0c513f28bf123309777bc6d999ebb3a1fdebf9d9571bcec1e2b354b4da0bd6f1,130,SelectionControl,passed,v2.1-external-extension,,external_extension
src-9ccae380f800356a6f9a,de.eidottermihi.raspicheck,RasPi Check,https://github.com/eidottermihi/rpicheck,git,28b5e65aa8ab4f19627ebd65d3eda4a27cd85991,app,app/src/main/res/layout/command_placeholder_row.xml,45,EditText,@+id/placeholderText,input_label_hint,input_missing_label_and_hint,error,high,medium,true,false,输入框缺少稳定标签或 hint。请添加 android:hint，或使用 TextView android:labelFor 关联标签。,"{""ems"": ""10"", ""id"": ""@+id/placeholderText"", ""layout_alignParentLeft"": ""true"", ""layout_alignParentRight"": ""true"", ""layout_below"": ""@+id/placeholderName"", ""layout_height"": ""wrap_content"", ""layout_width"": ""wrap_content""}","{""ems"": {""raw"": ""10"", ""status"": ""literal"", ""value"": ""10""}, ""id"": {""raw"": ""@+id/placeholderText"", ""status"": ""resolved"", ""value"": [""app/src/main/res/layout/command_placeholder_row.xml""]}, ""layout_alignParentLeft"": {""raw"": ""true"", ""status"": ""literal"", ""value"": ""true""}, ""layout_alignParentRight"": {""raw"": ""true"", ""status"": ""literal"", ""value"": ""true""}, ""layout_below"": {""raw"": ""@+id/placeholderName"", ""status"": ""resolved"", ""value"": [""app/src/main/res/layout/command_placeholder_row.xml""]}, ""layout_height"": {""raw"": ""wrap_content"", ""status"": ""literal"", ""value"": ""wrap_content""}, ""layout_width"": {""raw"": ""wrap_content"", ""status"": ""literal"", ""value"": ""wrap_content""}}","{""included_by"": [], ""is_merge_layout"": false, ""root_tag"": ""RelativeLayout"", ""selector_ancestors"": [""RelativeLayout[1]""]}",command_placeholder_row,existing_local,natural_source_issue,53ccbcada76da4dc06aa0ca2dc631b4553037f2e916201502cd1c74de8c0a33a,pending,included,external_test,,formal_scan_162,xml_safe,false,error,high,true,false,${FDROID_ROOT}/selected_xml_apps/RasPi-Check,app/src/main/res/layout/command_placeholder_row.xml,82ce747e0506bfb34e5a3d8458041ea181d4953f306df6bf34a27aa654dab17d,82ce747e0506bfb34e5a3d8458041ea181d4953f306df6bf34a27aa654dab17d,45,EditText,passed,v2.1-external-extension,,external_extension
src-08268676c1fbaac6650b,ru.henridellal.dialer,Emerald Dialer,https://github.com/HenriDellal/emerald-dialer.git,git,e21ad030af4369acb05529eb6432794b0a631f26,app,app/src/main/res/layout/main.xml,53,EditText,@+id/number_field,input_label_hint,input_missing_label_and_hint,error,high,medium,true,false,输入框缺少稳定标签或 hint。请添加 android:hint，或使用 TextView android:labelFor 关联标签。,"{""background"": ""@android:color/transparent"", ""gravity"": ""center"", ""id"": ""@+id/number_field"", ""inputType"": ""phone"", ""layout_height"": ""wrap_content"", ""layout_marginTop"": ""8dp"", ""layout_toLeftOf"": ""@id/btn_remove_number"", ""layout_toRightOf"": ""@id/btn_add_contact"", ""layout_width"": ""0dp"", ""textIsSelectable"": ""true"", ""textSize"": ""22sp"", ""textStyle"": ""bold""}","{""background"": {""raw"": ""@android:color/transparent"", ""status"": ""literal"", ""value"": ""@android:color/transparent""}, ""gravity"": {""raw"": ""center"", ""status"": ""literal"", ""value"": ""center""}, ""id"": {""raw"": ""@+id/number_field"", ""status"": ""resolved"", ""value"": [""app/src/main/res/layout/main.xml"", ""app/src/main/res/layout-land/main.xml""]}, ""inputType"": {""raw"": ""phone"", ""status"": ""literal"", ""value"": ""phone""}, ""layout_height"": {""raw"": ""wrap_content"", ""status"": ""literal"", ""value"": ""wrap_content""}, ""layout_marginTop"": {""raw"": ""8dp"", ""status"": ""literal"", ""value"": ""8dp""}, ""layout_toLeftOf"": {""raw"": ""@id/btn_remove_number"", ""status"": ""resolved"", ""value"": [""app/src/main/res/layout/main.xml"", ""app/src/main/res/layout-land/main.xml""]}, ""layout_toRightOf"": {""raw"": ""@id/btn_add_contact"", ""status"": ""resolved"", ""value"": [""app/src/main/res/layout/main.xml"", ""app/src/main/res/layout-land/main.xml""]}, ""layout_width"": {""raw"": ""0dp"", ""status"": ""literal"", ""value"": ""0dp""}, ""textIsSelectable"": {""raw"": ""true"", ""status"": ""literal"", ""value"": ""true""}, ""textSize"": {""raw"": ""22sp"", ""status"": ""literal"", ""value"": ""22sp""}, ""textStyle"": {""raw"": ""bold"", ""status"": ""literal"", ""value"": ""bold""}}","{""included_by"": [], ""is_merge_layout"": false, ""root_tag"": ""RelativeLayout"", ""selector_ancestors"": [""RelativeLayout[1]"", ""RelativeLayout[1]""]}",main,existing_local,natural_source_issue,ebd11dcb4d6c5eaf40d063b860aca21154068a0f00b69f05ec5ba0abf295f73a,pending,included,external_test,,formal_scan_162,xml_safe,false,error,high,true,false,${FDROID_ROOT}/selected_xml_apps/Emerald-Dialer,app/src/main/res/layout/main.xml,1059601df18c6b6933c58ee80290143e295a7b900a195d10ee22c7503fc225b5,1059601df18c6b6933c58ee80290143e295a7b900a195d10ee22c7503fc225b5,53,EditText,passed,v2.1-external-extension,,external_extension
src-71065606d1c41520cf58,ru.henridellal.dialer,Emerald Dialer,https://github.com/HenriDellal/emerald-dialer.git,git,e21ad030af4369acb05529eb6432794b0a631f26,app,app/src/main/res/layout/speed_dial_pref_dialog.xml,7,EditText,@+id/speed_dial_number_field,input_label_hint,input_missing_label_and_hint,error,high,medium,true,false,输入框缺少稳定标签或 hint。请添加 android:hint，或使用 TextView android:labelFor 关联标签。,"{""id"": ""@+id/speed_dial_number_field"", ""layout_height"": ""wrap_content"", ""layout_width"": ""match_parent""}","{""id"": {""raw"": ""@+id/speed_dial_number_field"", ""status"": ""resolved"", ""value"": [""app/src/main/res/layout/speed_dial_pref_dialog.xml""]}, ""layout_height"": {""raw"": ""wrap_content"", ""status"": ""literal"", ""value"": ""wrap_content""}, ""layout_width"": {""raw"": ""match_parent"", ""status"": ""literal"", ""value"": ""match_parent""}}","{""included_by"": [], ""is_merge_layout"": false, ""root_tag"": ""LinearLayout"", ""selector_ancestors"": [""LinearLayout[1]""]}",speed_dial_pref_dialog,existing_local,natural_source_issue,97e64729e69880a78e9f826483a7db67cdc4273c8df34c8efa0298017a1a9380,pending,included,external_test,,formal_scan_162,xml_safe,false,error,high,true,false,${FDROID_ROOT}/selected_xml_apps/Emerald-Dialer,app/src/main/res/layout/speed_dial_pref_dialog.xml,b428b734ecdf2593f5e716d3bf5a8e750f66c5b9a7058f209c9566514e06d230,b428b734ecdf2593f5e716d3bf5a8e750f66c5b9a7058f209c9566514e06d230,7,EditText,passed,v2.1-external-extension,,external_extension
src-aa8559f451da50b9cfab,ru.henridellal.dialer,Emerald Dialer,https://github.com/HenriDellal/emerald-dialer.git,git,e21ad030af4369acb05529eb6432794b0a631f26,app,app/src/main/res/layout/dialog_clean_number_log.xml,18,Spinner,@+id/spinner_from,stateful_dynamic_value,stateful_control_missing_label,error,high,medium,true,false,交互控件缺少可访问名称。请使用 text、contentDescription、hint 或把现有可见 TextView 通过 labelFor 与控件关联。,"{""id"": ""@+id/spinner_from"", ""layout_weight"": ""1"", ""layout_width"": ""0dp""}","{""id"": {""raw"": ""@+id/spinner_from"", ""status"": ""resolved"", ""value"": [""app/src/main/res/layout/dialog_clean_number_log.xml""]}, ""layout_weight"": {""raw"": ""1"", ""status"": ""literal"", ""value"": ""1""}, ""layout_width"": {""raw"": ""0dp"", ""status"": ""literal"", ""value"": ""0dp""}}","{""included_by"": [], ""is_merge_layout"": false, ""root_tag"": ""TableLayout"", ""selector_ancestors"": [""TableLayout[1]"", ""TableRow[1]""]}",dialog_clean_number_log,existing_local,natural_source_issue,2e878a09c6ff8df4a0d74702fa44faf14867820d51ca1a81aea711cc42bf9bf4,pending,included,external_test,,formal_scan_162,xml_safe,false,error,high,true,false,${FDROID_ROOT}/selected_xml_apps/Emerald-Dialer,app/src/main/res/layout/dialog_clean_number_log.xml,aeaf254fe03fd4b8cffad42e8c76362958c741896eae83eea100d12ec8fe5e4b,aeaf254fe03fd4b8cffad42e8c76362958c741896eae83eea100d12ec8fe5e4b,18,SelectionControl,passed,v2.1-external-extension,,external_extension
src-5e13e7e77096c77a3121,sun.bob.leela,Puff,https://github.com/PuffOpenSource/Puff-Android.git,git,6b66bcf531e726107e08e89bd9d459c4837ef3b2,app,app/src/main/res/layout/fragment_step_intro.xml,25,AppCompatEditText,@+id/password_length,input_label_hint,weak_input_label_or_hint,error,high,hard,true,false,输入框的可访问名称 '8' 过于泛化或只是格式示例；XML 中存在可识别字段用途的稳定证据：'@+id/password_length number'。,"{""gravity"": ""center"", ""id"": ""@+id/password_length"", ""inputType"": ""number"", ""layout_gravity"": ""center_horizontal"", ""layout_height"": ""60dp"", ""layout_width"": ""100dp"", ""text"": ""8""}","{""gravity"": {""raw"": ""center"", ""status"": ""literal"", ""value"": ""center""}, ""id"": {""raw"": ""@+id/password_length"", ""status"": ""resolved"", ""value"": [""app/src/main/res/layout/fragment_step_intro.xml""]}, ""inputType"": {""raw"": ""number"", ""status"": ""literal"", ""value"": ""number""}, ""layout_gravity"": {""raw"": ""center_horizontal"", ""status"": ""literal"", ""value"": ""center_horizontal""}, ""layout_height"": {""raw"": ""60dp"", ""status"": ""literal"", ""value"": ""60dp""}, ""layout_width"": {""raw"": ""100dp"", ""status"": ""literal"", ""value"": ""100dp""}, ""text"": {""raw"": ""8"", ""status"": ""literal"", ""value"": ""8""}}","{""included_by"": [], ""is_merge_layout"": false, ""root_tag"": ""LinearLayout"", ""selector_ancestors"": [""LinearLayout[1]""]}",fragment_step_intro,existing_local,natural_source_issue,ca835890db1e6edcbe325efbab8a905e94efd0db1eea19b3fc6ab889138052ff,pending,included,external_test,,formal_scan_162,xml_safe,false,error,high,true,false,${FDROID_ROOT}/selected_xml_apps/Puff,app/src/main/res/layout/fragment_step_intro.xml,c5d1cc3859dc27a9f1cd249b0a78fedb9d812c77e087a00b6030fd4b2be570d9,c5d1cc3859dc27a9f1cd249b0a78fedb9d812c77e087a00b6030fd4b2be570d9,25,EditText,passed,v2.1-external-extension,,external_extension
src-154466109b40f1ce1302,sun.bob.leela,Puff,https://github.com/PuffOpenSource/Puff-Android.git,git,6b66bcf531e726107e08e89bd9d459c4837ef3b2,app,app/src/main/res/layout/activity_add_type_dialog.xml,32,AppCompatSpinner,@+id/spinner_category,stateful_dynamic_value,stateful_control_missing_label,error,high,medium,true,false,交互控件缺少可访问名称。请使用 text、contentDescription、hint 或把现有可见 TextView 通过 labelFor 与控件关联。,"{""id"": ""@+id/spinner_category"", ""layout_height"": ""60dp"", ""layout_width"": ""match_parent""}","{""id"": {""raw"": ""@+id/spinner_category"", ""status"": ""resolved"", ""value"": [""app/src/main/res/layout/activity_add_type_dialog.xml"", ""app/src/main/res/layout/content_add_account.xml""]}, ""layout_height"": {""raw"": ""60dp"", ""status"": ""literal"", ""value"": ""60dp""}, ""layout_width"": {""raw"": ""match_parent"", ""status"": ""literal"", ""value"": ""match_parent""}}","{""included_by"": [], ""is_merge_layout"": false, ""root_tag"": ""FrameLayout"", ""selector_ancestors"": [""FrameLayout[1]"", ""LinearLayout[1]""]}",activity_add_type_dialog,existing_local,natural_source_issue,c3a274369513c2e022e95f7a212ecfc7868fd986508f4deac9bba518d6384b35,pending,included,external_test,,formal_scan_162,xml_safe,false,error,high,true,false,${FDROID_ROOT}/selected_xml_apps/Puff,app/src/main/res/layout/activity_add_type_dialog.xml,9c2d18ddd35f28d0dcae2ada65e7db743fa15f1b1bc5e9393f2880eac047815f,9c2d18ddd35f28d0dcae2ada65e7db743fa15f1b1bc5e9393f2880eac047815f,32,SelectionControl,passed,v2.1-external-extension,,external_extension
src-6d103a6d158571b30df5,sun.bob.leela,Puff,https://github.com/PuffOpenSource/Puff-Android.git,git,6b66bcf531e726107e08e89bd9d459c4837ef3b2,app,app/src/main/res/layout/activity_add_account.xml,67,FloatingActionButton,@+id/fab,accessible_name_missing,button_missing_name,error,high,easy,true,false,交互控件缺少可访问名称。请使用 text、contentDescription、hint 或把现有可见 TextView 通过 labelFor 与控件关联。,"{""id"": ""@+id/fab"", ""layout_anchor"": ""@id/app_bar"", ""layout_anchorGravity"": ""bottom|end"", ""layout_height"": ""wrap_content"", ""layout_margin"": ""@dimen/fab_margin"", ""layout_width"": ""wrap_content"", ""src"": ""@drawable/ic_check_mark""}","{""id"": {""raw"": ""@+id/fab"", ""status"": ""resolved"", ""value"": [""app/src/main/res/layout/activity_add_account.xml"", ""app/src/main/res/layout/activity_image_crop.xml"", ""app/src/main/res/layout/activity_set_master_password.xml"", ""app/src/main/res/layout/activity_set_quick_password.xml"", ""app/src/main/res/layout/app_bar_main.xml""]}, ""layout_anchor"": {""raw"": ""@id/app_bar"", ""status"": ""resolved"", ""value"": [""app/src/main/res/layout/activity_add_account.xml"", ""app/src/main/res/layout/activity_detail.xml"", ""app/src/main/res/layout/activity_set_master_password.xml""]}, ""layout_anchorGravity"": {""raw"": ""bottom|end"", ""status"": ""literal"", ""value"": ""bottom|end""}, ""layout_height"": {""raw"": ""wrap_content"", ""status"": ""literal"", ""value"": ""wrap_content""}, ""layout_margin"": {""raw"": ""@dimen/fab_margin"", ""status"": ""resolved"", ""value"": 16.0}, ""layout_width"": {""raw"": ""wrap_content"", ""status"": ""literal"", ""value"": ""wrap_content""}, ""src"": {""raw"": ""@drawable/ic_check_mark"", ""status"": ""unsupported"", ""value"": ""@drawable/ic_check_mark""}}","{""included_by"": [], ""is_merge_layout"": false, ""root_tag"": ""CoordinatorLayout"", ""selector_ancestors"": [""CoordinatorLayout[1]""]}",activity_add_account,existing_local,natural_source_issue,d518349c1b8c38ce7c5ad98cbf7faa012fc978df2156db7004806201af153eaa,pending,included,external_test,,formal_scan_162,xml_safe,false,error,high,true,false,${FDROID_ROOT}/selected_xml_apps/Puff,app/src/main/res/layout/activity_add_account.xml,5a2ef6954f7382992d93ec56010031d17f74606c45d5d178955333a10f25c76c,5a2ef6954f7382992d93ec56010031d17f74606c45d5d178955333a10f25c76c,67,Button,passed,v2.1-external-extension,,external_extension
src-faf4fbb03b68b133a7e9,nitezh.ministock,Ministocks,https://github.com/niteshpatel/ministocks.git,git,f6e28d7a8c8142785049053813b67ef549bc722a,,src/main/res/layout-land/widget_1x2.xml,25,RelativeLayout,,accessible_name_missing,custom_clickable_missing_name,error,high,medium,true,false,交互控件缺少可访问名称。请使用 text、contentDescription、hint 或把现有可见 TextView 通过 labelFor 与控件关联。,"{""clickable"": ""true"", ""focusable"": ""true"", ""layout_height"": ""fill_parent"", ""layout_width"": ""fill_parent"", ""padding"": ""0dp""}","{""clickable"": {""raw"": ""true"", ""status"": ""literal"", ""value"": ""true""}, ""focusable"": {""raw"": ""true"", ""status"": ""literal"", ""value"": ""true""}, ""layout_height"": {""raw"": ""fill_parent"", ""status"": ""literal"", ""value"": ""fill_parent""}, ""layout_width"": {""raw"": ""fill_parent"", ""status"": ""literal"", ""value"": ""fill_parent""}, ""padding"": {""raw"": ""0dp"", ""status"": ""literal"", ""value"": ""0dp""}}","{""included_by"": [], ""is_merge_layout"": false, ""root_tag"": ""RelativeLayout"", ""selector_ancestors"": []}",widget_1x2,existing_local,natural_source_issue,9ee4a1239c0f893fe9f4957c708d5888c7c24d8c46cd4d6460a10433e2eb2da0,pending,included,external_test,,formal_scan_162,xml_safe,false,error,high,true,false,${FDROID_ROOT}/selected_xml_apps/Ministocks,src/main/res/layout/widget_1x2.xml,291951d78f304bfce546196d25672d08233a97370f9400dcf3fd09a99d5f6c56,291951d78f304bfce546196d25672d08233a97370f9400dcf3fd09a99d5f6c56,25,RelativeLayout,passed,v2.1-external-extension,,external_extension
src-62d7eeb0723ca9a93536,nitezh.ministock,Ministocks,https://github.com/niteshpatel/ministocks.git,git,f6e28d7a8c8142785049053813b67ef549bc722a,,src/main/res/layout-land/widget_1x4_large.xml,25,RelativeLayout,,accessible_name_missing,custom_clickable_missing_name,error,high,medium,true,false,交互控件缺少可访问名称。请使用 text、contentDescription、hint 或把现有可见 TextView 通过 labelFor 与控件关联。,"{""clickable"": ""true"", ""focusable"": ""true"", ""layout_height"": ""fill_parent"", ""layout_width"": ""fill_parent"", ""padding"": ""0dp""}","{""clickable"": {""raw"": ""true"", ""status"": ""literal"", ""value"": ""true""}, ""focusable"": {""raw"": ""true"", ""status"": ""literal"", ""value"": ""true""}, ""layout_height"": {""raw"": ""fill_parent"", ""status"": ""literal"", ""value"": ""fill_parent""}, ""layout_width"": {""raw"": ""fill_parent"", ""status"": ""literal"", ""value"": ""fill_parent""}, ""padding"": {""raw"": ""0dp"", ""status"": ""literal"", ""value"": ""0dp""}}","{""included_by"": [], ""is_merge_layout"": false, ""root_tag"": ""RelativeLayout"", ""selector_ancestors"": []}",widget_1x4_large,existing_local,natural_source_issue,9ee4a1239c0f893fe9f4957c708d5888c7c24d8c46cd4d6460a10433e2eb2da0,pending,included,external_test,,formal_scan_162,xml_safe,false,error,high,true,false,${FDROID_ROOT}/selected_xml_apps/Ministocks,src/main/res/layout/widget_1x4_large.xml,f2740b99f617f41f8641fa4acce816f13fcae12bd1b8c047ea8b4302d58915d5,f2740b99f617f41f8641fa4acce816f13fcae12bd1b8c047ea8b4302d58915d5,25,RelativeLayout,passed,v2.1-external-extension,,external_extension
src-eadf68a10161c40a1eb1,nitezh.ministock,Ministocks,https://github.com/niteshpatel/ministocks.git,git,f6e28d7a8c8142785049053813b67ef549bc722a,,src/main/res/layout-land/widget_1x4.xml,25,RelativeLayout,,accessible_name_missing,custom_clickable_missing_name,error,high,medium,true,false,交互控件缺少可访问名称。请使用 text、contentDescription、hint 或把现有可见 TextView 通过 labelFor 与控件关联。,"{""clickable"": ""true"", ""focusable"": ""true"", ""layout_height"": ""fill_parent"", ""layout_width"": ""fill_parent"", ""padding"": ""0dp""}","{""clickable"": {""raw"": ""true"", ""status"": ""literal"", ""value"": ""true""}, ""focusable"": {""raw"": ""true"", ""status"": ""literal"", ""value"": ""true""}, ""layout_height"": {""raw"": ""fill_parent"", ""status"": ""literal"", ""value"": ""fill_parent""}, ""layout_width"": {""raw"": ""fill_parent"", ""status"": ""literal"", ""value"": ""fill_parent""}, ""padding"": {""raw"": ""0dp"", ""status"": ""literal"", ""value"": ""0dp""}}","{""included_by"": [], ""is_merge_layout"": false, ""root_tag"": ""RelativeLayout"", ""selector_ancestors"": []}",widget_1x4,existing_local,natural_source_issue,9ee4a1239c0f893fe9f4957c708d5888c7c24d8c46cd4d6460a10433e2eb2da0,pending,included,external_test,,formal_scan_162,xml_safe,false,error,high,true,false,${FDROID_ROOT}/selected_xml_apps/Ministocks,src/main/res/layout/widget_1x4.xml,186fc160115cee42cc1da2c8d3ea62c5d4991d226bb6018d5d0ab22339ac3ec0,186fc160115cee42cc1da2c8d3ea62c5d4991d226bb6018d5d0ab22339ac3ec0,25,RelativeLayout,passed,v2.1-external-extension,,external_extension
src-5864d64e5a9e080814f5,com.bnyro.trivia,Trivia You,https://github.com/you-apps/TriviaYou.git,git,71adf5c5d3f3017272daf86f451572cc4b25f22f,app,app/src/main/res/layout/fragment_create_quiz.xml,73,TextInputEditText,@+id/incorrectAnswerOne,input_label_hint,input_missing_label_and_hint,error,high,medium,true,false,输入框缺少稳定标签或 hint。请添加 android:hint，或使用 TextView android:labelFor 关联标签。,"{""id"": ""@+id/incorrectAnswerOne"", ""layout_height"": ""wrap_content"", ""layout_width"": ""match_parent"", ""style"": ""@style/EditText""}","{""id"": {""raw"": ""@+id/incorrectAnswerOne"", ""status"": ""resolved"", ""value"": [""app/src/main/res/layout/fragment_create_quiz.xml""]}, ""layout_height"": {""raw"": ""wrap_content"", ""status"": ""literal"", ""value"": ""wrap_content""}, ""layout_width"": {""raw"": ""match_parent"", ""status"": ""literal"", ""value"": ""match_parent""}, ""style"": {""raw"": ""@style/EditText"", ""status"": ""resolved"", ""value"": {""{http://schemas.android.com/apk/res/android}layout_height"": ""wrap_content"", ""{http://schemas.android.com/apk/res/android}layout_width"": ""match_parent""}}, ""style_items"": {""{http://schemas.android.com/apk/res/android}layout_height"": ""wrap_content"", ""{http://schemas.android.com/apk/res/android}layout_width"": ""match_parent""}}","{""included_by"": [], ""is_merge_layout"": false, ""root_tag"": ""ScrollView"", ""selector_ancestors"": [""ScrollView[1]"", ""LinearLayout[1]"", ""LinearLayout[2]"", ""TextInputLayout[3]""]}",fragment_create_quiz,existing_local,natural_source_issue,ff69bfc6725dfeb21ece5be05c7ce0f0d9b62e9dc28f33f6c7b14dc4f3089e8e,pending,included,external_test,,formal_scan_162,xml_safe,false,error,high,true,false,${FDROID_ROOT}/selected_xml_apps/Trivia-You,app/src/main/res/layout/fragment_create_quiz.xml,14a25a5e0fc1f3038ef0a2270a4446541852712b57ac8a30af811f4380944556,14a25a5e0fc1f3038ef0a2270a4446541852712b57ac8a30af811f4380944556,73,EditText,passed,v2.1-external-extension,,external_extension
src-57280572d3e05d5a2981,com.bnyro.trivia,Trivia You,https://github.com/you-apps/TriviaYou.git,git,71adf5c5d3f3017272daf86f451572cc4b25f22f,app,app/src/main/res/layout/dialog_edit_text.xml,8,TextInputEditText,@+id/input,input_label_hint,input_missing_label_and_hint,error,high,medium,true,false,输入框缺少稳定标签或 hint。请添加 android:hint，或使用 TextView android:labelFor 关联标签。,"{""id"": ""@+id/input"", ""inputType"": ""text"", ""layout_height"": ""wrap_content"", ""layout_width"": ""match_parent""}","{""id"": {""raw"": ""@+id/input"", ""status"": ""resolved"", ""value"": [""app/src/main/res/layout/dialog_download.xml"", ""app/src/main/res/layout/dialog_edit_text.xml""]}, ""inputType"": {""raw"": ""text"", ""status"": ""literal"", ""value"": ""text""}, ""layout_height"": {""raw"": ""wrap_content"", ""status"": ""literal"", ""value"": ""wrap_content""}, ""layout_width"": {""raw"": ""match_parent"", ""status"": ""literal"", ""value"": ""match_parent""}}","{""included_by"": [], ""is_merge_layout"": false, ""root_tag"": ""LinearLayout"", ""selector_ancestors"": [""LinearLayout[1]"", ""TextInputLayout[1]""]}",dialog_edit_text,existing_local,natural_source_issue,5741f91fe5f7652c4619e9db8bebf227aa3a5122d25a294282d5484088a39582,pending,included,external_test,,formal_scan_162,xml_safe,false,error,high,true,false,${FDROID_ROOT}/selected_xml_apps/Trivia-You,app/src/main/res/layout/dialog_edit_text.xml,a1fa1a46a2e58732db86f4f7d847a0467dbb93f55f12ac32c1d90b2d50d1eacc,a1fa1a46a2e58732db86f4f7d847a0467dbb93f55f12ac32c1d90b2d50d1eacc,8,EditText,passed,v2.1-external-extension,,external_extension
src-4bdb38bd6efbcfb0df7d,com.bnyro.trivia,Trivia You,https://github.com/you-apps/TriviaYou.git,git,71adf5c5d3f3017272daf86f451572cc4b25f22f,app,app/src/main/res/layout/dialog_download.xml,8,TextInputEditText,@+id/input,input_label_hint,input_missing_label_and_hint,error,high,medium,true,false,输入框缺少稳定标签或 hint。请添加 android:hint，或使用 TextView android:labelFor 关联标签。,"{""id"": ""@+id/input"", ""inputType"": ""text"", ""layout_height"": ""wrap_content"", ""layout_width"": ""match_parent""}","{""id"": {""raw"": ""@+id/input"", ""status"": ""resolved"", ""value"": [""app/src/main/res/layout/dialog_download.xml"", ""app/src/main/res/layout/dialog_edit_text.xml""]}, ""inputType"": {""raw"": ""text"", ""status"": ""literal"", ""value"": ""text""}, ""layout_height"": {""raw"": ""wrap_content"", ""status"": ""literal"", ""value"": ""wrap_content""}, ""layout_width"": {""raw"": ""match_parent"", ""status"": ""literal"", ""value"": ""match_parent""}}","{""included_by"": [], ""is_merge_layout"": false, ""root_tag"": ""LinearLayout"", ""selector_ancestors"": [""LinearLayout[1]"", ""TextInputLayout[1]""]}",dialog_download,existing_local,natural_source_issue,58f38686f6a19613ef8b856037dc969a789bc92d0a476266892c97feccfe1318,pending,included,external_test,,formal_scan_162,xml_safe,false,error,high,true,false,${FDROID_ROOT}/selected_xml_apps/Trivia-You,app/src/main/res/layout/dialog_download.xml,735c00c578b745af00b8459436f2d3937c6f405b8aef81d25008b5db44406751,735c00c578b745af00b8459436f2d3937c6f405b8aef81d25008b5db44406751,8,EditText,passed,v2.1-external-extension,,external_extension
src-78aead24089d4ea00aaa,com.bnyro.trivia,Trivia You,https://github.com/you-apps/TriviaYou.git,git,71adf5c5d3f3017272daf86f451572cc4b25f22f,app,app/src/main/res/layout/fragment_create_quiz.xml,81,TextInputEditText,@+id/incorrectAnswerTwo,input_label_hint,input_missing_label_and_hint,error,high,medium,true,false,输入框缺少稳定标签或 hint。请添加 android:hint，或使用 TextView android:labelFor 关联标签。,"{""id"": ""@+id/incorrectAnswerTwo"", ""layout_height"": ""wrap_content"", ""layout_width"": ""match_parent"", ""style"": ""@style/EditText""}","{""id"": {""raw"": ""@+id/incorrectAnswerTwo"", ""status"": ""resolved"", ""value"": [""app/src/main/res/layout/fragment_create_quiz.xml""]}, ""layout_height"": {""raw"": ""wrap_content"", ""status"": ""literal"", ""value"": ""wrap_content""}, ""layout_width"": {""raw"": ""match_parent"", ""status"": ""literal"", ""value"": ""match_parent""}, ""style"": {""raw"": ""@style/EditText"", ""status"": ""resolved"", ""value"": {""{http://schemas.android.com/apk/res/android}layout_height"": ""wrap_content"", ""{http://schemas.android.com/apk/res/android}layout_width"": ""match_parent""}}, ""style_items"": {""{http://schemas.android.com/apk/res/android}layout_height"": ""wrap_content"", ""{http://schemas.android.com/apk/res/android}layout_width"": ""match_parent""}}","{""included_by"": [], ""is_merge_layout"": false, ""root_tag"": ""ScrollView"", ""selector_ancestors"": [""ScrollView[1]"", ""LinearLayout[1]"", ""LinearLayout[2]"", ""TextInputLayout[4]""]}",fragment_create_quiz,existing_local,natural_source_issue,ff69bfc6725dfeb21ece5be05c7ce0f0d9b62e9dc28f33f6c7b14dc4f3089e8e,pending,included,external_test,,formal_scan_162,xml_safe,false,error,high,true,false,${FDROID_ROOT}/selected_xml_apps/Trivia-You,app/src/main/res/layout/fragment_create_quiz.xml,14a25a5e0fc1f3038ef0a2270a4446541852712b57ac8a30af811f4380944556,14a25a5e0fc1f3038ef0a2270a4446541852712b57ac8a30af811f4380944556,81,EditText,passed,v2.1-external-extension,,external_extension
src-a0f0fdb10c3bf5e96386,com.github.palmcalc2019.palmcalc,PalmCalc 2019+,https://github.com/palmcalc2019/PalmCalc,git,287154fba46b68788075e57a4b022d5d6440a803,app,app/src/main/res/layout-land/activity_scientific.xml,524,CalculatorEditText,@+id/txtInput,input_label_hint,input_missing_label_and_hint,error,high,medium,true,false,输入框缺少稳定标签或 hint。请添加 android:hint，或使用 TextView android:labelFor 关联标签。,"{""gravity"": ""right|center_vertical"", ""id"": ""@+id/txtInput"", ""imeOptions"": ""flagNoExtractUi"", ""inputType"": ""text|textNoSuggestions"", ""layout_height"": ""fill_parent"", ""layout_width"": ""fill_parent"", ""maxLines"": ""1"", ""paddingBottom"": ""0dp"", ""paddingLeft"": ""8dp"", ""paddingRight"": ""8dp"", ""paddingTop"": ""8dp"", ""scrollHorizontally"": ""true"", ""scrollbars"": ""none"", ""style"": ""@style/display_style"", ""textSize"": ""40sp""}","{""gravity"": {""raw"": ""right|center_vertical"", ""status"": ""literal"", ""value"": ""right|center_vertical""}, ""id"": {""raw"": ""@+id/txtInput"", ""status"": ""resolved"", ""value"": [""app/src/main/res/layout/activity_scientific.xml"", ""app/src/main/res/layout/basic_final.xml"", ""app/src/main/res/layout-land/activity_scientific.xml"", ""app/src/main/res/layout-land/basic_final.xml"", ""app/src/main/res/layout-small/activity_scientific.xml"", ""app/src/main/res/layout-small-land/activity_scientific.xml""]}, ""imeOptions"": {""raw"": ""flagNoExtractUi"", ""status"": ""literal"", ""value"": ""flagNoExtractUi""}, ""inputType"": {""raw"": ""text|textNoSuggestions"", ""status"": ""literal"", ""value"": ""text|textNoSuggestions""}, ""layout_height"": {""raw"": ""fill_parent"", ""status"": ""literal"", ""value"": ""fill_parent""}, ""layout_width"": {""raw"": ""fill_parent"", ""status"": ""literal"", ""value"": ""fill_parent""}, ""maxLines"": {""raw"": ""1"", ""status"": ""literal"", ""value"": ""1""}, ""paddingBottom"": {""raw"": ""0dp"", ""status"": ""literal"", ""value"": ""0dp""}, ""paddingLeft"": {""raw"": ""8dp"", ""status"": ""literal"", ""value"": ""8dp""}, ""paddingRight"": {""raw"": ""8dp"", ""status"": ""literal"", ""value"": ""8dp""}, ""paddingTop"": {""raw"": ""8dp"", ""status"": ""literal"", ""value"": ""8dp""}, ""scrollHorizontally"": {""raw"": ""true"", ""status"": ""literal"", ""value"": ""true""}, ""scrollbars"": {""raw"": ""none"", ""status"": ""literal"", ""value"": ""none""}, ""style"": {""raw"": ""@style/display_style"", ""status"": ""resolved"", ""value"": {""{http://schemas.android.com/apk/res/android}gravity"": ""right|center_vertical"", ""{http://schemas.android.com/apk/res/android}inputType"": ""text|textNoSuggestions"", ""{http://schemas.android.com/apk/res/android}layout_height"": ""fill_parent"", ""{http://schemas.android.com/apk/res/android}layout_width"": ""fill_parent"", ""{http://schemas.android.com/apk/res/android}maxLines"": ""1"", ""{http://schemas.android.com/apk/res/android}paddingBottom"": ""0dp"", ""{http://schemas.android.com/apk/res/android}paddingLeft"": ""8dp"", ""{http://schemas.android.com/apk/res/android}paddingRight"": ""8dp"", ""{http://schemas.android.com/apk/res/android}paddingTop"": ""8dp"", ""{http://schemas.android.com/apk/res/android}scrollHorizontally"": ""true"", ""{http://schemas.android.com/apk/res/android}scrollbars"": ""none"", ""{http://schemas.android.com/apk/res/android}textSize"": ""40sp""}}, ""style_items"": {""{http://schemas.android.com/apk/res/android}gravity"": ""right|center_vertical"", ""{http://schemas.android.com/apk/res/android}inputType"": ""text|textNoSuggestions"", ""{http://schemas.android.com/apk/res/android}layout_height"": ""fill_parent"", ""{http://schemas.android.com/apk/res/android}layout_width"": ""fill_parent"", ""{http://schemas.android.com/apk/res/android}maxLines"": ""1"", ""{http://schemas.android.com/apk/res/android}paddingBottom"": ""0dp"", ""{http://schemas.android.com/apk/res/android}paddingLeft"": ""8dp"", ""{http://schemas.android.com/apk/res/android}paddingRight"": ""8dp"", ""{http://schemas.android.com/apk/res/android}paddingTop"": ""8dp"", ""{http://schemas.android.com/apk/res/android}scrollHorizontally"": ""true"", ""{http://schemas.android.com/apk/res/android}scrollbars"": ""none"", ""{http://schemas.android.com/apk/res/android}textSize"": ""40sp""}, ""textSize"": {""raw"": ""40sp"", ""status"": ""literal"", ""value"": ""40sp""}}","{""included_by"": [], ""is_merge_layout"": false, ""root_tag"": ""LinearLayout"", ""selector_ancestors"": [""LinearLayout[1]"", ""LinearLayout[1]"", ""LinearLayout[1]"", ""CalculatorDisplay[1]""]}",activity_scientific,existing_local,natural_source_issue,73e3981a8f651ed52c0c0e2e82b96607deeb5a9cd2ed2211663f8c9b74c22de3,pending,included,external_test,,formal_scan_162,xml_safe,false,error,high,true,false,${FDROID_ROOT}/selected_xml_apps/PalmCalc-2019,app/src/main/res/layout/activity_scientific.xml,7fa7239544ec94185231936d961d94e0839188f65c0d7a748d5ff49f8780f121,7fa7239544ec94185231936d961d94e0839188f65c0d7a748d5ff49f8780f121,524,EditText,passed,v2.1-external-extension,,external_extension
src-fc66155f2064a079c3c0,com.github.palmcalc2019.palmcalc,PalmCalc 2019+,https://github.com/palmcalc2019/PalmCalc,git,287154fba46b68788075e57a4b022d5d6440a803,app,app/src/main/res/layout-land/basic_final.xml,36,CalculatorEditText,@+id/txtOutput,input_label_hint,input_missing_label_and_hint,error,high,medium,true,false,输入框缺少稳定标签或 hint。请添加 android:hint，或使用 TextView android:labelFor 关联标签。,"{""gravity"": ""right|center_vertical"", ""id"": ""@+id/txtOutput"", ""imeOptions"": ""flagNoExtractUi"", ""inputType"": ""text|textNoSuggestions"", ""layout_height"": ""fill_parent"", ""layout_width"": ""fill_parent"", ""maxLines"": ""1"", ""paddingBottom"": ""0dp"", ""paddingLeft"": ""8dp"", ""paddingRight"": ""8dp"", ""paddingTop"": ""8dp"", ""scrollHorizontally"": ""true"", ""scrollbars"": ""none"", ""style"": ""@style/display_style"", ""textSize"": ""40sp""}","{""gravity"": {""raw"": ""right|center_vertical"", ""status"": ""literal"", ""value"": ""right|center_vertical""}, ""id"": {""raw"": ""@+id/txtOutput"", ""status"": ""resolved"", ""value"": [""app/src/main/res/layout/activity_scientific.xml"", ""app/src/main/res/layout/basic_final.xml"", ""app/src/main/res/layout-land/activity_scientific.xml"", ""app/src/main/res/layout-land/basic_final.xml"", ""app/src/main/res/layout-small/activity_scientific.xml"", ""app/src/main/res/layout-small-land/activity_scientific.xml""]}, ""imeOptions"": {""raw"": ""flagNoExtractUi"", ""status"": ""literal"", ""value"": ""flagNoExtractUi""}, ""inputType"": {""raw"": ""text|textNoSuggestions"", ""status"": ""literal"", ""value"": ""text|textNoSuggestions""}, ""layout_height"": {""raw"": ""fill_parent"", ""status"": ""literal"", ""value"": ""fill_parent""}, ""layout_width"": {""raw"": ""fill_parent"", ""status"": ""literal"", ""value"": ""fill_parent""}, ""maxLines"": {""raw"": ""1"", ""status"": ""literal"", ""value"": ""1""}, ""paddingBottom"": {""raw"": ""0dp"", ""status"": ""literal"", ""value"": ""0dp""}, ""paddingLeft"": {""raw"": ""8dp"", ""status"": ""literal"", ""value"": ""8dp""}, ""paddingRight"": {""raw"": ""8dp"", ""status"": ""literal"", ""value"": ""8dp""}, ""paddingTop"": {""raw"": ""8dp"", ""status"": ""literal"", ""value"": ""8dp""}, ""scrollHorizontally"": {""raw"": ""true"", ""status"": ""literal"", ""value"": ""true""}, ""scrollbars"": {""raw"": ""none"", ""status"": ""literal"", ""value"": ""none""}, ""style"": {""raw"": ""@style/display_style"", ""status"": ""resolved"", ""value"": {""{http://schemas.android.com/apk/res/android}gravity"": ""right|center_vertical"", ""{http://schemas.android.com/apk/res/android}inputType"": ""text|textNoSuggestions"", ""{http://schemas.android.com/apk/res/android}layout_height"": ""fill_parent"", ""{http://schemas.android.com/apk/res/android}layout_width"": ""fill_parent"", ""{http://schemas.android.com/apk/res/android}maxLines"": ""1"", ""{http://schemas.android.com/apk/res/android}paddingBottom"": ""0dp"", ""{http://schemas.android.com/apk/res/android}paddingLeft"": ""8dp"", ""{http://schemas.android.com/apk/res/android}paddingRight"": ""8dp"", ""{http://schemas.android.com/apk/res/android}paddingTop"": ""8dp"", ""{http://schemas.android.com/apk/res/android}scrollHorizontally"": ""true"", ""{http://schemas.android.com/apk/res/android}scrollbars"": ""none"", ""{http://schemas.android.com/apk/res/android}textSize"": ""40sp""}}, ""style_items"": {""{http://schemas.android.com/apk/res/android}gravity"": ""right|center_vertical"", ""{http://schemas.android.com/apk/res/android}inputType"": ""text|textNoSuggestions"", ""{http://schemas.android.com/apk/res/android}layout_height"": ""fill_parent"", ""{http://schemas.android.com/apk/res/android}layout_width"": ""fill_parent"", ""{http://schemas.android.com/apk/res/android}maxLines"": ""1"", ""{http://schemas.android.com/apk/res/android}paddingBottom"": ""0dp"", ""{http://schemas.android.com/apk/res/android}paddingLeft"": ""8dp"", ""{http://schemas.android.com/apk/res/android}paddingRight"": ""8dp"", ""{http://schemas.android.com/apk/res/android}paddingTop"": ""8dp"", ""{http://schemas.android.com/apk/res/android}scrollHorizontally"": ""true"", ""{http://schemas.android.com/apk/res/android}scrollbars"": ""none"", ""{http://schemas.android.com/apk/res/android}textSize"": ""40sp""}, ""textSize"": {""raw"": ""40sp"", ""status"": ""literal"", ""value"": ""40sp""}}","{""included_by"": [], ""is_merge_layout"": false, ""root_tag"": ""LinearLayout"", ""selector_ancestors"": [""LinearLayout[1]"", ""LinearLayout[1]"", ""CalculatorDisplay[1]""]}",basic_final,existing_local,natural_source_issue,3aeb575855ec97c0195d1ff8708fac5b890fa1ff1e57edc16cccc2e9c241de64,pending,included,external_test,,formal_scan_162,xml_safe,false,error,high,true,false,${FDROID_ROOT}/selected_xml_apps/PalmCalc-2019,app/src/main/res/layout/basic_final.xml,6b10de02a45835a66e3e6928a8519e58f2273c2246322e0c407516ed2374a7c7,6b10de02a45835a66e3e6928a8519e58f2273c2246322e0c407516ed2374a7c7,36,EditText,passed,v2.1-external-extension,,external_extension
src-7aa53d8223ab67641897,com.github.palmcalc2019.palmcalc,PalmCalc 2019+,https://github.com/palmcalc2019/PalmCalc,git,287154fba46b68788075e57a4b022d5d6440a803,app,app/src/main/res/layout-land/about_fragment.xml,60,ImageButton,@+id/btnrateus,accessible_name_missing,image_button_missing_name,error,high,easy,true,false,交互控件缺少可访问名称。请使用 text、contentDescription、hint 或把现有可见 TextView 通过 labelFor 与控件关联。,"{""background"": ""@drawable/btn_rateus"", ""id"": ""@+id/btnrateus"", ""layout_height"": ""wrap_content"", ""layout_marginLeft"": ""10dp"", ""layout_width"": ""wrap_content""}","{""background"": {""raw"": ""@drawable/btn_rateus"", ""status"": ""unsupported"", ""value"": ""@drawable/btn_rateus""}, ""id"": {""raw"": ""@+id/btnrateus"", ""status"": ""resolved"", ""value"": [""app/src/main/res/layout-land/about_fragment.xml""]}, ""layout_height"": {""raw"": ""wrap_content"", ""status"": ""literal"", ""value"": ""wrap_content""}, ""layout_marginLeft"": {""raw"": ""10dp"", ""status"": ""literal"", ""value"": ""10dp""}, ""layout_width"": {""raw"": ""wrap_content"", ""status"": ""literal"", ""value"": ""wrap_content""}}","{""included_by"": [], ""is_merge_layout"": false, ""root_tag"": ""LinearLayout"", ""selector_ancestors"": [""LinearLayout[1]"", ""LinearLayout[2]"", ""LinearLayout[1]""]}",about_fragment,existing_local,natural_source_issue,2c4ea974c9420612b1ce5e5a557e675ae9ca01e22c839013e92ed46b583abc95,pending,included,external_test,,formal_scan_162,xml_safe,false,error,high,true,false,${FDROID_ROOT}/selected_xml_apps/PalmCalc-2019,app/src/main/res/layout/about_fragment.xml,3020bfdf33876b10f690b5deb072d278c5ddf2b92c5d53c8f9826755df9d0ed4,3020bfdf33876b10f690b5deb072d278c5ddf2b92c5d53c8f9826755df9d0ed4,60,ImageButton,passed,v2.1-external-extension,,external_extension
src-a8c8379b7563f8636b8b,com.github.palmcalc2019.palmcalc,PalmCalc 2019+,https://github.com/palmcalc2019/PalmCalc,git,287154fba46b68788075e57a4b022d5d6440a803,app,app/src/main/res/layout-land/activity_scientific.xml,351,Button,@+id/buttonRaise,accessible_name_missing,button_missing_name,error,high,easy,true,false,交互控件缺少可访问名称。请使用 text、contentDescription、hint 或把现有可见 TextView 通过 labelFor 与控件关联。,"{""background"": ""@drawable/button_effect"", ""id"": ""@+id/buttonRaise"", ""layout_height"": ""fill_parent"", ""layout_marginRight"": ""2.0dip"", ""layout_weight"": ""1.0"", ""layout_width"": ""fill_parent"", ""style"": ""@style/Button_char"", ""tag"": ""^("", ""text"": ""@string/strBlank"", ""textAppearance"": ""@android:style/TextAppearance.Small"", ""textColor"": ""#FFFFFF"", ""textStyle"": ""bold""}","{""background"": {""raw"": ""@drawable/button_effect"", ""status"": ""unsupported"", ""value"": ""@drawable/button_effect""}, ""id"": {""raw"": ""@+id/buttonRaise"", ""status"": ""resolved"", ""value"": [""app/src/main/res/layout/activity_scientific.xml"", ""app/src/main/res/layout-land/activity_scientific.xml"", ""app/src/main/res/layout-small/activity_scientific.xml"", ""app/src/main/res/layout-small-land/activity_scientific.xml""]}, ""layout_height"": {""raw"": ""fill_parent"", ""status"": ""literal"", ""value"": ""fill_parent""}, ""layout_marginRight"": {""raw"": ""2.0dip"", ""status"": ""literal"", ""value"": ""2.0dip""}, ""layout_weight"": {""raw"": ""1.0"", ""status"": ""literal"", ""value"": ""1.0""}, ""layout_width"": {""raw"": ""fill_parent"", ""status"": ""literal"", ""value"": ""fill_parent""}, ""style"": {""raw"": ""@style/Button_char"", ""status"": ""resolved"", ""value"": {""{http://schemas.android.com/apk/res/android}background"": ""@drawable/button_effect"", ""{http://schemas.android.com/apk/res/android}textAppearance"": ""@android:style/TextAppearance.Small"", ""{http://schemas.android.com/apk/res/android}textColor"": ""#FFFFFF"", ""{http://schemas.android.com/apk/res/android}textStyle"": ""bold""}}, ""style_items"": {""{http://schemas.android.com/apk/res/android}background"": ""@drawable/button_effect"", ""{http://schemas.android.com/apk/res/android}textAppearance"": ""@android:style/TextAppearance.Small"", ""{http://schemas.android.com/apk/res/android}textColor"": ""#FFFFFF"", ""{http://schemas.android.com/apk/res/android}textStyle"": ""bold""}, ""tag"": {""raw"": ""^("", ""status"": ""literal"", ""value"": ""^(""}, ""text"": {""raw"": ""@string/strBlank"", ""status"": ""resolved"", ""value"": """"}, ""textAppearance"": {""raw"": ""@android:style/TextAppearance.Small"", ""status"": ""literal"", ""value"": ""@android:style/TextAppearance.Small""}, ""textColor"": {""raw"": ""#FFFFFF"", ""status"": ""literal"", ""value"": ""#FFFFFF""}, ""textStyle"": {""raw"": ""bold"", ""status"": ""literal"", ""value"": ""bold""}}","{""included_by"": [], ""is_merge_layout"": false, ""root_tag"": ""LinearLayout"", ""selector_ancestors"": [""LinearLayout[1]"", ""TableLayout[1]"", ""TableRow[10]""]}",activity_scientific,existing_local,natural_source_issue,73e3981a8f651ed52c0c0e2e82b96607deeb5a9cd2ed2211663f8c9b74c22de3,pending,included,external_test,,formal_scan_162,xml_safe,false,error,high,true,false,${FDROID_ROOT}/selected_xml_apps/PalmCalc-2019,app/src/main/res/layout/activity_scientific.xml,7fa7239544ec94185231936d961d94e0839188f65c0d7a748d5ff49f8780f121,7fa7239544ec94185231936d961d94e0839188f65c0d7a748d5ff49f8780f121,351,Button,passed,v2.1-external-extension,,external_extension
src-8f03acce56778fdbe56f,de.larcado.sesam,sesam,https://gitlab.com/larcado/sesam.git,git,8f8a1e5e9122555add8f9f06345d4c568439db0c,app,app/src/main/res/layout/dialog_profile.xml,20,EditText,@+id/sonderzeichen,input_label_hint,input_missing_label_and_hint,error,high,medium,true,false,输入框缺少稳定标签或 hint。请添加 android:hint，或使用 TextView android:labelFor 关联标签。,"{""id"": ""@+id/sonderzeichen"", ""layout_height"": ""wrap_content"", ""layout_width"": ""match_parent""}","{""id"": {""raw"": ""@+id/sonderzeichen"", ""status"": ""resolved"", ""value"": [""app/src/main/res/layout/dialog_profile.xml"", ""app/src/main/res/layout/list_item_profil.xml""]}, ""layout_height"": {""raw"": ""wrap_content"", ""status"": ""literal"", ""value"": ""wrap_content""}, ""layout_width"": {""raw"": ""match_parent"", ""status"": ""literal"", ""value"": ""match_parent""}}","{""included_by"": [], ""is_merge_layout"": false, ""root_tag"": ""LinearLayout"", ""selector_ancestors"": [""LinearLayout[1]""]}",dialog_profile,existing_local,natural_source_issue,00966949ad3507afed7fa73f70bc920b55b90bc916c44054ccdc74bf78cc2a0e,pending,included,external_test,,formal_scan_162,xml_safe,false,error,high,true,false,${FDROID_ROOT}/selected_xml_apps/sesam,app/src/main/res/layout/dialog_profile.xml,8a777024ac325267220f3a35d5955b096da4071477b03ea952e9cc8bd88ebc9a,8a777024ac325267220f3a35d5955b096da4071477b03ea952e9cc8bd88ebc9a,20,EditText,passed,v2.1-external-extension,,external_extension
src-0b263714361b4bf9dc69,de.larcado.sesam,sesam,https://gitlab.com/larcado/sesam.git,git,8f8a1e5e9122555add8f9f06345d4c568439db0c,app,app/src/main/res/layout/dialog_domain.xml,9,EditText,@+id/name,input_label_hint,input_missing_label_and_hint,error,high,medium,true,false,输入框缺少稳定标签或 hint。请添加 android:hint，或使用 TextView android:labelFor 关联标签。,"{""id"": ""@+id/name"", ""layout_height"": ""wrap_content"", ""layout_width"": ""match_parent""}","{""id"": {""raw"": ""@+id/name"", ""status"": ""resolved"", ""value"": [""app/src/main/res/layout/dialog_domain.xml"", ""app/src/main/res/layout/dialog_profile.xml"", ""app/src/main/res/layout/list_item_profil.xml""]}, ""layout_height"": {""raw"": ""wrap_content"", ""status"": ""literal"", ""value"": ""wrap_content""}, ""layout_width"": {""raw"": ""match_parent"", ""status"": ""literal"", ""value"": ""match_parent""}}","{""included_by"": [], ""is_merge_layout"": false, ""root_tag"": ""LinearLayout"", ""selector_ancestors"": [""LinearLayout[1]""]}",dialog_domain,existing_local,natural_source_issue,8bb509a16e79cfe46daefeeb8f94cea6c4d6a3c6b2bc90f916823efbca39c116,pending,included,external_test,,formal_scan_162,xml_safe,false,error,high,true,false,${FDROID_ROOT}/selected_xml_apps/sesam,app/src/main/res/layout/dialog_domain.xml,4ad6361b503d730bd3f5c88855c1e1cb9109c8aa1e904501be90a11c7d279cb0,4ad6361b503d730bd3f5c88855c1e1cb9109c8aa1e904501be90a11c7d279cb0,9,EditText,passed,v2.1-external-extension,,external_extension
src-55ec2a17c837a72bce61,de.larcado.sesam,sesam,https://gitlab.com/larcado/sesam.git,git,8f8a1e5e9122555add8f9f06345d4c568439db0c,app,app/src/main/res/layout/activity_myprofile.xml,14,FloatingActionButton,@+id/fab,accessible_name_missing,button_missing_name,error,high,easy,true,false,交互控件缺少可访问名称。请使用 text、contentDescription、hint 或把现有可见 TextView 通过 labelFor 与控件关联。,"{""id"": ""@+id/fab"", ""layout_alignParentBottom"": ""true"", ""layout_alignParentEnd"": ""true"", ""layout_height"": ""wrap_content"", ""layout_margin"": ""10dp"", ""layout_width"": ""wrap_content"", ""src"": ""@drawable/ic_add_white_24dp""}","{""id"": {""raw"": ""@+id/fab"", ""status"": ""resolved"", ""value"": [""app/src/main/res/layout/activity_mydomains.xml"", ""app/src/main/res/layout/activity_myprofile.xml""]}, ""layout_alignParentBottom"": {""raw"": ""true"", ""status"": ""literal"", ""value"": ""true""}, ""layout_alignParentEnd"": {""raw"": ""true"", ""status"": ""literal"", ""value"": ""true""}, ""layout_height"": {""raw"": ""wrap_content"", ""status"": ""literal"", ""value"": ""wrap_content""}, ""layout_margin"": {""raw"": ""10dp"", ""status"": ""literal"", ""value"": ""10dp""}, ""layout_width"": {""raw"": ""wrap_content"", ""status"": ""literal"", ""value"": ""wrap_content""}, ""src"": {""raw"": ""@drawable/ic_add_white_24dp"", ""status"": ""unsupported"", ""value"": ""@drawable/ic_add_white_24dp""}}","{""included_by"": [], ""is_merge_layout"": false, ""root_tag"": ""RelativeLayout"", ""selector_ancestors"": [""RelativeLayout[1]""]}",activity_myprofile,existing_local,natural_source_issue,365f2ddc5628fc368e1aa7ccdfba77c38a1f3b6961f17314675ee21118b84726,pending,included,external_test,,formal_scan_162,xml_safe,false,error,high,true,false,${FDROID_ROOT}/selected_xml_apps/sesam,app/src/main/res/layout/activity_myprofile.xml,dff6f2fbc2a94e4f68a4b95ff807ef209588d17921b1ec47fc28d335dbaa2605,dff6f2fbc2a94e4f68a4b95ff807ef209588d17921b1ec47fc28d335dbaa2605,14,Button,passed,v2.1-external-extension,,external_extension
src-edc90e398eb7dc817f46,de.larcado.sesam,sesam,https://gitlab.com/larcado/sesam.git,git,8f8a1e5e9122555add8f9f06345d4c568439db0c,app,app/src/main/res/layout/dialog_profile.xml,14,EditText,@+id/length,input_label_hint,input_missing_label_and_hint,error,high,medium,true,false,输入框缺少稳定标签或 hint。请添加 android:hint，或使用 TextView android:labelFor 关联标签。,"{""id"": ""@+id/length"", ""inputType"": ""number"", ""layout_height"": ""wrap_content"", ""layout_width"": ""match_parent""}","{""id"": {""raw"": ""@+id/length"", ""status"": ""resolved"", ""value"": [""app/src/main/res/layout/dialog_profile.xml""]}, ""inputType"": {""raw"": ""number"", ""status"": ""literal"", ""value"": ""number""}, ""layout_height"": {""raw"": ""wrap_content"", ""status"": ""literal"", ""value"": ""wrap_content""}, ""layout_width"": {""raw"": ""match_parent"", ""status"": ""literal"", ""value"": ""match_parent""}}","{""included_by"": [], ""is_merge_layout"": false, ""root_tag"": ""LinearLayout"", ""selector_ancestors"": [""LinearLayout[1]""]}",dialog_profile,existing_local,natural_source_issue,00966949ad3507afed7fa73f70bc920b55b90bc916c44054ccdc74bf78cc2a0e,pending,included,external_test,,formal_scan_162,xml_safe,false,error,high,true,false,${FDROID_ROOT}/selected_xml_apps/sesam,app/src/main/res/layout/dialog_profile.xml,8a777024ac325267220f3a35d5955b096da4071477b03ea952e9cc8bd88ebc9a,8a777024ac325267220f3a35d5955b096da4071477b03ea952e9cc8bd88ebc9a,14,EditText,passed,v2.1-external-extension,,external_extension
src-3056b2bfe56729e434e5,mobi.boilr.boilr,Boilr,https://github.com/drpout/boilr.git,git,ef21e83140ad7806ce1c3caccc16961a14a192bf,,src/main/res/layout/list_preference_search.xml,2,LinearLayout,,accessible_name_missing,custom_clickable_missing_name,error,high,medium,true,false,交互控件缺少可访问名称。请使用 text、contentDescription、hint 或把现有可见 TextView 通过 labelFor 与控件关联。,"{""clickable"": ""true"", ""gravity"": ""center_vertical|start"", ""layout_height"": ""wrap_content"", ""layout_width"": ""fill_parent"", ""orientation"": ""horizontal""}","{""clickable"": {""raw"": ""true"", ""status"": ""literal"", ""value"": ""true""}, ""gravity"": {""raw"": ""center_vertical|start"", ""status"": ""literal"", ""value"": ""center_vertical|start""}, ""layout_height"": {""raw"": ""wrap_content"", ""status"": ""literal"", ""value"": ""wrap_content""}, ""layout_width"": {""raw"": ""fill_parent"", ""status"": ""literal"", ""value"": ""fill_parent""}, ""orientation"": {""raw"": ""horizontal"", ""status"": ""literal"", ""value"": ""horizontal""}}","{""included_by"": [], ""is_merge_layout"": false, ""root_tag"": ""LinearLayout"", ""selector_ancestors"": []}",list_preference_search,existing_local,natural_source_issue,6d26fa1eb233d3a34be6d1d2c30ae35ea4e532bba3b419432e336fa062b89ed9,pending,included,external_test,,formal_scan_162,xml_safe,false,error,high,true,false,${FDROID_ROOT}/selected_xml_apps/Boilr,src/main/res/layout/list_preference_search.xml,64ede4e8b91f0f7de0b8a37b932672c097d93927599a81f458f79b1d3e4a2f1b,64ede4e8b91f0f7de0b8a37b932672c097d93927599a81f458f79b1d3e4a2f1b,2,LinearLayout,passed,v2.1-external-extension,,external_extension
src-5a2d4560d6135b384a99,mobi.boilr.boilr,Boilr,https://github.com/drpout/boilr.git,git,ef21e83140ad7806ce1c3caccc16961a14a192bf,,src/main/res/layout/list_preference_row.xml,2,LinearLayout,,accessible_name_missing,custom_clickable_missing_name,error,high,medium,true,false,交互控件缺少可访问名称。请使用 text、contentDescription、hint 或把现有可见 TextView 通过 labelFor 与控件关联。,"{""clickable"": ""true"", ""gravity"": ""center_vertical|start"", ""layout_gravity"": ""center_horizontal"", ""layout_height"": ""wrap_content"", ""layout_width"": ""fill_parent"", ""orientation"": ""horizontal""}","{""clickable"": {""raw"": ""true"", ""status"": ""literal"", ""value"": ""true""}, ""gravity"": {""raw"": ""center_vertical|start"", ""status"": ""literal"", ""value"": ""center_vertical|start""}, ""layout_gravity"": {""raw"": ""center_horizontal"", ""status"": ""literal"", ""value"": ""center_horizontal""}, ""layout_height"": {""raw"": ""wrap_content"", ""status"": ""literal"", ""value"": ""wrap_content""}, ""layout_width"": {""raw"": ""fill_parent"", ""status"": ""literal"", ""value"": ""fill_parent""}, ""orientation"": {""raw"": ""horizontal"", ""status"": ""literal"", ""value"": ""horizontal""}}","{""included_by"": [], ""is_merge_layout"": false, ""root_tag"": ""LinearLayout"", ""selector_ancestors"": []}",list_preference_row,existing_local,natural_source_issue,a99ef9aad17082bb3686fb3944c7c853ddf3bb33fa22c33bb5d5263ab253763d,pending,included,external_test,,formal_scan_162,xml_safe,false,error,high,true,false,${FDROID_ROOT}/selected_xml_apps/Boilr,src/main/res/layout/list_preference_row.xml,2b9bbe5e47e2367a0ee1d769d326817890cd3b005a43dc21ef44c2ea21e74f31,2b9bbe5e47e2367a0ee1d769d326817890cd3b005a43dc21ef44c2ea21e74f31,2,LinearLayout,passed,v2.1-external-extension,,external_extension
src-f0d6cc85090d070a8333,mobi.boilr.boilr,Boilr,https://github.com/drpout/boilr.git,git,ef21e83140ad7806ce1c3caccc16961a14a192bf,,src/main/res/layout/list_preference_search.xml,18,EditText,@+id/searchable_edit_text,input_label_hint,input_missing_label_and_hint,error,high,medium,true,false,输入框缺少稳定标签或 hint。请添加 android:hint，或使用 TextView android:labelFor 关联标签。,"{""id"": ""@+id/searchable_edit_text"", ""inputType"": ""text"", ""layout_height"": ""wrap_content"", ""layout_weight"": ""4"", ""layout_width"": ""0dp""}","{""id"": {""raw"": ""@+id/searchable_edit_text"", ""status"": ""resolved"", ""value"": [""src/main/res/layout/list_preference_search.xml""]}, ""inputType"": {""raw"": ""text"", ""status"": ""literal"", ""value"": ""text""}, ""layout_height"": {""raw"": ""wrap_content"", ""status"": ""literal"", ""value"": ""wrap_content""}, ""layout_weight"": {""raw"": ""4"", ""status"": ""literal"", ""value"": ""4""}, ""layout_width"": {""raw"": ""0dp"", ""status"": ""literal"", ""value"": ""0dp""}}","{""included_by"": [], ""is_merge_layout"": false, ""root_tag"": ""LinearLayout"", ""selector_ancestors"": [""LinearLayout[1]""]}",list_preference_search,existing_local,natural_source_issue,6d26fa1eb233d3a34be6d1d2c30ae35ea4e532bba3b419432e336fa062b89ed9,pending,included,external_test,,formal_scan_162,xml_safe,false,error,high,true,false,${FDROID_ROOT}/selected_xml_apps/Boilr,src/main/res/layout/list_preference_search.xml,64ede4e8b91f0f7de0b8a37b932672c097d93927599a81f458f79b1d3e4a2f1b,64ede4e8b91f0f7de0b8a37b932672c097d93927599a81f458f79b1d3e4a2f1b,18,EditText,passed,v2.1-external-extension,,external_extension
src-88fd5cc4d3827443255e,mobi.boilr.boilr,Boilr,https://github.com/drpout/boilr.git,git,ef21e83140ad7806ce1c3caccc16961a14a192bf,,src/main/res/layout/list_preference_search.xml,26,Button,@+id/searchable_close_button,accessible_name_missing,button_missing_name,error,high,easy,true,false,交互控件缺少可访问名称。请使用 text、contentDescription、hint 或把现有可见 TextView 通过 labelFor 与控件关联。,"{""id"": ""@+id/searchable_close_button"", ""layout_height"": ""25dip"", ""layout_width"": ""25dip""}","{""id"": {""raw"": ""@+id/searchable_close_button"", ""status"": ""resolved"", ""value"": [""src/main/res/layout/list_preference_search.xml""]}, ""layout_height"": {""raw"": ""25dip"", ""status"": ""literal"", ""value"": ""25dip""}, ""layout_width"": {""raw"": ""25dip"", ""status"": ""literal"", ""value"": ""25dip""}}","{""included_by"": [], ""is_merge_layout"": false, ""root_tag"": ""LinearLayout"", ""selector_ancestors"": [""LinearLayout[1]""]}",list_preference_search,existing_local,natural_source_issue,6d26fa1eb233d3a34be6d1d2c30ae35ea4e532bba3b419432e336fa062b89ed9,pending,included,external_test,,formal_scan_162,xml_safe,false,error,high,true,false,${FDROID_ROOT}/selected_xml_apps/Boilr,src/main/res/layout/list_preference_search.xml,64ede4e8b91f0f7de0b8a37b932672c097d93927599a81f458f79b1d3e4a2f1b,64ede4e8b91f0f7de0b8a37b932672c097d93927599a81f458f79b1d3e4a2f1b,26,Button,passed,v2.1-external-extension,,external_extension
src-c6601df1b022a1c415ca,tkj.android.homecontrol.mythmote,mythmote,https://github.com/pot8oe/mythmote,git,3ce6dc3a62ff5e65ac6ce9f9f1b752042335b2c7,app,app/src/main/res/layout/fragment_mythmote_keyboardinput.xml,26,EditText,@+id/EditTextKeyboardInput,input_label_hint,input_missing_label_and_hint,error,high,medium,true,false,输入框缺少稳定标签或 hint。请添加 android:hint，或使用 TextView android:labelFor 关联标签。,"{""id"": ""@+id/EditTextKeyboardInput"", ""inputType"": ""text"", ""layout_height"": ""wrap_content"", ""layout_margin"": ""1dp"", ""layout_width"": ""match_parent""}","{""id"": {""raw"": ""@+id/EditTextKeyboardInput"", ""status"": ""resolved"", ""value"": [""app/src/main/res/layout/fragment_mythmote_keyboardinput.xml""]}, ""inputType"": {""raw"": ""text"", ""status"": ""literal"", ""value"": ""text""}, ""layout_height"": {""raw"": ""wrap_content"", ""status"": ""literal"", ""value"": ""wrap_content""}, ""layout_margin"": {""raw"": ""1dp"", ""status"": ""literal"", ""value"": ""1dp""}, ""layout_width"": {""raw"": ""match_parent"", ""status"": ""literal"", ""value"": ""match_parent""}}","{""included_by"": [], ""is_merge_layout"": false, ""root_tag"": ""LinearLayout"", ""selector_ancestors"": [""LinearLayout[1]""]}",fragment_mythmote_keyboardinput,existing_local,natural_source_issue,367853ee45683d2a408e6ef1de52790186031ba42f3ae89d3d0b1c26d022f591,pending,included,external_test,,formal_scan_162,xml_safe,false,error,high,true,false,${FDROID_ROOT}/selected_xml_apps/mythmote,app/src/main/res/layout/fragment_mythmote_keyboardinput.xml,793efacfda46642cc889f893a7da950de3557ddc05d955abcdbeec2bcf71ad15,793efacfda46642cc889f893a7da950de3557ddc05d955abcdbeec2bcf71ad15,26,EditText,passed,v2.1-external-extension,,external_extension
src-8ac9bf8928102fe419dc,tkj.android.homecontrol.mythmote,mythmote,https://github.com/pot8oe/mythmote,git,3ce6dc3a62ff5e65ac6ce9f9f1b752042335b2c7,app,app/src/main/res/layout/dialog_rename.xml,32,EditText,@+id/name,input_label_hint,input_missing_label_and_hint,error,high,medium,true,false,输入框缺少稳定标签或 hint。请添加 android:hint，或使用 TextView android:labelFor 关联标签。,"{""autoText"": ""false"", ""capitalize"": ""none"", ""gravity"": ""fill_horizontal"", ""id"": ""@+id/name"", ""layout_height"": ""wrap_content"", ""layout_width"": ""match_parent"", ""scrollHorizontally"": ""true"", ""textAppearance"": ""?android:attr/textAppearanceMedium""}","{""autoText"": {""raw"": ""false"", ""status"": ""literal"", ""value"": ""false""}, ""capitalize"": {""raw"": ""none"", ""status"": ""literal"", ""value"": ""none""}, ""gravity"": {""raw"": ""fill_horizontal"", ""status"": ""literal"", ""value"": ""fill_horizontal""}, ""id"": {""raw"": ""@+id/name"", ""status"": ""resolved"", ""value"": [""app/src/main/res/layout/dialog_rename.xml""]}, ""layout_height"": {""raw"": ""wrap_content"", ""status"": ""literal"", ""value"": ""wrap_content""}, ""layout_width"": {""raw"": ""match_parent"", ""status"": ""literal"", ""value"": ""match_parent""}, ""scrollHorizontally"": {""raw"": ""true"", ""status"": ""literal"", ""value"": ""true""}, ""textAppearance"": {""raw"": ""?android:attr/textAppearanceMedium"", ""status"": ""literal"", ""value"": ""?android:attr/textAppearanceMedium""}}","{""included_by"": [], ""is_merge_layout"": false, ""root_tag"": ""LinearLayout"", ""selector_ancestors"": [""LinearLayout[1]""]}",dialog_rename,existing_local,natural_source_issue,22ff4f41544af7160711d36accdbae6efbe67dc55fd1fc4424a3719a8f36b17a,pending,included,external_test,,formal_scan_162,xml_safe,false,error,high,true,false,${FDROID_ROOT}/selected_xml_apps/mythmote,app/src/main/res/layout/dialog_rename.xml,ea4feb4a3f7078dfa3c9e7edba8406e132f9ee3094271eba57cf2157639f9128,ea4feb4a3f7078dfa3c9e7edba8406e132f9ee3094271eba57cf2157639f9128,32,EditText,passed,v2.1-external-extension,,external_extension
src-54a04fa5357dd24a3f11,tkj.android.homecontrol.mythmote,mythmote,https://github.com/pot8oe/mythmote,git,3ce6dc3a62ff5e65ac6ce9f9f1b752042335b2c7,app,app/src/main/res/layout-land/fragment_mythmote_interactivetv.xml,16,AutoRepeatImageButton,@+id/ButtonGreen,accessible_name_missing,image_button_missing_name,error,high,easy,true,false,交互控件缺少可访问名称。请使用 text、contentDescription、hint 或把现有可见 TextView 通过 labelFor 与控件关联。,"{""id"": ""@+id/ButtonGreen"", ""layout_height"": ""match_parent"", ""layout_margin"": ""0.5dip"", ""layout_weight"": ""10"", ""layout_width"": ""match_parent"", ""src"": ""@drawable/green""}","{""id"": {""raw"": ""@+id/ButtonGreen"", ""status"": ""resolved"", ""value"": [""app/src/main/res/layout/fragment_mythmote_interactivetv.xml"", ""app/src/main/res/layout-land/fragment_mythmote_interactivetv.xml""]}, ""layout_height"": {""raw"": ""match_parent"", ""status"": ""literal"", ""value"": ""match_parent""}, ""layout_margin"": {""raw"": ""0.5dip"", ""status"": ""literal"", ""value"": ""0.5dip""}, ""layout_weight"": {""raw"": ""10"", ""status"": ""literal"", ""value"": ""10""}, ""layout_width"": {""raw"": ""match_parent"", ""status"": ""literal"", ""value"": ""match_parent""}, ""src"": {""raw"": ""@drawable/green"", ""status"": ""unsupported"", ""value"": ""@drawable/green""}}","{""included_by"": [], ""is_merge_layout"": false, ""root_tag"": ""LinearLayout"", ""selector_ancestors"": [""LinearLayout[1]""]}",fragment_mythmote_interactivetv,existing_local,natural_source_issue,8d1c5cddd9076a730481e76eb0264fb9155cce8aa3599137229c7e91e7873af9,pending,included,external_test,,formal_scan_162,xml_safe,false,error,high,true,false,${FDROID_ROOT}/selected_xml_apps/mythmote,app/src/main/res/layout/fragment_mythmote_interactivetv.xml,f06d5b7b3f3b6be17414e059d78130ae829133ede2605c8ff76db9fb62e6d3a8,f06d5b7b3f3b6be17414e059d78130ae829133ede2605c8ff76db9fb62e6d3a8,16,ImageButton,passed,v2.1-external-extension,,external_extension
src-c497b8eabbf924647729,tkj.android.homecontrol.mythmote,mythmote,https://github.com/pot8oe/mythmote,git,3ce6dc3a62ff5e65ac6ce9f9f1b752042335b2c7,app,app/src/main/res/layout-land/fragment_mythmote_interactivetv.xml,24,AutoRepeatImageButton,@+id/ButtonYellow,accessible_name_missing,image_button_missing_name,error,high,easy,true,false,交互控件缺少可访问名称。请使用 text、contentDescription、hint 或把现有可见 TextView 通过 labelFor 与控件关联。,"{""id"": ""@+id/ButtonYellow"", ""layout_height"": ""match_parent"", ""layout_margin"": ""0.5dip"", ""layout_weight"": ""10"", ""layout_width"": ""match_parent"", ""src"": ""@drawable/yellow""}","{""id"": {""raw"": ""@+id/ButtonYellow"", ""status"": ""resolved"", ""value"": [""app/src/main/res/layout/fragment_mythmote_interactivetv.xml"", ""app/src/main/res/layout-land/fragment_mythmote_interactivetv.xml""]}, ""layout_height"": {""raw"": ""match_parent"", ""status"": ""literal"", ""value"": ""match_parent""}, ""layout_margin"": {""raw"": ""0.5dip"", ""status"": ""literal"", ""value"": ""0.5dip""}, ""layout_weight"": {""raw"": ""10"", ""status"": ""literal"", ""value"": ""10""}, ""layout_width"": {""raw"": ""match_parent"", ""status"": ""literal"", ""value"": ""match_parent""}, ""src"": {""raw"": ""@drawable/yellow"", ""status"": ""unsupported"", ""value"": ""@drawable/yellow""}}","{""included_by"": [], ""is_merge_layout"": false, ""root_tag"": ""LinearLayout"", ""selector_ancestors"": [""LinearLayout[1]""]}",fragment_mythmote_interactivetv,existing_local,natural_source_issue,8d1c5cddd9076a730481e76eb0264fb9155cce8aa3599137229c7e91e7873af9,pending,included,external_test,,formal_scan_162,xml_safe,false,error,high,true,false,${FDROID_ROOT}/selected_xml_apps/mythmote,app/src/main/res/layout/fragment_mythmote_interactivetv.xml,f06d5b7b3f3b6be17414e059d78130ae829133ede2605c8ff76db9fb62e6d3a8,f06d5b7b3f3b6be17414e059d78130ae829133ede2605c8ff76db9fb62e6d3a8,24,ImageButton,passed,v2.1-external-extension,,external_extension
src-6a0ba2aa16916a288223,org.glucosio.android,Glucosio,https://gitlab.com/glucosio/glucosio-android.git,git,4443f3c63a79dec63999c0bc7c83bf8c39e1236a,app,app/src/main/res/layout/activity_a1_calculator.xml,73,NotDismissableEditText,@+id/activity_converter_a1c_glucose,input_label_hint,input_missing_label_and_hint,error,high,medium,true,false,输入框缺少稳定标签或 hint。请添加 android:hint，或使用 TextView android:labelFor 关联标签。,"{""background"": ""@null"", ""focusable"": ""true"", ""fontPath"": ""fonts/lato-light.ttf"", ""gravity"": ""end"", ""id"": ""@+id/activity_converter_a1c_glucose"", ""inputType"": ""numberDecimal"", ""layout_height"": ""wrap_content"", ""layout_weight"": ""1"", ""layout_width"": ""0dp"", ""paddingTop"": ""8dp"", ""singleLine"": ""true"", ""textColor"": ""@color/glucosio_text_dark"", ""textSize"": ""52sp""}","{""background"": {""raw"": ""@null"", ""status"": ""literal"", ""value"": ""@null""}, ""focusable"": {""raw"": ""true"", ""status"": ""literal"", ""value"": ""true""}, ""fontPath"": {""raw"": ""fonts/lato-light.ttf"", ""status"": ""literal"", ""value"": ""fonts/lato-light.ttf""}, ""gravity"": {""raw"": ""end"", ""status"": ""literal"", ""value"": ""end""}, ""id"": {""raw"": ""@+id/activity_converter_a1c_glucose"", ""status"": ""resolved"", ""value"": [""app/src/main/res/layout/activity_a1_calculator.xml""]}, ""inputType"": {""raw"": ""numberDecimal"", ""status"": ""literal"", ""value"": ""numberDecimal""}, ""layout_height"": {""raw"": ""wrap_content"", ""status"": ""literal"", ""value"": ""wrap_content""}, ""layout_weight"": {""raw"": ""1"", ""status"": ""literal"", ""value"": ""1""}, ""layout_width"": {""raw"": ""0dp"", ""status"": ""literal"", ""value"": ""0dp""}, ""paddingTop"": {""raw"": ""8dp"", ""status"": ""literal"", ""value"": ""8dp""}, ""singleLine"": {""raw"": ""true"", ""status"": ""literal"", ""value"": ""true""}, ""textColor"": {""raw"": ""@color/glucosio_text_dark"", ""status"": ""unsupported"", ""value"": ""@color/glucosio_text_dark""}, ""textSize"": {""raw"": ""52sp"", ""status"": ""literal"", ""value"": ""52sp""}}","{""included_by"": [], ""is_merge_layout"": false, ""root_tag"": ""LinearLayout"", ""selector_ancestors"": [""LinearLayout[1]"", ""ScrollView[1]"", ""LinearLayout[1]"", ""LinearLayout[1]"", ""LinearLayout[1]""]}",activity_a1_calculator,existing_local,natural_source_issue,e53d3ef17bda341e42a3ff051fa6f955fdcc7f5875ce4afa373a3460023fb907,pending,included,external_test,,formal_scan_162,xml_safe,false,error,high,true,false,${FDROID_ROOT}/selected_xml_apps/Glucosio,app/src/main/res/layout/activity_a1_calculator.xml,2b713042e00040b64fcee0c1982aa7ffc1a63af1323d1c29f07174e34a5a358a,2b713042e00040b64fcee0c1982aa7ffc1a63af1323d1c29f07174e34a5a358a,73,EditText,passed,v2.1-external-extension,,external_extension
src-97e9f0b1fb61a2bc257b,org.glucosio.android,Glucosio,https://gitlab.com/glucosio/glucosio-android.git,git,4443f3c63a79dec63999c0bc7c83bf8c39e1236a,app,app/src/main/res/layout/fragment_history.xml,178,RecyclerView,@+id/fragment_history_recycler_view,accessible_name_missing,interactive_control_missing_name,error,high,easy,true,false,交互控件缺少可访问名称。请使用 text、contentDescription、hint 或把现有可见 TextView 通过 labelFor 与控件关联。,"{""clickable"": ""true"", ""context"": ""org.glucosio.android.fragment.HistoryFragment"", ""focusable"": ""true"", ""id"": ""@+id/fragment_history_recycler_view"", ""layout_behavior"": ""@string/appbar_scrolling_view_behavior"", ""layout_height"": ""wrap_content"", ""layout_width"": ""fill_parent"", ""orientation"": ""vertical"", ""paddingBottom"": ""32dp"", ""scrollbars"": ""vertical""}","{""clickable"": {""raw"": ""true"", ""status"": ""literal"", ""value"": ""true""}, ""context"": {""raw"": ""org.glucosio.android.fragment.HistoryFragment"", ""status"": ""literal"", ""value"": ""org.glucosio.android.fragment.HistoryFragment""}, ""focusable"": {""raw"": ""true"", ""status"": ""literal"", ""value"": ""true""}, ""id"": {""raw"": ""@+id/fragment_history_recycler_view"", ""status"": ""resolved"", ""value"": [""app/src/main/res/layout/fragment_history.xml""]}, ""layout_behavior"": {""raw"": ""@string/appbar_scrolling_view_behavior"", ""status"": ""unresolved"", ""value"": ""appbar_scrolling_view_behavior""}, ""layout_height"": {""raw"": ""wrap_content"", ""status"": ""literal"", ""value"": ""wrap_content""}, ""layout_width"": {""raw"": ""fill_parent"", ""status"": ""literal"", ""value"": ""fill_parent""}, ""orientation"": {""raw"": ""vertical"", ""status"": ""literal"", ""value"": ""vertical""}, ""paddingBottom"": {""raw"": ""32dp"", ""status"": ""literal"", ""value"": ""32dp""}, ""scrollbars"": {""raw"": ""vertical"", ""status"": ""literal"", ""value"": ""vertical""}}","{""included_by"": [], ""is_merge_layout"": false, ""root_tag"": ""RelativeLayout"", ""selector_ancestors"": [""RelativeLayout[1]"", ""LinearLayout[1]""]}",fragment_history,existing_local,natural_source_issue,03350890efd8af18a0fdea0684617d4b2364befe6789ba1b779aec9ab17c2c25,pending,included,external_test,,formal_scan_162,xml_safe,false,error,high,true,false,${FDROID_ROOT}/selected_xml_apps/Glucosio,app/src/main/res/layout/fragment_history.xml,290e789f0ffeab5dfad61ece8ec1cc132428f24a5099a5fc6d80354b93474040,290e789f0ffeab5dfad61ece8ec1cc132428f24a5099a5fc6d80354b93474040,178,RecyclerView,passed,v2.1-external-extension,,external_extension
src-15dcbf378a83c4358cd0,org.glucosio.android,Glucosio,https://gitlab.com/glucosio/glucosio-android.git,git,4443f3c63a79dec63999c0bc7c83bf8c39e1236a,app,app/src/main/res/layout/fragment_assistant.xml,75,RecyclerView,@+id/fragment_tips_recyclerview,accessible_name_missing,interactive_control_missing_name,error,high,easy,true,false,交互控件缺少可访问名称。请使用 text、contentDescription、hint 或把现有可见 TextView 通过 labelFor 与控件关联。,"{""clickable"": ""true"", ""context"": ""org.glucosio.android.fragment.AssistantFragment"", ""focusable"": ""true"", ""foreground"": ""?android:attr/selectableItemBackground"", ""id"": ""@+id/fragment_tips_recyclerview"", ""layout_behavior"": ""@string/appbar_scrolling_view_behavior"", ""layout_below"": ""@id/fragment_assistant_archived_dismiss"", ""layout_height"": ""wrap_content"", ""layout_width"": ""match_parent"", ""paddingBottom"": ""52dp""}","{""clickable"": {""raw"": ""true"", ""status"": ""literal"", ""value"": ""true""}, ""context"": {""raw"": ""org.glucosio.android.fragment.AssistantFragment"", ""status"": ""literal"", ""value"": ""org.glucosio.android.fragment.AssistantFragment""}, ""focusable"": {""raw"": ""true"", ""status"": ""literal"", ""value"": ""true""}, ""foreground"": {""raw"": ""?android:attr/selectableItemBackground"", ""status"": ""literal"", ""value"": ""?android:attr/selectableItemBackground""}, ""id"": {""raw"": ""@+id/fragment_tips_recyclerview"", ""status"": ""resolved"", ""value"": [""app/src/main/res/layout/fragment_assistant.xml""]}, ""layout_behavior"": {""raw"": ""@string/appbar_scrolling_view_behavior"", ""status"": ""unresolved"", ""value"": ""appbar_scrolling_view_behavior""}, ""layout_below"": {""raw"": ""@id/fragment_assistant_archived_dismiss"", ""status"": ""resolved"", ""value"": [""app/src/main/res/layout/fragment_assistant.xml""]}, ""layout_height"": {""raw"": ""wrap_content"", ""status"": ""literal"", ""value"": ""wrap_content""}, ""layout_width"": {""raw"": ""match_parent"", ""status"": ""literal"", ""value"": ""match_parent""}, ""paddingBottom"": {""raw"": ""52dp"", ""status"": ""literal"", ""value"": ""52dp""}}","{""included_by"": [], ""is_merge_layout"": false, ""root_tag"": ""RelativeLayout"", ""selector_ancestors"": [""RelativeLayout[1]""]}",fragment_assistant,existing_local,natural_source_issue,ca89dc68085de5dbff9ff27de30123f59a46b6a1c72218cee8553d39f74271dc,pending,included,external_test,,formal_scan_162,xml_safe,false,error,high,true,false,${FDROID_ROOT}/selected_xml_apps/Glucosio,app/src/main/res/layout/fragment_assistant.xml,4ede78eb3ff9eec3b66db3f57cddec3a25ccee51d74560cf1fd9f494711f091b,4ede78eb3ff9eec3b66db3f57cddec3a25ccee51d74560cf1fd9f494711f091b,75,RecyclerView,passed,v2.1-external-extension,,external_extension
src-1a49f951d18cab117df9,krasilnikov.alexey.cryptopass,CryptoPass,https://bitbucket.org/zeac/cryptopass.git,git,326e5edb072c6006e245fa84a514d11b78cb3c4a,app,app/src/main/res/layout/main.xml,41,SeekBar,@+id/lengthSeek,stateful_dynamic_value,stateful_control_missing_label,error,high,medium,true,false,交互控件缺少可访问名称。请使用 text、contentDescription、hint 或把现有可见 TextView 通过 labelFor 与控件关联。,"{""id"": ""@+id/lengthSeek"", ""layout_height"": ""wrap_content"", ""layout_weight"": ""1"", ""layout_width"": ""0dp"", ""max"": ""24"", ""progress"": ""17""}","{""id"": {""raw"": ""@+id/lengthSeek"", ""status"": ""resolved"", ""value"": [""app/src/main/res/layout/main.xml""]}, ""layout_height"": {""raw"": ""wrap_content"", ""status"": ""literal"", ""value"": ""wrap_content""}, ""layout_weight"": {""raw"": ""1"", ""status"": ""literal"", ""value"": ""1""}, ""layout_width"": {""raw"": ""0dp"", ""status"": ""literal"", ""value"": ""0dp""}, ""max"": {""raw"": ""24"", ""status"": ""literal"", ""value"": ""24""}, ""progress"": {""raw"": ""17"", ""status"": ""literal"", ""value"": ""17""}}","{""included_by"": [], ""is_merge_layout"": false, ""root_tag"": ""LinearLayout"", ""selector_ancestors"": [""LinearLayout[1]"", ""LinearLayout[1]""]}",main,existing_local,natural_source_issue,d4ccceb3f061cade8393e78540eb637e9f8d599bcbeddf53974699c8378a8e21,pending,included,external_test,,formal_scan_162,xml_safe,false,error,high,true,false,${FDROID_ROOT}/selected_xml_apps/CryptoPass,app/src/main/res/layout/main.xml,a831a4cc2db17b944cb5114f23b275036a4414d09ca8cfcc42e8672d11fd4aa4,a831a4cc2db17b944cb5114f23b275036a4414d09ca8cfcc42e8672d11fd4aa4,41,SelectionControl,passed,v2.1-external-extension,,external_extension
src-ad9cae65196a340dd185,krasilnikov.alexey.cryptopass,CryptoPass,https://bitbucket.org/zeac/cryptopass.git,git,326e5edb072c6006e245fa84a514d11b78cb3c4a,app,app/src/main/res/layout-v21/bookmarks.xml,8,FloatingActionButton,@+id/plus,accessible_name_missing,button_missing_name,error,high,easy,true,false,交互控件缺少可访问名称。请使用 text、contentDescription、hint 或把现有可见 TextView 通过 labelFor 与控件关联。,"{""background"": ""@drawable/btn_add_background"", ""elevation"": ""8dp"", ""id"": ""@+id/plus"", ""layout_gravity"": ""bottom|end"", ""layout_height"": ""56dp"", ""layout_marginBottom"": ""16dp"", ""layout_marginEnd"": ""16dp"", ""layout_width"": ""56dp"", ""scaleType"": ""center"", ""src"": ""@drawable/ic_add_white_36dp""}","{""background"": {""raw"": ""@drawable/btn_add_background"", ""status"": ""unsupported"", ""value"": ""@drawable/btn_add_background""}, ""elevation"": {""raw"": ""8dp"", ""status"": ""literal"", ""value"": ""8dp""}, ""id"": {""raw"": ""@+id/plus"", ""status"": ""resolved"", ""value"": [""app/src/main/res/layout-v21/bookmarks.xml""]}, ""layout_gravity"": {""raw"": ""bottom|end"", ""status"": ""literal"", ""value"": ""bottom|end""}, ""layout_height"": {""raw"": ""56dp"", ""status"": ""literal"", ""value"": ""56dp""}, ""layout_marginBottom"": {""raw"": ""16dp"", ""status"": ""literal"", ""value"": ""16dp""}, ""layout_marginEnd"": {""raw"": ""16dp"", ""status"": ""literal"", ""value"": ""16dp""}, ""layout_width"": {""raw"": ""56dp"", ""status"": ""literal"", ""value"": ""56dp""}, ""scaleType"": {""raw"": ""center"", ""status"": ""literal"", ""value"": ""center""}, ""src"": {""raw"": ""@drawable/ic_add_white_36dp"", ""status"": ""unsupported"", ""value"": ""@drawable/ic_add_white_36dp""}}","{""included_by"": [], ""is_merge_layout"": false, ""root_tag"": ""FrameLayout"", ""selector_ancestors"": [""FrameLayout[1]""]}",bookmarks,existing_local,natural_source_issue,fa8d8191e7c9d37480e8fbd8cdd44f875639c412b56c76f761c5416a7ce91a60,pending,included,external_test,,formal_scan_162,xml_safe,false,error,high,true,false,${FDROID_ROOT}/selected_xml_apps/CryptoPass,app/src/main/res/layout/bookmarks.xml,49446ccc133584012ee6c6e77ff79ed20e82f11e9d6254216650692e0448d740,49446ccc133584012ee6c6e77ff79ed20e82f11e9d6254216650692e0448d740,8,Button,passed,v2.1-external-extension,,external_extension
src-baa9976c087180f60de6,com.dynamite.heaterrc,HeaterRC,https://github.com/dynamitetuning/com.dynamite.heaterrc,git,735b0d1c21fed53ed46c712e196af652a266f3f8,app,app/src/main/res/layout/gpstracker.xml,44,EditText,@+id/phonenumberGPS,input_label_hint,weak_input_label_or_hint,error,high,hard,true,false,输入框的可访问名称 '0' 过于泛化或只是格式示例；XML 中存在可识别字段用途的稳定证据：'@+id/phonenumberGPS phone'。,"{""ems"": ""10"", ""hint"": ""@string/cfg_phonenumber"", ""id"": ""@+id/phonenumberGPS"", ""ignore"": ""Autofill"", ""inputType"": ""phone"", ""layout_height"": ""35dp"", ""layout_width"": ""match_parent"", ""textSize"": ""12sp""}","{""ems"": {""raw"": ""10"", ""status"": ""literal"", ""value"": ""10""}, ""hint"": {""raw"": ""@string/cfg_phonenumber"", ""status"": ""resolved"", ""value"": ""0""}, ""id"": {""raw"": ""@+id/phonenumberGPS"", ""status"": ""resolved"", ""value"": [""app/src/main/res/layout/gpstracker.xml""]}, ""ignore"": {""raw"": ""Autofill"", ""status"": ""literal"", ""value"": ""Autofill""}, ""inputType"": {""raw"": ""phone"", ""status"": ""literal"", ""value"": ""phone""}, ""layout_height"": {""raw"": ""35dp"", ""status"": ""literal"", ""value"": ""35dp""}, ""layout_width"": {""raw"": ""match_parent"", ""status"": ""literal"", ""value"": ""match_parent""}, ""textSize"": {""raw"": ""12sp"", ""status"": ""literal"", ""value"": ""12sp""}}","{""included_by"": [], ""is_merge_layout"": false, ""root_tag"": ""RelativeLayout"", ""selector_ancestors"": [""RelativeLayout[1]"", ""LinearLayout[2]""]}",gpstracker,existing_local,natural_source_issue,327d88bfec801249041d89446d447c7b80b2a72c9ab2df91a5e21015255b6de1,pending,included,external_test,,formal_scan_162,xml_safe,false,error,high,true,false,${FDROID_ROOT}/selected_xml_apps/HeaterRC,app/src/main/res/layout/gpstracker.xml,1dd77740112b671d9745e97a884abede574c42c17cbd6e7ee110f620439f1906,1dd77740112b671d9745e97a884abede574c42c17cbd6e7ee110f620439f1906,44,EditText,passed,v2.1-external-extension,,external_extension
src-6a33c915bdc2d04920b5,com.dynamite.heaterrc,HeaterRC,https://github.com/dynamitetuning/com.dynamite.heaterrc,git,735b0d1c21fed53ed46c712e196af652a266f3f8,app,app/src/main/res/layout/program.xml,24,Button,@+id/btnhelpsched,accessible_name_missing,button_missing_name,error,high,easy,true,false,交互控件缺少可访问名称。请使用 text、contentDescription、hint 或把现有可见 TextView 通过 labelFor 与控件关联。,"{""background"": ""@drawable/ic_help"", ""id"": ""@+id/btnhelpsched"", ""layout_alignParentRight"": ""true"", ""layout_below"": ""@id/spinner1"", ""layout_height"": ""wrap_content"", ""layout_width"": ""wrap_content""}","{""background"": {""raw"": ""@drawable/ic_help"", ""status"": ""unsupported"", ""value"": ""@drawable/ic_help""}, ""id"": {""raw"": ""@+id/btnhelpsched"", ""status"": ""resolved"", ""value"": [""app/src/main/res/layout/program.xml""]}, ""layout_alignParentRight"": {""raw"": ""true"", ""status"": ""literal"", ""value"": ""true""}, ""layout_below"": {""raw"": ""@id/spinner1"", ""status"": ""resolved"", ""value"": [""app/src/main/res/layout/program.xml""]}, ""layout_height"": {""raw"": ""wrap_content"", ""status"": ""literal"", ""value"": ""wrap_content""}, ""layout_width"": {""raw"": ""wrap_content"", ""status"": ""literal"", ""value"": ""wrap_content""}}","{""included_by"": [], ""is_merge_layout"": false, ""root_tag"": ""RelativeLayout"", ""selector_ancestors"": [""RelativeLayout[1]""]}",program,existing_local,natural_source_issue,48e67ea534366ed7a3cb6da86af6d148105e1f2ef120814874833c914a2cdef7,pending,included,external_test,,formal_scan_162,xml_safe,false,error,high,true,false,${FDROID_ROOT}/selected_xml_apps/HeaterRC,app/src/main/res/layout/program.xml,ddc2d82841022f6ac7dae0e6b2a8232d5cc0df10d2274ed9b0c900071ffcb0ae,ddc2d82841022f6ac7dae0e6b2a8232d5cc0df10d2274ed9b0c900071ffcb0ae,24,Button,passed,v2.1-external-extension,,external_extension
